#VRML V2.0 utf8
# 3D model generated by easyeda2kicad.py (https://github.com/uPesy/easyeda2kicad.py)

Shape{
    appearance Appearance {
        material  Material 	{
            diffuseColor 0.6666666666666666 0.6980392156862745 0.7686274509803922
            specularColor 0.3333333333333333 0.34901960784313724 0.3843137254901961
            ambientIntensity 0.2
            transparency 0
            shininess 0.5
        }
    }
    geometry IndexedFaceSet {
        ccw TRUE
        solid FALSE
        coord DEF co Coordinate {
            point [
                -0.6949 0.7225 -0.0079, -0.6824 0.7269 -0.0079, -0.7283 0.6693 -0.0079, -0.7283 -0.6693 -0.0079, -0.7283 0.1836 -0.0079, -0.0694 0.1836 -0.0079, -0.7269 -0.6824 -0.0079, -0.6824 -0.7269 -0.0079, -0.6949 -0.7225 -0.0079, -0.7061 -0.7155 -0.0079, -0.7155 -0.7061 -0.0079, -0.7225 -0.6949 -0.0079, 0.1347 0.1836 -0.0079, 0.1427 0.1825 -0.0079, -0.0694 -0.7283 -0.0079, 0.148 0.1824 -0.0079, 0.1596 0.1836 -0.0079, 0.6824 -0.7269 -0.0079, 0.6693 -0.7283 -0.0079, 0.7225 -0.6949 -0.0079, 0.7155 -0.7061 -0.0079, 0.7061 -0.7155 -0.0079, 0.6949 -0.7225 -0.0079, -0.0502 0.2064 -0.0079, -0.0502 0.1848 -0.0079, 0.0555 0.1848 -0.0079, -0.0694 0.7283 -0.0079, -0.0454 0.36 -0.0079, -0.0454 0.3816 -0.0079, 0.0939 0.195 -0.0079, 0.0939 0.2166 -0.0079, 0.0555 0.3816 -0.0079, 0.1149 0.1864 -0.0079, -0.6693 -0.7283 -0.0079, 0.0291 0.2736 -0.0079, 0.0291 0.2064 -0.0079, -0.0406 0.2736 -0.0079, -0.0406 0.2952 -0.0079, 0.0291 0.2952 -0.0079, 0.0291 0.36 -0.0079, 0.1914 0.1915 -0.0079, 0.2571 0.1848 -0.0079, 0.1723 0.1849 -0.0079, 0.3315 0.3816 -0.0079, 0.3579 0.3816 -0.0079, 0.6693 0.7283 -0.0079, 0.6824 0.7269 -0.0079, 0.6949 0.7225 -0.0079, 0.3579 0.1848 -0.0079, 0.0939 0.3762 -0.0079, 0.0939 0.3498 -0.0079, 0.1594 0.3603 -0.0079, 0.1741 0.3549 -0.0079, 0.0974 0.2147 -0.0079, 0.1877 0.3458 -0.0079, 0.1996 0.3327 -0.0079, 0.2139 0.2811 -0.0079, 0.2119 0.2598 -0.0079, 0.2066 0.2429 -0.0079, 0.1628 0.2061 -0.0079, 0.1444 0.204 -0.0079, 0.1771 0.2113 -0.0079, 0.1892 0.2195 -0.0079, 0.1984 0.2292 -0.0079, 0.1183 0.2069 -0.0079, 0.7061 0.7155 -0.0079, 0.7155 0.7061 -0.0079, 0.7225 0.6949 -0.0079, 0.116 0.3593 -0.0079, 0.14 0.3624 -0.0079, 0.2077 0.3175 -0.0079, 0.213 0.2964 -0.0079, 0.7269 0.6824 -0.0079, 0.7283 0.6693 -0.0079, 0.7283 0.1836 -0.0079, 0.2072 0.2016 -0.0079, 0.222 0.2172 -0.0079, 0.2571 0.2064 -0.0079, 0.2325 0.2359 -0.0079, 0.3315 0.2064 -0.0079, 0.2299 0.3299 -0.0079, 0.2183 0.3483 -0.0079, 0.2005 0.3654 -0.0079, 0.1818 0.3761 -0.0079, 0.1599 0.3825 -0.0079, 0.7283 -0.6693 -0.0079, 0.7269 -0.6824 -0.0079, 0.2384 0.2567 -0.0079, 0.2403 0.2795 -0.0079, 0.2375 0.3075 -0.0079, 0.1402 0.384 -0.0079, 0.1166 0.3824 -0.0079, -0.3903 0.24 -0.0079, -0.309 0.24 -0.0079, -0.4103 0.1848 -0.0079, -0.2902 0.1848 -0.0079, -0.2372 0.2388 -0.0079, -0.2259 0.2211 -0.0079, -0.2614 0.1848 -0.0079, -0.2097 0.2056 -0.0079, -0.1891 0.1937 -0.0079, -0.3358 0.3816 -0.0079, -0.6693 0.7283 -0.0079, -0.3622 0.3816 -0.0079, -0.0886 0.3816 -0.0079, -0.1441 0.3816 -0.0079, -0.2173 0.3559 -0.0079, -0.2312 0.3405 -0.0079, -0.2403 0.3235 -0.0079, -0.1726 0.3786 -0.0079, -0.1956 0.3705 -0.0079, -0.217 0.3562 -0.0079, -0.7283 0.6363 -0.0079, -0.7269 0.6824 -0.0079, -0.7225 0.6949 -0.0079, -0.7155 0.7061 -0.0079, -0.1665 0.1869 -0.0079, -0.1421 0.1848 -0.0079, -0.0886 0.1848 -0.0079, -0.2456 0.3041 -0.0079, -0.247 0.2857 -0.0079, -0.2443 0.2594 -0.0079, -0.7283 0.5098 -0.0079, -0.712 0.5119 -0.0079, -0.6672 0.5567 -0.0079, -0.6651 0.573 -0.0079, -0.6672 0.5894 -0.0079, -0.6735 0.6047 -0.0079, -0.6836 0.6178 -0.0079, -0.6967 0.6278 -0.0079, -0.712 0.6341 -0.0079, -0.7061 0.7155 -0.0079, -0.4391 0.1848 -0.0079, -0.6967 0.5182 -0.0079, -0.6836 0.5283 -0.0079, -0.6735 0.5414 -0.0079, -0.7283 0.5098 -0.0, -0.7283 -0.6693 -0.0, -0.7283 -0.6693 -0.0
            ]
        }
        coordIndex [
            0,1,2,-1,3,4,5,-1,6,3,7,-1,8,9,10,-1,8,10,7,-1,7,10,11,-1,7,11,6,-1,12,13,14,-1,14,13,15,-1,14,15,16,-1,17,18,19,-1,20,21,19,-1,19,21,22,-1,19,22,17,-1,23,24,5,-1,5,24,25,-1,23,26,27,-1,27,26,28,-1,29,25,30,-1,30,25,31,-1,29,32,25,-1,25,32,12,-1,25,12,5,-1,5,12,14,-1,5,14,3,-1,3,14,33,-1,3,33,7,-1,34,35,36,-1,36,35,23,-1,36,23,37,-1,37,23,27,-1,37,27,38,-1,38,27,39,-1,40,41,42,-1,42,41,16,-1,43,26,44,-1,44,26,45,-1,45,46,44,-1,44,46,47,-1,44,47,48,-1,26,49,50,-1,51,52,53,-1,53,52,54,-1,53,54,55,-1,56,57,53,-1,53,57,58,-1,59,60,61,-1,61,60,62,-1,58,63,53,-1,53,63,62,-1,53,62,64,-1,64,62,60,-1,47,65,48,-1,48,65,66,-1,48,66,67,-1,28,26,31,-1,31,26,50,-1,31,50,30,-1,30,50,68,-1,30,68,53,-1,53,68,69,-1,53,69,51,-1,55,70,53,-1,53,70,71,-1,53,71,56,-1,67,72,48,-1,48,72,73,-1,48,73,74,-1,40,75,41,-1,41,75,76,-1,41,76,77,-1,77,76,78,-1,77,78,79,-1,80,81,43,-1,43,81,82,-1,43,82,26,-1,26,82,83,-1,26,83,84,-1,41,48,16,-1,16,48,74,-1,16,74,14,-1,14,74,85,-1,14,85,18,-1,18,85,86,-1,18,86,19,-1,78,87,79,-1,79,87,88,-1,79,88,43,-1,43,88,89,-1,43,89,80,-1,84,90,26,-1,26,90,91,-1,26,91,49,-1,92,93,94,-1,94,93,95,-1,96,97,98,-1,98,97,99,-1,98,99,100,-1,26,101,102,-1,102,101,103,-1,23,5,26,-1,26,5,104,-1,26,104,105,-1,106,107,101,-1,101,107,108,-1,105,109,26,-1,26,109,110,-1,26,110,101,-1,101,110,111,-1,101,111,106,-1,2,1,112,-1,113,114,115,-1,100,116,98,-1,98,116,117,-1,98,117,5,-1,5,117,118,-1,5,118,104,-1,108,119,101,-1,101,119,120,-1,101,120,98,-1,98,120,121,-1,98,121,96,-1,4,122,123,-1,124,125,103,-1,103,125,126,-1,103,126,102,-1,102,126,127,-1,127,128,102,-1,102,128,129,-1,102,129,1,-1,1,129,130,-1,1,130,112,-1,113,115,2,-1,2,115,131,-1,2,131,0,-1,123,132,4,-1,4,132,94,-1,4,94,5,-1,5,94,95,-1,5,95,98,-1,123,133,132,-1,132,133,134,-1,132,134,103,-1,103,134,135,-1,103,135,124,-1,122,3,136,-1,136,3,137,-1,
        ]
    }
}
Shape{
    appearance Appearance {
        material  Material 	{
            diffuseColor 0.2235294117647059 0.2235294117647059 0.2235294117647059
            specularColor 0.11372549019607843 0.11372549019607843 0.11372549019607843
            ambientIntensity 0.2
            transparency 0
            shininess 0.5
        }
    }
    geometry IndexedFaceSet {
        ccw TRUE
        solid FALSE
        coord DEF co Coordinate {
            point [
                0.9843 -0.748 0.0787, 0.9843 -0.748 0.0, 0.9843 -0.7382 0.0, 0.9843 -0.6398 0.0, 0.9843 -0.5413 0.0, 0.9843 -0.6398 0.0709, 0.9843 -0.5413 0.0709, 0.9843 -0.0492 0.0709, 0.9843 -0.0492 0.0, 0.9843 0.0492 0.0, 0.9843 0.0492 0.0709, 0.9843 0.1476 0.0709, 0.9843 0.748 0.0787, 0.9843 -0.7382 0.0709, 0.9843 -0.4429 0.0709, 0.9843 0.3445 0.0709, 0.9843 0.3445 0.0, 0.9843 0.4429 0.0, 0.9843 0.4429 0.0709, 0.9843 0.5413 0.0709, 0.9843 -0.4429 0.0, 0.9843 -0.3445 0.0, 0.9843 -0.3445 0.0709, 0.9843 -0.2461 0.0709, 0.9843 0.2461 0.0709, 0.9843 0.2461 0.0, 0.9843 0.1476 0.0, 0.9843 -0.2461 0.0, 0.9843 -0.1476 0.0, 0.9843 -0.1476 0.0709, 0.9843 0.7382 0.0, 0.9843 0.748 0.0, 0.9843 0.7382 0.0709, 0.9843 0.6398 0.0709, 0.9843 0.6398 0.0, 0.9843 0.5413 0.0, 0.748 0.9843 0.0787, 0.748 0.9843 0.0, 0.7382 0.9843 0.0, 0.6398 0.9843 0.0, 0.5413 0.9843 0.0, 0.6398 0.9843 0.0709, 0.5413 0.9843 0.0709, 0.0492 0.9843 0.0709, 0.0492 0.9843 0.0, -0.0492 0.9843 0.0, -0.4429 0.9843 0.0709, -0.5413 0.9843 0.0709, -0.748 0.9843 0.0787, -0.3445 0.9843 0.0709, -0.3445 0.9843 0.0, -0.4429 0.9843 0.0, -0.0492 0.9843 0.0709, -0.1476 0.9843 0.0709, -0.2461 0.9843 0.0709, -0.2461 0.9843 0.0, -0.1476 0.9843 0.0, -0.7382 0.9843 0.0, -0.748 0.9843 0.0, -0.7382 0.9843 0.0709, -0.6398 0.9843 0.0709, -0.6398 0.9843 0.0, -0.5413 0.9843 0.0, 0.7382 0.9843 0.0709, 0.4429 0.9843 0.0709, 0.4429 0.9843 0.0, 0.3445 0.9843 0.0, 0.3445 0.9843 0.0709, 0.2461 0.9843 0.0709, 0.2461 0.9843 0.0, 0.1476 0.9843 0.0, 0.1476 0.9843 0.0709, -0.9843 0.748 0.0787, -0.9843 0.748 0.0, -0.9843 0.7382 0.0, -0.9843 0.6398 0.0, -0.9843 0.5413 0.0, -0.9843 0.6398 0.0709, -0.9843 0.5413 0.0709, -0.9843 0.0492 0.0709, -0.9843 0.0492 0.0, -0.9843 -0.0492 0.0, -0.9843 -0.0492 0.0709, -0.9843 -0.1476 0.0709, -0.9843 -0.748 0.0787, -0.9843 0.7382 0.0709, -0.9843 0.4429 0.0709, -0.9843 -0.3445 0.0709, -0.9843 -0.3445 0.0, -0.9843 -0.4429 0.0, -0.9843 -0.4429 0.0709, -0.9843 -0.5413 0.0709, -0.9843 0.4429 0.0, -0.9843 0.3445 0.0, -0.9843 0.3445 0.0709, -0.9843 0.2461 0.0709, -0.9843 -0.2461 0.0709, -0.9843 -0.2461 0.0, -0.9843 -0.1476 0.0, -0.9843 0.2461 0.0, -0.9843 0.1476 0.0, -0.9843 0.1476 0.0709, -0.9843 -0.7382 0.0, -0.9843 -0.748 0.0, -0.9843 -0.7382 0.0709, -0.9843 -0.6398 0.0709, -0.9843 -0.6398 0.0, -0.9843 -0.5413 0.0, -0.748 -0.9843 0.0787, -0.748 -0.9843 0.0, -0.7382 -0.9843 0.0, -0.0492 -0.9843 0.0709, -0.0492 -0.9843 0.0, 0.0492 -0.9843 0.0, 0.0492 -0.9843 0.0709, 0.1476 -0.9843 0.0709, 0.748 -0.9843 0.0787, -0.6398 -0.9843 0.0, -0.5413 -0.9843 0.0, -0.6398 -0.9843 0.0709, -0.5413 -0.9843 0.0709, 0.4429 -0.9843 0.0709, 0.5413 -0.9843 0.0709, 0.3445 -0.9843 0.0709, 0.3445 -0.9843 0.0, 0.4429 -0.9843 0.0, 0.2461 -0.9843 0.0709, 0.2461 -0.9843 0.0, 0.1476 -0.9843 0.0, 0.7382 -0.9843 0.0, 0.748 -0.9843 0.0, 0.7382 -0.9843 0.0709, 0.6398 -0.9843 0.0709, 0.6398 -0.9843 0.0, 0.5413 -0.9843 0.0, -0.7382 -0.9843 0.0709, -0.4429 -0.9843 0.0709, -0.4429 -0.9843 0.0, -0.3445 -0.9843 0.0, -0.3445 -0.9843 0.0709, -0.2461 -0.9843 0.0709, -0.2461 -0.9843 0.0, -0.1476 -0.9843 0.0, -0.1476 -0.9843 0.0709, 0.9221 0.7255 0.0787, 0.9235 0.7229 0.0787, 0.7255 -0.9221 0.0787, 0.7229 -0.9235 0.0787, 0.9244 -0.72 0.0787, 0.9235 -0.7229 0.0787, 0.9244 0.72 0.0787, 0.9252 0.7141 0.0787, 0.9252 -0.7141 0.0787, 0.9221 -0.7255 0.0787, 0.9185 -0.7303 0.0787, 0.7303 -0.9185 0.0787, -0.7255 0.9221 0.0787, -0.7229 0.9235 0.0787, 0.72 0.9244 0.0787, 0.7229 0.9235 0.0787, -0.72 -0.9244 0.0787, -0.7229 -0.9235 0.0787, -0.7255 -0.9221 0.0787, -0.7303 -0.9185 0.0787, 0.7255 0.9221 0.0787, 0.7303 0.9185 0.0787, 0.9185 0.7303 0.0787, -0.9244 0.72 0.0787, -0.9235 0.7229 0.0787, -0.72 0.9244 0.0787, -0.7141 0.9252 0.0787, 0.7141 0.9252 0.0787, 0.72 -0.9244 0.0787, 0.7141 -0.9252 0.0787, -0.7141 -0.9252 0.0787, -0.9185 -0.7303 0.0787, -0.9221 -0.7255 0.0787, -0.9235 -0.7229 0.0787, -0.9221 0.7255 0.0787, -0.9185 0.7303 0.0787, -0.7303 0.9185 0.0787, -0.9244 -0.72 0.0787, -0.9252 -0.7141 0.0787, -0.9252 0.7141 0.0787, -0.6967 0.6278 0.0, -0.7283 0.5098 -0.0, -0.712 0.6341 0.0, -0.7283 0.6363 0.0, -0.6836 0.6178 0.0, -0.6735 0.6047 0.0, -0.6672 0.5894 0.0, -0.6651 0.573 0.0, -0.6672 0.5567 0.0, -0.6735 0.5414 0.0, -0.6836 0.5283 0.0, -0.6967 0.5182 0.0, -0.712 0.5119 0.0, 0.7283 0.6693 0.0, 0.8354 0.3177 0.0, 0.8319 0.3078 0.0, 0.8354 0.1209 0.0, 0.8319 0.1109 0.0, 0.8354 0.076 0.0, 0.841 0.067 0.0, 0.8354 -0.076 0.0, 0.8485 0.0595 0.0, 0.841 -0.067 0.0, 0.841 -0.6576 0.0, 0.8354 -0.6665 0.0, 0.8575 -0.5367 0.0, -0.7382 0.878 0.0, -0.737 0.8674 0.0, -0.7335 0.8575 0.0, 0.8485 0.1373 0.0, 0.841 0.1298 0.0, 0.8485 0.2564 0.0, 0.841 0.2639 0.0, 0.8354 0.2728 0.0, 0.8485 -0.0595 0.0, 0.8575 0.0539 0.0, 0.8674 0.0504 0.0, 0.8575 -0.2507 0.0, 0.8485 -0.2564 0.0, 0.8485 -0.1373 0.0, 0.841 -0.2639 0.0, 0.8354 -0.2728 0.0, -0.6444 0.8575 0.0, -0.5402 0.8674 0.0, -0.6501 0.8485 0.0, -0.6576 0.841 0.0, 0.8307 -0.1004 0.0, 0.8319 -0.1109 0.0, 0.8354 -0.1209 0.0, 0.841 -0.1298 0.0, 0.7283 -0.6693 0.0, 0.8319 -0.3078 0.0, 0.8354 -0.3177 0.0, -0.8485 0.7279 0.0, -0.8575 0.7335 0.0, -0.7279 0.8485 0.0, -0.8674 0.737 0.0, -0.878 0.7382 0.0, 0.3177 0.8354 0.0, 0.3267 0.841 0.0, 0.4441 0.8674 0.0, 0.3342 0.8485 0.0, 0.3398 0.8575 0.0, 0.841 0.5236 0.0, 0.8354 0.5146 0.0, 0.8575 0.6444 0.0, 0.8307 0.2972 0.0, 0.8307 0.2933 0.0, 0.8319 0.2828 0.0, 0.8575 0.2507 0.0, 0.8674 0.1465 0.0, 0.8575 0.143 0.0, 0.8307 0.1004 0.0, 0.8307 0.0965 0.0, 0.8319 0.0859 0.0, 0.8307 -0.2972 0.0, 0.8485 -0.3342 0.0, 0.8485 -0.4532 0.0, 0.841 -0.4607 0.0, 0.8575 -0.7335 0.0, -0.8674 -0.1465 0.0, -0.8575 -0.143 0.0, -0.8575 -0.2507 0.0, -0.6398 0.878 0.0, -0.8485 0.6501 0.0, -0.8575 0.5367 0.0, -0.8674 0.5402 0.0, 0.5146 0.8354 0.0, 0.5236 0.841 0.0, 0.6409 0.8674 0.0, 0.531 0.8485 0.0, 0.5367 0.8575 0.0, 0.878 0.2461 0.0, 0.878 0.0492 0.0, 0.8319 -0.0859 0.0, 0.8307 -0.0965 0.0, 0.8319 -0.2828 0.0, 0.8307 -0.2933 0.0, 0.841 -0.3267 0.0, 0.8354 -0.4697 0.0, 0.8354 -0.5146 0.0, 0.841 -0.5236 0.0, 0.8485 -0.531 0.0, 0.8674 -0.6409 0.0, 0.8575 -0.6444 0.0, 0.8485 -0.6501 0.0, 0.7382 -0.878 0.0, 0.737 -0.8674 0.0, 0.8485 -0.7279 0.0, -0.841 0.5236 0.0, -0.8485 0.531 0.0, -0.6409 0.8674 0.0, -0.5413 0.878 0.0, -0.841 0.6576 0.0, -0.8307 0.6909 0.0, -0.8319 0.7015 0.0, -0.7269 0.6824 0.0, -0.6824 0.7269 0.0, -0.6949 0.7225 0.0, -0.7015 0.8319 0.0, -0.7061 0.7155 0.0, -0.7155 0.7061 0.0, 0.3445 0.878 0.0, 0.8575 0.3398 0.0, 0.8485 0.3342 0.0, 0.8575 0.4476 0.0, 0.8674 0.2472 0.0, 0.878 0.1476 0.0, 0.878 -0.0492 0.0, 0.8674 -0.0504 0.0, 0.8575 -0.0539 0.0, 0.878 -0.1476 0.0, 0.8575 -0.3398 0.0, 0.8674 -0.4441 0.0, 0.8575 -0.4476 0.0, 0.878 -0.7382 0.0, 0.8674 -0.737 0.0, 0.6501 -0.8485 0.0, 0.6444 -0.8575 0.0, 0.5402 -0.8674 0.0, -0.5146 -0.8354 0.0, -0.5236 -0.841 0.0, -0.6398 -0.878 0.0, -0.8354 0.6665 0.0, -0.8319 0.6765 0.0, -0.7283 0.6693 0.0, -0.6909 0.8307 0.0, -0.687 0.8307 0.0, -0.6693 0.7283 0.0, -0.6765 0.8319 0.0, -0.6665 0.8354 0.0, 0.3433 0.8674 0.0, 0.4429 0.878 0.0, 0.5413 0.878 0.0, 0.4476 0.8575 0.0, 0.4532 0.8485 0.0, 0.3078 0.8319 0.0, 0.4607 0.841 0.0, 0.2972 0.8307 0.0, 0.4697 0.8354 0.0, 0.4796 0.8319 0.0, -0.143 0.8575 0.0, -0.1373 0.8485 0.0, -0.2639 0.841 0.0, 0.8674 0.3433 0.0, 0.841 0.4607 0.0, 0.8485 0.4532 0.0, 0.841 0.3267 0.0, 0.8575 -0.143 0.0, 0.8674 -0.1465 0.0, 0.8674 -0.2472 0.0, 0.878 -0.2461 0.0, 0.878 -0.3445 0.0, 0.878 -0.5413 0.0, 0.6398 -0.878 0.0, 0.5367 -0.8575 0.0, 0.531 -0.8485 0.0, 0.6693 -0.7283 0.0, 0.5236 -0.841 0.0, -0.5413 -0.878 0.0, -0.5402 -0.8674 0.0, -0.878 0.5413 0.0, -0.8354 0.7114 0.0, -0.841 0.7204 0.0, -0.7114 0.8354 0.0, 0.5402 0.8674 0.0, 0.6398 0.878 0.0, 0.6444 0.8575 0.0, 0.6501 0.8485 0.0, 0.5046 0.8319 0.0, 0.6576 0.841 0.0, 0.4941 0.8307 0.0, 0.6909 0.8307 0.0, 0.7015 0.8319 0.0, 0.8354 0.7114 0.0, 0.7114 0.8354 0.0, 0.7204 0.841 0.0, -0.5367 0.8575 0.0, -0.531 0.8485 0.0, -0.5236 0.841 0.0, -0.3342 0.8485 0.0, -0.3267 0.841 0.0, -0.1298 0.841 0.0, 0.8674 -0.3433 0.0, 0.878 -0.4429 0.0, 0.8674 -0.5402 0.0, 0.878 -0.6398 0.0, 0.7015 -0.8319 0.0, 0.6824 -0.7269 0.0, 0.7114 -0.8354 0.0, 0.6949 -0.7225 0.0, 0.6409 -0.8674 0.0, 0.5413 -0.878 0.0, 0.5146 -0.8354 0.0, 0.5046 -0.8319 0.0, 0.4941 -0.8307 0.0, 0.4902 -0.8307 0.0, 0.4796 -0.8319 0.0, -0.6693 -0.7283 0.0, -0.067 -0.841 0.0, -0.076 -0.8354 0.0, 0.0859 -0.8319 0.0, -0.2972 -0.8307 0.0, -0.3078 -0.8319 0.0, -0.6824 -0.7269 0.0, -0.531 -0.8485 0.0, -0.5367 -0.8575 0.0, -0.878 0.6398 0.0, -0.8674 0.6409 0.0, -0.8575 0.6444 0.0, -0.7225 0.6949 0.0, 0.4902 0.8307 0.0, 0.6665 0.8354 0.0, 0.6765 0.8319 0.0, 0.687 0.8307 0.0, 0.0595 0.8485 0.0, 0.067 0.841 0.0, 0.8319 0.5046 0.0, 0.8307 0.4941 0.0, 0.8354 -0.7114 0.0, 0.841 -0.7204 0.0, 0.8319 -0.4796 0.0, 0.7225 -0.6949 0.0, 0.7269 -0.6824 0.0, 0.6909 -0.8307 0.0, 0.687 -0.8307 0.0, 0.6765 -0.8319 0.0, 0.6665 -0.8354 0.0, 0.6576 -0.841 0.0, 0.1298 -0.841 0.0, 0.1209 -0.8354 0.0, 0.2828 -0.8319 0.0, -0.7114 -0.8354 0.0, -0.7204 -0.841 0.0, -0.8354 -0.7114 0.0, -0.8307 0.687 0.0, -0.7204 0.841 0.0, 0.2828 0.8319 0.0, 0.2933 0.8307 0.0, 0.7279 0.8485 0.0, 0.7335 0.8575 0.0, 0.8485 0.7279 0.0, 0.737 0.8674 0.0, 0.8575 0.7335 0.0, 0.8307 0.4902 0.0, 0.8319 0.4796 0.0, 0.8354 0.4697 0.0, 0.8319 -0.6765 0.0, 0.8307 -0.4941 0.0, 0.8319 -0.5046 0.0, -0.3342 -0.8485 0.0, -0.3398 -0.8575 0.0, -0.4441 -0.8674 0.0, -0.7279 -0.8485 0.0, -0.7335 -0.8575 0.0, -0.8485 -0.7279 0.0, -0.737 -0.8674 0.0, -0.8575 -0.7335 0.0, -0.8485 -0.6501 0.0, -0.8575 -0.6444 0.0, -0.8485 -0.531 0.0, -0.8674 -0.6409 0.0, -0.8575 -0.5367 0.0, -0.7015 -0.8319 0.0, -0.841 -0.5236 0.0, 0.878 0.7382 0.0, 0.8674 0.737 0.0, 0.7382 0.878 0.0, 0.841 0.7204 0.0, -0.5146 0.8354 0.0, -0.5046 0.8319 0.0, -0.4941 0.8307 0.0, -0.4902 0.8307 0.0, -0.4796 0.8319 0.0, -0.4697 0.8354 0.0, -0.4607 0.841 0.0, -0.4532 0.8485 0.0, -0.4476 0.8575 0.0, -0.3398 0.8575 0.0, -0.3433 0.8674 0.0, -0.3177 0.8354 0.0, -0.3078 0.8319 0.0, -0.2972 0.8307 0.0, -0.2933 0.8307 0.0, -0.2828 0.8319 0.0, -0.2728 0.8354 0.0, -0.1465 0.8674 0.0, -0.2564 0.8485 0.0, -0.2507 0.8575 0.0, 0.8485 0.6501 0.0, 0.2564 0.8485 0.0, 0.2639 0.841 0.0, 0.8674 0.5402 0.0, 0.8575 0.5367 0.0, 0.8485 0.531 0.0, 0.878 0.4429 0.0, 0.8307 -0.687 0.0, 0.8307 -0.6909 0.0, 0.8319 -0.7015 0.0, 0.7335 -0.8575 0.0, 0.7279 -0.8485 0.0, 0.7204 -0.841 0.0, 0.7061 -0.7155 0.0, 0.7155 -0.7061 0.0, 0.0539 -0.8575 0.0, -0.0504 -0.8674 0.0, 0.0595 -0.8485 0.0, 0.067 -0.841 0.0, -0.1109 -0.8319 0.0, -0.2933 -0.8307 0.0, -0.8319 0.4796 0.0, -0.8307 0.4902 0.0, -0.878 -0.7382 0.0, -0.8674 -0.737 0.0, -0.7382 -0.878 0.0, -0.8485 -0.3342 0.0, -0.841 -0.3267 0.0, -0.8354 -0.3177 0.0, -0.8319 -0.3078 0.0, -0.8319 -0.2828 0.0, -0.8354 -0.2728 0.0, -0.1209 0.8354 0.0, -0.1109 0.8319 0.0, -0.1004 0.8307 0.0, -0.0965 0.8307 0.0, -0.0859 0.8319 0.0, -0.076 0.8354 0.0, -0.067 0.841 0.0, -0.0595 0.8485 0.0, -0.0539 0.8575 0.0, 0.0539 0.8575 0.0, 0.0504 0.8674 0.0, 0.7155 0.7061 0.0, 0.7061 0.7155 0.0, 0.8674 0.4441 0.0, 0.878 0.3445 0.0, 0.8307 -0.4902 0.0, 0.4607 -0.841 0.0, 0.3177 -0.8354 0.0, 0.4697 -0.8354 0.0, 0.1465 -0.8674 0.0, 0.2639 -0.841 0.0, 0.2564 -0.8485 0.0, -0.0859 -0.8319 0.0, -0.0965 -0.8307 0.0, -0.1004 -0.8307 0.0, -0.7283 -0.6693 -0.0, -0.8485 0.0595 0.0, -0.841 0.067 0.0, -0.8307 0.4941 0.0, -0.8319 0.5046 0.0, -0.8354 0.5146 0.0, -0.8307 -0.6909 0.0, -0.8307 -0.687 0.0, -0.8307 -0.2972 0.0, -0.8307 -0.2933 0.0, -0.841 -0.2639 0.0, -0.8485 -0.2564 0.0, -0.4429 0.878 0.0, -0.2461 0.878 0.0, 0.076 0.8354 0.0, 0.0859 0.8319 0.0, 0.0965 0.8307 0.0, 0.1004 0.8307 0.0, 0.1109 0.8319 0.0, 0.1209 0.8354 0.0, 0.1298 0.841 0.0, 0.1373 0.8485 0.0, 0.143 0.8575 0.0, 0.2507 0.8575 0.0, 0.2472 0.8674 0.0, 0.6949 0.7225 0.0, 0.6824 0.7269 0.0, 0.878 0.6398 0.0, 0.3398 -0.8575 0.0, 0.3342 -0.8485 0.0, 0.4441 -0.8674 0.0, 0.3267 -0.841 0.0, 0.4476 -0.8575 0.0, 0.4532 -0.8485 0.0, 0.3078 -0.8319 0.0, 0.2972 -0.8307 0.0, 0.2933 -0.8307 0.0, 0.1109 -0.8319 0.0, 0.1004 -0.8307 0.0, 0.0965 -0.8307 0.0, 0.0492 -0.878 0.0, 0.076 -0.8354 0.0, -0.0539 -0.8575 0.0, -0.0595 -0.8485 0.0, -0.1298 -0.841 0.0, -0.1373 -0.8485 0.0, -0.2728 -0.8354 0.0, -0.143 -0.8575 0.0, -0.2639 -0.841 0.0, -0.2564 -0.8485 0.0, -0.2828 -0.8319 0.0, -0.1209 -0.8354 0.0, -0.3445 -0.878 0.0, -0.7155 -0.7061 0.0, -0.7061 -0.7155 0.0, -0.6665 -0.8354 0.0, -0.841 -0.1298 0.0, -0.8354 -0.1209 0.0, -0.8485 0.2564 0.0, -0.841 0.2639 0.0, -0.8354 0.2728 0.0, -0.8319 0.2828 0.0, -0.841 -0.7204 0.0, -0.8319 -0.7015 0.0, -0.4441 0.8674 0.0, -0.3445 0.878 0.0, -0.2472 0.8674 0.0, -0.1476 0.878 0.0, -0.0492 0.878 0.0, 0.8674 0.6409 0.0, 0.878 0.5413 0.0, 0.2728 -0.8354 0.0, 0.143 -0.8575 0.0, 0.1373 -0.8485 0.0, 0.0504 -0.8674 0.0, -0.0492 -0.878 0.0, -0.3433 -0.8674 0.0, -0.4429 -0.878 0.0, -0.4532 -0.8485 0.0, -0.4476 -0.8575 0.0, -0.3177 -0.8354 0.0, -0.3267 -0.841 0.0, -0.4607 -0.841 0.0, -0.4697 -0.8354 0.0, -0.6949 -0.7225 0.0, -0.8674 0.0504 0.0, -0.8575 0.0539 0.0, -0.8575 -0.0539 0.0, -0.8485 -0.0595 0.0, -0.841 0.4607 0.0, -0.8354 0.4697 0.0, -0.8319 -0.6765 0.0, -0.8354 -0.6665 0.0, -0.841 -0.6576 0.0, -0.878 -0.6398 0.0, -0.878 -0.5413 0.0, -0.8674 -0.5402 0.0, -0.878 -0.2461 0.0, -0.0504 0.8674 0.0, 0.0492 0.878 0.0, 0.1476 0.878 0.0, 0.8319 0.7015 0.0, 0.7269 0.6824 0.0, 0.7225 0.6949 0.0, 0.841 0.6576 0.0, 0.8354 0.6665 0.0, 0.2728 0.8354 0.0, 0.6693 0.7283 0.0, 0.4429 -0.878 0.0, 0.3445 -0.878 0.0, 0.3433 -0.8674 0.0, 0.2461 -0.878 0.0, 0.1476 -0.878 0.0, 0.2472 -0.8674 0.0, 0.2507 -0.8575 0.0, -0.5046 -0.8319 0.0, -0.6409 -0.8674 0.0, -0.6444 -0.8575 0.0, -0.8485 -0.1373 0.0, -0.8319 -0.0859 0.0, -0.8354 -0.076 0.0, -0.841 -0.067 0.0, -0.8307 -0.1004 0.0, -0.8307 -0.0965 0.0, -0.8674 0.2472 0.0, -0.8575 0.2507 0.0, -0.8575 0.143 0.0, -0.8485 0.1373 0.0, -0.841 0.3267 0.0, -0.8485 0.3342 0.0, -0.8485 0.4532 0.0, -0.8575 0.3398 0.0, -0.8575 0.4476 0.0, -0.8674 0.4441 0.0, -0.8354 -0.5146 0.0, -0.8319 -0.5046 0.0, -0.8307 -0.4941 0.0, -0.8674 -0.2472 0.0, -0.878 -0.1476 0.0, 0.1465 0.8674 0.0, 0.2461 0.878 0.0, -0.1476 -0.878 0.0, -0.2461 -0.878 0.0, -0.1465 -0.8674 0.0, -0.2472 -0.8674 0.0, -0.2507 -0.8575 0.0, -0.8319 0.1109 0.0, -0.8354 0.1209 0.0, -0.841 0.1298 0.0, -0.8354 0.076 0.0, -0.8319 0.0859 0.0, -0.8307 0.0965 0.0, -0.8307 0.1004 0.0, -0.8307 0.2933 0.0, -0.8307 0.2972 0.0, -0.8319 0.3078 0.0, -0.8354 0.3177 0.0, -0.8307 -0.4902 0.0, -0.8319 -0.4796 0.0, -0.8354 -0.4697 0.0, -0.841 -0.4607 0.0, -0.878 -0.4429 0.0, -0.7225 -0.6949 0.0, -0.6765 -0.8319 0.0, -0.687 -0.8307 0.0, -0.6909 -0.8307 0.0, -0.7269 -0.6824 0.0, -0.8319 -0.1109 0.0, -0.878 0.3445 0.0, -0.8485 -0.4532 0.0, -0.8575 -0.4476 0.0, -0.8575 -0.3398 0.0, -0.8674 -0.4441 0.0, -0.8674 -0.3433 0.0, -0.878 -0.3445 0.0, 0.8307 0.6909 0.0, 0.8307 0.687 0.0, 0.8319 0.6765 0.0, -0.878 -0.0492 0.0, -0.8674 0.3433 0.0, -0.878 0.4429 0.0, -0.4796 -0.8319 0.0, -0.4902 -0.8307 0.0, -0.4941 -0.8307 0.0, -0.8674 -0.0504 0.0, -0.878 0.0492 0.0, -0.878 0.1476 0.0, -0.6576 -0.841 0.0, -0.6501 -0.8485 0.0, -0.8674 0.1465 0.0, -0.878 0.2461 0.0, -0.8494 0.7016 0.3368, -0.7016 0.8494 0.3368, -0.856 0.6855 0.3368, -0.856 -0.6855 0.3368, -0.7016 -0.8494 0.3368, -0.8494 -0.7016 0.3368, 0.6855 -0.856 0.3368, -0.6855 -0.856 0.3368, 0.8494 -0.7016 0.3368, 0.7016 -0.8494 0.3368, 0.856 0.6855 0.3368, 0.856 -0.6855 0.3368, 0.7016 0.8494 0.3368, 0.8494 0.7016 0.3368, -0.6855 0.856 0.3368, 0.6855 0.856 0.3368, -0.6878 0.6048 0.3543, -0.6858 0.6201 0.3543, -0.8332 0.6855 0.3543, -0.6855 -0.8332 0.3543, 0.6855 -0.8332 0.3543, -0.5992 0.5536 0.3543, -0.6799 0.6343 0.3543, -0.6705 0.6465 0.3543, -0.6855 0.8332 0.3543, -0.6583 0.6559 0.3543, -0.644 0.6618 0.3543, -0.6287 0.6638 0.3543, -0.6135 0.6618 0.3543, 0.6855 0.8332 0.3543, -0.5992 0.6559 0.3543, -0.587 0.6465 0.3543, -0.5776 0.6343 0.3543, -0.5717 0.6201 0.3543, 0.8332 0.6855 0.3543, -0.6583 0.5536 0.3543, -0.6705 0.563 0.3543, -0.8332 -0.6855 0.3543, -0.6799 0.5752 0.3543, -0.6858 0.5895 0.3543, -0.5697 0.6048 0.3543, -0.5717 0.5895 0.3543, 0.8332 -0.6855 0.3543, -0.5776 0.5752 0.3543, -0.587 0.563 0.3543, -0.6135 0.5477 0.3543, -0.6287 0.5457 0.3543, -0.644 0.5477 0.3543, -0.6899 -0.8554 0.3371, -0.6913 -0.8552 0.3372, -0.6941 -0.854 0.3372, -0.698 -0.852 0.3371, -0.6968 -0.8529 0.3372, -0.8481 -0.7003 0.3415, -0.7003 -0.8481 0.3415, -0.8476 -0.6999 0.3425, -0.6999 -0.8476 0.3425, -0.8461 -0.6983 0.3458, -0.6983 -0.8461 0.3458, -0.845 -0.6972 0.3473, -0.6972 -0.845 0.3473, -0.8434 -0.6957 0.3494, -0.6957 -0.8434 0.3494, -0.8415 -0.6938 0.3511, -0.6938 -0.8415 0.3511, -0.8403 -0.6926 0.3521, -0.6926 -0.8403 0.3521, -0.8375 -0.6898 0.3534, -0.6898 -0.8375 0.3534, -0.8369 -0.6891 0.3538, -0.6891 -0.8369 0.3538, -0.852 -0.698 0.3371, -0.8529 -0.6968 0.3372, -0.854 -0.6941 0.3372, -0.8554 -0.6899 0.3371, -0.8552 -0.6913 0.3372, -0.6896 -0.8538 0.3415, -0.6935 -0.8527 0.3415, -0.6972 -0.8507 0.3415, -0.6855 -0.8393 0.3534, -0.6865 -0.8383 0.3538, -0.6855 -0.8433 0.3521, -0.6874 -0.8431 0.3521, -0.6855 -0.845 0.3511, -0.6883 -0.8474 0.3494, -0.6883 -0.8375 0.3538, -0.6911 -0.8416 0.3521, -0.6935 -0.8452 0.3494, -0.6855 -0.8536 0.3425, -0.6855 -0.8514 0.3458, -0.689 -0.8511 0.3458, -0.6855 -0.8498 0.3473, -0.6855 -0.8477 0.3494, -0.6874 -0.838 0.3538, -0.6893 -0.8425 0.3521, -0.691 -0.8466 0.3494, -0.6924 -0.85 0.3458, -0.6956 -0.8483 0.3458, -0.6855 -0.8384 0.3538, -0.6855 -0.8543 0.3415, -0.8507 -0.6972 0.3415, -0.8527 -0.6935 0.3415, -0.8538 -0.6896 0.3415, -0.8543 -0.6855 0.3415, -0.8375 -0.6883 0.3538, -0.8416 -0.6911 0.3521, -0.8452 -0.6935 0.3494, -0.8384 -0.6855 0.3538, -0.8383 -0.6865 0.3538, -0.8393 -0.6855 0.3534, -0.8431 -0.6874 0.3521, -0.8433 -0.6855 0.3521, -0.8474 -0.6883 0.3494, -0.845 -0.6855 0.3511, -0.8483 -0.6956 0.3458, -0.838 -0.6874 0.3538, -0.8425 -0.6893 0.3521, -0.8466 -0.691 0.3494, -0.85 -0.6924 0.3458, -0.8511 -0.689 0.3458, -0.8477 -0.6855 0.3494, -0.8498 -0.6855 0.3473, -0.8514 -0.6855 0.3458, -0.8536 -0.6855 0.3425, 0.698 -0.852 0.3371, 0.6968 -0.8529 0.3372, 0.6941 -0.854 0.3372, 0.6899 -0.8554 0.3371, 0.6913 -0.8552 0.3372, 0.6855 -0.8543 0.3415, 0.6855 -0.8536 0.3425, 0.6855 -0.8514 0.3458, 0.6855 -0.8498 0.3473, 0.6855 -0.8477 0.3494, 0.6855 -0.845 0.3511, 0.6855 -0.8433 0.3521, 0.6855 -0.8393 0.3534, 0.6855 -0.8384 0.3538, -0.8543 0.6855 0.3415, -0.8536 0.6855 0.3425, -0.8514 0.6855 0.3458, -0.8498 0.6855 0.3473, -0.8477 0.6855 0.3494, -0.845 0.6855 0.3511, -0.8433 0.6855 0.3521, -0.8393 0.6855 0.3534, -0.8384 0.6855 0.3538, -0.8552 0.6913 0.3372, -0.8529 0.6968 0.3372, -0.8552 0.6914 0.3372, -0.8529 0.6968 0.3372, 0.6972 -0.8507 0.3415, 0.6935 -0.8527 0.3415, 0.6896 -0.8538 0.3415, 0.6898 -0.8375 0.3534, 0.6883 -0.8375 0.3538, 0.6926 -0.8403 0.3521, 0.6911 -0.8416 0.3521, 0.6938 -0.8415 0.3511, 0.6935 -0.8452 0.3494, 0.6865 -0.8383 0.3538, 0.6874 -0.8431 0.3521, 0.6883 -0.8474 0.3494, 0.6999 -0.8476 0.3425, 0.6983 -0.8461 0.3458, 0.6956 -0.8483 0.3458, 0.6972 -0.845 0.3473, 0.6957 -0.8434 0.3494, 0.6874 -0.838 0.3538, 0.6893 -0.8425 0.3521, 0.691 -0.8466 0.3494, 0.6924 -0.85 0.3458, 0.689 -0.8511 0.3458, 0.6891 -0.8369 0.3538, 0.7003 -0.8481 0.3415, -0.8382 0.6868 0.3538, -0.8514 0.696 0.3415, -0.8535 0.6909 0.3415, -0.8429 0.6881 0.3521, -0.8472 0.6892 0.3494, -0.8369 0.6891 0.3538, -0.8377 0.688 0.3538, -0.8375 0.6898 0.3534, -0.8419 0.6905 0.3521, -0.8403 0.6926 0.3521, -0.8457 0.6927 0.3494, -0.8415 0.6938 0.3511, -0.8508 0.6902 0.3458, -0.8434 0.6957 0.3494, -0.845 0.6972 0.3473, -0.849 0.6946 0.3458, -0.8481 0.7003 0.3415, -0.8476 0.6999 0.3425, -0.8461 0.6983 0.3458, 0.8554 -0.6899 0.3371, 0.8552 -0.6913 0.3372, 0.854 -0.6941 0.3372, 0.852 -0.698 0.3371, 0.8529 -0.6968 0.3372, 0.8369 -0.6891 0.3538, 0.8375 -0.6898 0.3534, 0.8403 -0.6926 0.3521, 0.8415 -0.6938 0.3511, 0.8434 -0.6957 0.3494, 0.845 -0.6972 0.3473, 0.8461 -0.6983 0.3458, 0.8476 -0.6999 0.3425, 0.8481 -0.7003 0.3415, -0.7003 0.8481 0.3415, -0.6999 0.8476 0.3425, -0.6983 0.8461 0.3458, -0.6972 0.845 0.3473, -0.6957 0.8434 0.3494, -0.6938 0.8415 0.3511, -0.6926 0.8403 0.3521, -0.6898 0.8375 0.3534, -0.6891 0.8369 0.3538, -0.698 0.852 0.3371, -0.6968 0.8529 0.3372, -0.6941 0.854 0.3372, -0.6899 0.8554 0.3371, -0.6913 0.8552 0.3372, 0.8538 -0.6896 0.3415, 0.8527 -0.6935 0.3415, 0.8507 -0.6972 0.3415, 0.8393 -0.6855 0.3534, 0.8383 -0.6865 0.3538, 0.8433 -0.6855 0.3521, 0.8431 -0.6874 0.3521, 0.845 -0.6855 0.3511, 0.8474 -0.6883 0.3494, 0.8375 -0.6883 0.3538, 0.8416 -0.6911 0.3521, 0.8452 -0.6935 0.3494, 0.8536 -0.6855 0.3425, 0.8514 -0.6855 0.3458, 0.8511 -0.689 0.3458, 0.8498 -0.6855 0.3473, 0.8477 -0.6855 0.3494, 0.838 -0.6874 0.3538, 0.8425 -0.6893 0.3521, 0.8466 -0.691 0.3494, 0.85 -0.6924 0.3458, 0.8483 -0.6956 0.3458, 0.8384 -0.6855 0.3538, 0.8543 -0.6855 0.3415, -0.6972 0.8507 0.3415, -0.6935 0.8527 0.3415, -0.6896 0.8538 0.3415, -0.6855 0.8543 0.3415, -0.6883 0.8375 0.3538, -0.6911 0.8416 0.3521, -0.6935 0.8452 0.3494, -0.6855 0.8384 0.3538, -0.6865 0.8383 0.3538, -0.6855 0.8393 0.3534, -0.6874 0.8431 0.3521, -0.6855 0.8433 0.3521, -0.6883 0.8474 0.3494, -0.6855 0.845 0.3511, -0.6956 0.8483 0.3458, -0.6874 0.838 0.3538, -0.6893 0.8425 0.3521, -0.691 0.8466 0.3494, -0.6924 0.85 0.3458, -0.689 0.8511 0.3458, -0.6855 0.8477 0.3494, -0.6855 0.8498 0.3473, -0.6855 0.8514 0.3458, -0.6855 0.8536 0.3425, 0.8529 0.6968 0.3372, 0.8552 0.6914 0.3372, 0.8529 0.6968 0.3372, 0.8552 0.6913 0.3372, 0.8384 0.6855 0.3538, 0.8393 0.6855 0.3534, 0.8433 0.6855 0.3521, 0.845 0.6855 0.3511, 0.8477 0.6855 0.3494, 0.8498 0.6855 0.3473, 0.8514 0.6855 0.3458, 0.8536 0.6855 0.3425, 0.8543 0.6855 0.3415, 0.6855 0.8543 0.3415, 0.6855 0.8536 0.3425, 0.6855 0.8514 0.3458, 0.6855 0.8498 0.3473, 0.6855 0.8477 0.3494, 0.6855 0.845 0.3511, 0.6855 0.8433 0.3521, 0.6855 0.8393 0.3534, 0.6855 0.8384 0.3538, 0.6899 0.8554 0.3371, 0.6913 0.8552 0.3372, 0.6941 0.854 0.3372, 0.698 0.852 0.3371, 0.6968 0.8529 0.3372, 0.8375 0.6898 0.3534, 0.8369 0.6891 0.3538, 0.8377 0.688 0.3538, 0.8535 0.6909 0.3415, 0.8514 0.696 0.3415, 0.8403 0.6926 0.3521, 0.8419 0.6905 0.3521, 0.8415 0.6938 0.3511, 0.8457 0.6927 0.3494, 0.8434 0.6957 0.3494, 0.8382 0.6868 0.3538, 0.8429 0.6881 0.3521, 0.8472 0.6892 0.3494, 0.845 0.6972 0.3473, 0.849 0.6946 0.3458, 0.8461 0.6983 0.3458, 0.8508 0.6902 0.3458, 0.8476 0.6999 0.3425, 0.8481 0.7003 0.3415, 0.6896 0.8538 0.3415, 0.6935 0.8527 0.3415, 0.6972 0.8507 0.3415, 0.7003 0.8481 0.3415, 0.6865 0.8383 0.3538, 0.6874 0.8431 0.3521, 0.6883 0.8474 0.3494, 0.6891 0.8369 0.3538, 0.6883 0.8375 0.3538, 0.6898 0.8375 0.3534, 0.6911 0.8416 0.3521, 0.6926 0.8403 0.3521, 0.6935 0.8452 0.3494, 0.6938 0.8415 0.3511, 0.689 0.8511 0.3458, 0.6874 0.838 0.3538, 0.6893 0.8425 0.3521, 0.691 0.8466 0.3494, 0.6924 0.85 0.3458, 0.6956 0.8483 0.3458, 0.6957 0.8434 0.3494, 0.6972 0.845 0.3473, 0.6983 0.8461 0.3458, 0.6999 0.8476 0.3425, -0.5697 0.6048 0.315, -0.5717 0.6201 0.315, -0.5776 0.6343 0.315, -0.587 0.6465 0.315, -0.5992 0.6559 0.315, -0.6135 0.6618 0.315, -0.6287 0.6638 0.315, -0.644 0.6618 0.315, -0.6583 0.6559 0.315, -0.6705 0.6465 0.315, -0.6799 0.6343 0.315, -0.6858 0.6201 0.315, -0.6878 0.6048 0.315, -0.6858 0.5895 0.315, -0.6799 0.5752 0.315, -0.6705 0.563 0.315, -0.6583 0.5536 0.315, -0.644 0.5477 0.315, -0.6287 0.5457 0.315, -0.6135 0.5477 0.315, -0.5992 0.5536 0.315, -0.587 0.563 0.315, -0.5776 0.5752 0.315, -0.5717 0.5895 0.315, -0.6287 0.6048 0.315, -0.6287 0.6048 0.315
            ]
        }
        coordIndex [
            0,1,2,-1,3,4,5,-1,5,4,6,-1,7,8,9,-1,10,11,12,-1,2,13,0,-1,0,13,5,-1,0,5,12,-1,12,5,6,-1,12,6,14,-1,15,16,17,-1,18,19,12,-1,20,21,14,-1,14,21,22,-1,14,22,12,-1,12,22,23,-1,17,18,15,-1,15,18,12,-1,15,12,24,-1,24,12,11,-1,24,11,25,-1,25,11,26,-1,27,28,23,-1,23,28,29,-1,23,29,12,-1,12,29,7,-1,12,7,10,-1,10,7,9,-1,30,31,32,-1,32,31,12,-1,32,12,33,-1,33,12,19,-1,33,19,34,-1,34,19,35,-1,36,37,38,-1,39,40,41,-1,41,40,42,-1,43,44,45,-1,46,47,48,-1,49,50,51,-1,52,53,48,-1,51,46,49,-1,49,46,48,-1,49,48,54,-1,54,48,53,-1,54,53,55,-1,55,53,56,-1,57,58,59,-1,59,58,48,-1,59,48,60,-1,60,48,47,-1,60,47,61,-1,61,47,62,-1,38,63,36,-1,36,63,41,-1,36,41,48,-1,48,41,42,-1,48,42,64,-1,65,66,64,-1,64,66,67,-1,64,67,48,-1,48,67,68,-1,69,70,68,-1,68,70,71,-1,68,71,48,-1,48,71,43,-1,48,43,52,-1,52,43,45,-1,72,73,74,-1,75,76,77,-1,77,76,78,-1,79,80,81,-1,82,83,84,-1,74,85,72,-1,72,85,77,-1,72,77,84,-1,84,77,78,-1,84,78,86,-1,87,88,89,-1,90,91,84,-1,92,93,86,-1,86,93,94,-1,86,94,84,-1,84,94,95,-1,89,90,87,-1,87,90,84,-1,87,84,96,-1,96,84,83,-1,96,83,97,-1,97,83,98,-1,99,100,95,-1,95,100,101,-1,95,101,84,-1,84,101,79,-1,84,79,82,-1,82,79,81,-1,102,103,104,-1,104,103,84,-1,104,84,105,-1,105,84,91,-1,105,91,106,-1,106,91,107,-1,108,109,110,-1,111,112,113,-1,114,115,116,-1,117,118,119,-1,119,118,120,-1,121,122,116,-1,123,124,125,-1,125,121,123,-1,123,121,116,-1,123,116,126,-1,126,116,115,-1,126,115,127,-1,127,115,128,-1,129,130,131,-1,131,130,116,-1,131,116,132,-1,132,116,122,-1,132,122,133,-1,133,122,134,-1,110,135,108,-1,108,135,119,-1,108,119,116,-1,116,119,120,-1,116,120,136,-1,137,138,136,-1,136,138,139,-1,136,139,116,-1,116,139,140,-1,141,142,140,-1,140,142,143,-1,140,143,116,-1,116,143,111,-1,116,111,114,-1,114,111,113,-1,12,144,145,-1,116,146,147,-1,0,148,149,-1,145,150,12,-1,12,150,151,-1,12,151,0,-1,0,151,152,-1,0,152,148,-1,149,153,0,-1,0,153,154,-1,0,154,116,-1,116,154,155,-1,116,155,146,-1,48,156,157,-1,36,158,159,-1,108,160,161,-1,161,162,108,-1,108,162,163,-1,108,163,84,-1,159,164,36,-1,36,164,165,-1,36,165,12,-1,12,165,166,-1,12,166,144,-1,72,167,168,-1,157,169,48,-1,48,169,170,-1,48,170,36,-1,36,170,171,-1,36,171,158,-1,147,172,116,-1,116,172,173,-1,116,173,108,-1,108,173,174,-1,108,174,160,-1,163,175,84,-1,84,175,176,-1,84,176,177,-1,168,178,72,-1,72,178,179,-1,72,179,48,-1,48,179,180,-1,48,180,156,-1,177,181,84,-1,84,181,182,-1,84,182,72,-1,72,182,183,-1,72,183,167,-1,184,185,186,-1,186,185,187,-1,184,188,185,-1,185,188,189,-1,185,189,190,-1,190,191,185,-1,185,191,192,-1,185,192,193,-1,193,194,185,-1,185,194,195,-1,185,195,196,-1,73,58,57,-1,197,198,199,-1,197,200,201,-1,202,203,204,-1,204,203,205,-1,204,205,206,-1,207,208,209,-1,57,210,73,-1,73,210,211,-1,73,211,74,-1,74,211,212,-1,213,214,215,-1,215,214,200,-1,215,200,216,-1,216,200,217,-1,206,205,218,-1,218,205,219,-1,218,219,220,-1,221,222,223,-1,223,222,224,-1,223,224,225,-1,226,227,228,-1,228,227,229,-1,230,231,225,-1,231,232,225,-1,225,232,233,-1,225,233,223,-1,234,235,236,-1,237,238,239,-1,239,238,240,-1,239,240,212,-1,212,240,241,-1,212,241,74,-1,242,243,244,-1,244,243,245,-1,244,245,246,-1,247,248,249,-1,199,250,197,-1,197,250,251,-1,197,251,200,-1,200,251,252,-1,200,252,217,-1,253,254,215,-1,215,254,255,-1,215,255,213,-1,201,256,197,-1,197,256,257,-1,197,257,204,-1,204,257,258,-1,204,258,202,-1,235,234,259,-1,260,261,262,-1,130,129,263,-1,264,265,266,-1,267,61,62,-1,268,269,270,-1,271,272,273,-1,273,272,274,-1,273,274,275,-1,276,25,26,-1,277,9,8,-1,204,278,197,-1,197,278,279,-1,197,279,230,-1,230,225,197,-1,197,225,280,-1,197,280,234,-1,234,280,281,-1,234,281,259,-1,236,282,234,-1,234,282,260,-1,234,260,283,-1,283,260,262,-1,284,285,208,-1,208,285,286,-1,208,286,209,-1,287,288,209,-1,209,288,289,-1,209,289,207,-1,129,290,263,-1,263,290,291,-1,263,291,292,-1,293,294,187,-1,226,295,227,-1,227,295,267,-1,227,267,296,-1,296,267,62,-1,297,187,268,-1,268,187,294,-1,268,294,269,-1,298,299,300,-1,301,302,303,-1,303,302,304,-1,303,304,305,-1,306,66,65,-1,307,308,309,-1,253,310,254,-1,254,310,276,-1,254,276,311,-1,311,276,26,-1,8,312,277,-1,277,312,313,-1,277,313,220,-1,220,313,314,-1,220,314,218,-1,315,28,27,-1,316,317,260,-1,260,317,318,-1,260,318,261,-1,2,1,319,-1,319,1,130,-1,319,130,320,-1,320,130,263,-1,321,322,323,-1,324,325,326,-1,297,327,187,-1,187,327,328,-1,187,328,329,-1,303,330,301,-1,301,330,331,-1,301,331,332,-1,332,331,333,-1,332,333,334,-1,246,335,244,-1,244,335,306,-1,244,306,336,-1,336,306,65,-1,337,40,39,-1,244,338,242,-1,242,338,339,-1,242,339,340,-1,340,339,341,-1,340,341,342,-1,342,341,343,-1,342,343,344,-1,345,346,347,-1,307,309,348,-1,349,350,198,-1,198,350,309,-1,198,309,351,-1,351,309,308,-1,223,352,221,-1,221,352,353,-1,221,353,354,-1,354,353,315,-1,354,315,355,-1,355,315,27,-1,356,21,20,-1,357,4,3,-1,358,133,134,-1,359,360,361,-1,361,360,362,-1,118,117,363,-1,363,117,326,-1,363,326,364,-1,365,76,75,-1,366,367,368,-1,275,369,273,-1,273,369,337,-1,273,337,370,-1,370,337,39,-1,273,371,271,-1,271,371,372,-1,271,372,373,-1,373,372,374,-1,373,374,375,-1,376,377,378,-1,378,377,379,-1,378,379,380,-1,229,227,334,-1,334,227,381,-1,334,381,332,-1,332,381,382,-1,332,382,383,-1,332,384,385,-1,332,346,386,-1,316,387,317,-1,317,387,356,-1,317,356,388,-1,388,356,20,-1,209,389,287,-1,287,389,357,-1,287,357,390,-1,390,357,3,-1,391,392,393,-1,393,392,394,-1,322,395,323,-1,323,395,358,-1,323,358,396,-1,396,358,134,-1,362,397,361,-1,361,397,398,-1,361,398,399,-1,399,400,361,-1,361,400,401,-1,361,401,402,-1,403,404,405,-1,406,407,408,-1,325,409,326,-1,326,409,410,-1,326,410,364,-1,75,411,365,-1,365,411,412,-1,365,412,270,-1,270,412,413,-1,270,413,268,-1,305,414,303,-1,303,414,300,-1,303,300,368,-1,368,300,299,-1,368,299,366,-1,378,415,375,-1,374,416,375,-1,375,416,417,-1,375,417,378,-1,378,417,418,-1,378,418,376,-1,37,31,30,-1,332,419,420,-1,248,421,197,-1,197,421,422,-1,423,424,393,-1,425,426,283,-1,283,426,427,-1,283,427,234,-1,391,428,392,-1,392,428,429,-1,392,429,361,-1,361,429,430,-1,361,430,359,-1,359,430,431,-1,359,431,323,-1,323,431,432,-1,323,432,321,-1,433,434,435,-1,109,103,102,-1,436,437,438,-1,329,328,300,-1,300,328,439,-1,300,439,298,-1,237,239,367,-1,367,239,440,-1,367,440,368,-1,441,442,378,-1,378,442,342,-1,378,342,415,-1,415,342,344,-1,443,444,445,-1,445,444,446,-1,445,446,447,-1,422,448,197,-1,197,448,449,-1,197,449,198,-1,198,449,450,-1,198,450,349,-1,451,452,208,-1,208,452,453,-1,208,453,284,-1,454,455,456,-1,457,458,459,-1,459,458,460,-1,459,460,461,-1,462,463,464,-1,464,463,465,-1,464,465,466,-1,467,464,468,-1,30,469,37,-1,37,469,470,-1,37,470,38,-1,38,470,447,-1,38,447,471,-1,471,447,446,-1,443,445,380,-1,380,445,472,-1,380,472,378,-1,383,473,332,-1,332,473,474,-1,332,474,475,-1,475,476,332,-1,332,476,477,-1,332,477,384,-1,384,477,478,-1,384,478,479,-1,479,480,384,-1,384,480,481,-1,384,481,482,-1,482,481,483,-1,385,484,332,-1,332,484,485,-1,332,485,486,-1,486,487,332,-1,332,487,488,-1,332,488,346,-1,346,488,489,-1,346,489,347,-1,345,347,490,-1,490,347,491,-1,490,491,492,-1,249,248,493,-1,332,494,495,-1,496,497,249,-1,249,497,498,-1,249,498,247,-1,499,17,16,-1,500,501,393,-1,393,501,502,-1,393,502,423,-1,291,503,292,-1,292,503,504,-1,292,504,424,-1,424,504,505,-1,424,505,393,-1,394,506,393,-1,393,506,507,-1,393,507,426,-1,508,509,510,-1,510,509,511,-1,512,408,402,-1,406,408,513,-1,185,514,515,-1,102,516,109,-1,109,516,517,-1,109,517,110,-1,110,517,461,-1,110,461,518,-1,518,461,460,-1,519,520,467,-1,467,520,521,-1,467,521,522,-1,265,523,524,-1,386,525,332,-1,332,525,526,-1,332,526,527,-1,527,528,332,-1,332,528,529,-1,332,529,419,-1,419,529,530,-1,419,530,531,-1,531,532,419,-1,419,532,533,-1,419,533,534,-1,534,533,535,-1,536,537,378,-1,309,538,348,-1,348,538,499,-1,348,499,539,-1,539,499,16,-1,425,540,426,-1,426,540,452,-1,426,452,393,-1,393,452,451,-1,393,451,500,-1,541,542,543,-1,543,542,401,-1,544,545,546,-1,404,547,405,-1,405,547,548,-1,405,548,402,-1,402,548,549,-1,402,549,512,-1,550,551,552,-1,515,553,185,-1,185,553,554,-1,185,554,187,-1,187,554,555,-1,187,555,293,-1,556,557,467,-1,522,558,467,-1,467,558,559,-1,467,559,523,-1,524,560,265,-1,265,560,561,-1,265,561,266,-1,562,51,50,-1,563,55,56,-1,420,564,332,-1,332,564,565,-1,332,565,566,-1,566,567,332,-1,332,567,568,-1,332,568,494,-1,494,568,569,-1,494,569,570,-1,570,571,494,-1,494,571,572,-1,494,572,573,-1,573,572,574,-1,537,575,378,-1,378,575,576,-1,378,576,441,-1,577,34,35,-1,578,579,580,-1,580,579,581,-1,580,581,582,-1,582,581,542,-1,582,542,583,-1,583,542,541,-1,542,584,401,-1,401,584,585,-1,401,585,402,-1,402,585,586,-1,402,586,435,-1,434,587,435,-1,435,587,588,-1,435,588,402,-1,402,588,589,-1,402,589,405,-1,590,113,112,-1,511,509,591,-1,591,509,592,-1,591,592,405,-1,405,592,593,-1,405,593,403,-1,594,595,596,-1,596,595,597,-1,596,597,598,-1,598,597,599,-1,513,408,600,-1,600,408,512,-1,600,512,596,-1,596,512,601,-1,596,601,594,-1,602,138,137,-1,603,604,605,-1,606,607,467,-1,608,609,550,-1,550,609,610,-1,550,610,611,-1,457,459,437,-1,437,459,612,-1,437,612,438,-1,436,438,467,-1,467,438,613,-1,467,613,556,-1,481,614,483,-1,483,614,562,-1,483,562,615,-1,615,562,50,-1,492,616,490,-1,490,616,563,-1,490,563,617,-1,617,563,56,-1,618,45,44,-1,249,619,496,-1,496,619,577,-1,496,577,620,-1,620,577,35,-1,545,544,621,-1,621,544,622,-1,621,622,435,-1,435,622,623,-1,435,623,433,-1,508,624,509,-1,509,624,590,-1,509,590,625,-1,625,590,112,-1,455,626,456,-1,456,626,602,-1,456,602,627,-1,627,602,137,-1,628,407,629,-1,629,407,630,-1,629,630,456,-1,456,630,631,-1,456,631,454,-1,628,632,407,-1,407,632,633,-1,407,633,408,-1,408,633,634,-1,635,636,637,-1,637,636,638,-1,550,639,185,-1,185,639,640,-1,185,640,514,-1,557,641,467,-1,467,641,642,-1,467,642,464,-1,464,642,643,-1,464,643,462,-1,106,107,644,-1,644,107,645,-1,644,645,465,-1,465,645,646,-1,465,646,466,-1,647,97,98,-1,533,648,535,-1,535,648,618,-1,535,618,649,-1,649,618,44,-1,650,70,69,-1,651,652,378,-1,378,652,653,-1,378,653,536,-1,493,248,654,-1,654,248,197,-1,654,197,655,-1,495,656,332,-1,332,656,441,-1,332,441,657,-1,657,441,576,-1,125,124,658,-1,658,124,659,-1,658,659,580,-1,580,659,660,-1,580,660,578,-1,127,128,661,-1,661,128,662,-1,661,662,663,-1,663,662,544,-1,663,544,664,-1,664,544,546,-1,324,326,665,-1,665,326,666,-1,665,666,667,-1,523,265,467,-1,467,265,668,-1,467,668,606,-1,669,670,636,-1,636,670,671,-1,636,671,638,-1,672,673,550,-1,550,673,669,-1,550,669,551,-1,551,669,636,-1,674,675,676,-1,676,675,677,-1,678,679,680,-1,680,679,681,-1,680,681,682,-1,682,681,683,-1,468,684,467,-1,467,684,685,-1,467,685,686,-1,266,687,264,-1,264,687,647,-1,264,647,688,-1,688,647,98,-1,572,689,574,-1,574,689,650,-1,574,650,690,-1,690,650,69,-1,142,141,691,-1,691,141,692,-1,691,692,693,-1,693,692,694,-1,693,694,597,-1,597,694,695,-1,597,695,599,-1,696,697,675,-1,675,697,698,-1,675,698,677,-1,552,699,550,-1,550,699,700,-1,550,700,701,-1,701,702,550,-1,550,702,696,-1,550,696,608,-1,608,696,675,-1,611,703,550,-1,550,703,704,-1,550,704,639,-1,639,704,705,-1,639,705,680,-1,680,705,706,-1,680,706,678,-1,686,707,467,-1,467,707,708,-1,467,708,519,-1,519,708,709,-1,519,709,710,-1,711,89,88,-1,603,605,712,-1,712,605,713,-1,712,713,714,-1,714,715,712,-1,712,715,467,-1,712,467,716,-1,716,467,607,-1,716,607,550,-1,550,607,717,-1,550,717,672,-1,718,93,92,-1,710,719,519,-1,519,719,720,-1,519,720,721,-1,721,720,722,-1,721,722,723,-1,723,722,711,-1,723,711,724,-1,724,711,88,-1,651,725,652,-1,652,725,726,-1,652,726,197,-1,197,726,727,-1,197,727,655,-1,728,81,80,-1,681,729,683,-1,683,729,718,-1,683,718,730,-1,730,718,92,-1,633,731,634,-1,634,731,732,-1,634,732,733,-1,637,734,635,-1,635,734,728,-1,635,728,735,-1,735,728,80,-1,736,100,99,-1,604,634,605,-1,605,634,733,-1,605,733,737,-1,737,733,665,-1,737,665,738,-1,738,665,667,-1,676,739,674,-1,674,739,736,-1,674,736,740,-1,740,736,99,-1,103,109,84,-1,84,109,108,-1,130,1,116,-1,116,1,0,-1,58,73,48,-1,48,73,72,-1,31,37,12,-1,12,37,36,-1,741,742,179,-1,179,742,180,-1,183,182,743,-1,743,182,744,-1,745,746,163,-1,163,746,175,-1,747,748,173,-1,173,748,174,-1,749,750,154,-1,154,750,155,-1,751,752,151,-1,151,752,152,-1,753,754,165,-1,165,754,166,-1,755,756,170,-1,170,756,171,-1,757,758,759,-1,760,761,762,-1,758,763,759,-1,759,763,764,-1,759,764,765,-1,765,764,766,-1,765,766,767,-1,767,768,765,-1,765,768,769,-1,765,769,770,-1,770,769,771,-1,770,771,772,-1,772,773,770,-1,770,773,774,-1,770,774,775,-1,776,777,778,-1,778,777,779,-1,778,779,759,-1,759,779,780,-1,759,780,757,-1,774,781,775,-1,775,781,782,-1,775,782,783,-1,783,782,784,-1,783,784,761,-1,761,784,785,-1,761,785,762,-1,762,786,760,-1,760,786,787,-1,760,787,778,-1,778,787,788,-1,778,788,776,-1,174,748,789,-1,174,789,160,-1,160,789,790,-1,160,790,161,-1,161,790,791,-1,161,791,162,-1,745,163,792,-1,792,163,162,-1,792,162,793,-1,793,162,791,-1,746,745,794,-1,794,745,795,-1,794,795,796,-1,796,795,797,-1,796,797,798,-1,798,797,799,-1,798,799,800,-1,800,799,801,-1,800,801,802,-1,802,801,803,-1,802,803,804,-1,804,803,805,-1,804,805,806,-1,806,805,807,-1,806,807,808,-1,808,807,809,-1,808,809,810,-1,810,809,811,-1,810,811,778,-1,778,811,760,-1,175,746,812,-1,175,812,176,-1,176,812,813,-1,176,813,177,-1,177,813,814,-1,177,814,181,-1,744,182,815,-1,815,182,181,-1,815,181,816,-1,816,181,814,-1,789,817,790,-1,790,817,818,-1,790,818,791,-1,791,818,793,-1,793,818,819,-1,793,819,792,-1,792,819,795,-1,792,795,745,-1,820,821,822,-1,822,821,823,-1,822,823,824,-1,824,823,825,-1,760,811,826,-1,826,811,809,-1,826,809,827,-1,827,809,807,-1,827,807,828,-1,828,807,805,-1,829,830,831,-1,831,830,832,-1,831,832,825,-1,825,832,833,-1,825,833,824,-1,821,834,823,-1,823,834,835,-1,823,835,825,-1,825,835,836,-1,825,836,831,-1,831,836,837,-1,838,837,828,-1,828,837,836,-1,828,836,827,-1,827,836,835,-1,827,835,826,-1,826,835,834,-1,826,834,760,-1,821,760,834,-1,820,839,821,-1,821,839,760,-1,789,748,817,-1,817,748,840,-1,817,840,829,-1,805,803,828,-1,828,803,801,-1,828,801,838,-1,838,801,799,-1,838,799,797,-1,829,831,817,-1,817,831,837,-1,817,837,818,-1,818,837,838,-1,818,838,819,-1,819,838,797,-1,819,797,795,-1,812,841,813,-1,813,841,842,-1,813,842,814,-1,814,842,816,-1,816,842,843,-1,816,843,815,-1,815,843,844,-1,815,844,744,-1,808,845,806,-1,806,845,846,-1,806,846,804,-1,804,846,847,-1,778,848,849,-1,849,848,850,-1,849,850,851,-1,851,850,852,-1,851,852,853,-1,853,852,854,-1,796,798,855,-1,855,798,800,-1,855,800,847,-1,847,800,802,-1,847,802,804,-1,845,856,846,-1,846,856,857,-1,846,857,847,-1,847,857,858,-1,847,858,855,-1,855,858,859,-1,860,859,853,-1,853,859,858,-1,853,858,851,-1,851,858,857,-1,851,857,849,-1,849,857,856,-1,849,856,778,-1,845,778,856,-1,808,810,845,-1,845,810,778,-1,812,746,841,-1,841,746,794,-1,841,794,796,-1,854,861,853,-1,853,861,862,-1,853,862,860,-1,860,862,863,-1,860,863,864,-1,796,855,841,-1,841,855,859,-1,841,859,842,-1,842,859,860,-1,842,860,843,-1,843,860,864,-1,843,864,844,-1,155,750,865,-1,155,865,146,-1,146,865,866,-1,146,866,147,-1,147,866,867,-1,147,867,172,-1,747,173,868,-1,868,173,172,-1,868,172,869,-1,869,172,867,-1,748,747,840,-1,840,747,870,-1,840,870,829,-1,829,870,871,-1,829,871,830,-1,830,871,872,-1,830,872,832,-1,832,872,873,-1,832,873,833,-1,833,873,874,-1,833,874,824,-1,824,874,875,-1,824,875,822,-1,822,875,876,-1,822,876,820,-1,820,876,877,-1,820,877,839,-1,839,877,878,-1,839,878,760,-1,760,878,761,-1,743,744,879,-1,879,744,844,-1,879,844,880,-1,880,844,864,-1,880,864,881,-1,881,864,863,-1,881,863,882,-1,882,863,862,-1,882,862,883,-1,883,862,861,-1,883,861,884,-1,884,861,854,-1,884,854,885,-1,885,854,852,-1,885,852,886,-1,886,852,850,-1,886,850,887,-1,887,850,848,-1,887,848,759,-1,759,848,778,-1,183,743,888,-1,889,178,890,-1,890,178,168,-1,890,168,888,-1,888,168,167,-1,888,167,183,-1,889,891,178,-1,178,891,741,-1,178,741,179,-1,865,892,866,-1,866,892,893,-1,866,893,867,-1,867,893,869,-1,869,893,894,-1,869,894,868,-1,868,894,870,-1,868,870,747,-1,895,896,897,-1,897,896,898,-1,897,898,899,-1,899,898,900,-1,761,878,901,-1,901,878,877,-1,901,877,902,-1,902,877,876,-1,902,876,903,-1,903,876,875,-1,904,905,906,-1,906,905,907,-1,906,907,900,-1,900,907,908,-1,900,908,899,-1,896,909,898,-1,898,909,910,-1,898,910,900,-1,900,910,911,-1,900,911,906,-1,906,911,912,-1,913,912,903,-1,903,912,911,-1,903,911,902,-1,902,911,910,-1,902,910,901,-1,901,910,909,-1,901,909,761,-1,896,761,909,-1,895,914,896,-1,896,914,761,-1,865,750,892,-1,892,750,915,-1,892,915,904,-1,875,874,903,-1,903,874,873,-1,903,873,913,-1,913,873,872,-1,913,872,871,-1,904,906,892,-1,892,906,912,-1,892,912,893,-1,893,912,913,-1,893,913,894,-1,894,913,871,-1,894,871,870,-1,886,887,916,-1,891,889,917,-1,918,890,888,-1,886,916,885,-1,885,916,919,-1,885,919,884,-1,884,919,920,-1,884,920,883,-1,759,921,922,-1,922,921,923,-1,922,923,924,-1,924,923,925,-1,924,925,926,-1,926,925,927,-1,883,920,882,-1,882,920,928,-1,882,928,881,-1,927,929,926,-1,926,929,930,-1,926,930,931,-1,881,928,880,-1,880,928,918,-1,880,918,879,-1,879,918,888,-1,879,888,743,-1,889,890,917,-1,917,890,918,-1,917,918,931,-1,931,918,928,-1,931,928,926,-1,926,928,920,-1,926,920,924,-1,924,920,919,-1,924,919,922,-1,922,919,916,-1,922,916,759,-1,887,759,916,-1,741,891,932,-1,932,891,917,-1,932,917,933,-1,933,917,931,-1,933,931,934,-1,934,931,930,-1,152,752,935,-1,152,935,148,-1,148,935,936,-1,148,936,149,-1,149,936,937,-1,149,937,153,-1,749,154,938,-1,938,154,153,-1,938,153,939,-1,939,153,937,-1,783,761,940,-1,940,761,914,-1,940,914,941,-1,941,914,895,-1,941,895,942,-1,942,895,897,-1,942,897,943,-1,943,897,899,-1,943,899,944,-1,944,899,908,-1,944,908,945,-1,945,908,907,-1,945,907,946,-1,946,907,905,-1,946,905,947,-1,947,905,904,-1,947,904,948,-1,948,904,915,-1,948,915,749,-1,749,915,750,-1,742,741,949,-1,949,741,932,-1,949,932,950,-1,950,932,933,-1,950,933,951,-1,951,933,934,-1,951,934,952,-1,952,934,930,-1,952,930,953,-1,953,930,929,-1,953,929,954,-1,954,929,927,-1,954,927,955,-1,955,927,925,-1,955,925,956,-1,956,925,923,-1,956,923,957,-1,957,923,921,-1,957,921,765,-1,765,921,759,-1,180,742,958,-1,180,958,156,-1,156,958,959,-1,156,959,157,-1,157,959,960,-1,157,960,169,-1,755,170,961,-1,961,170,169,-1,961,169,962,-1,962,169,960,-1,935,963,936,-1,936,963,964,-1,936,964,937,-1,937,964,939,-1,939,964,965,-1,939,965,938,-1,938,965,948,-1,938,948,749,-1,966,967,968,-1,968,967,969,-1,968,969,970,-1,970,969,971,-1,783,940,972,-1,972,940,941,-1,972,941,973,-1,973,941,942,-1,973,942,974,-1,974,942,943,-1,975,976,977,-1,977,976,978,-1,977,978,971,-1,971,978,979,-1,971,979,970,-1,967,980,969,-1,969,980,981,-1,969,981,971,-1,971,981,982,-1,971,982,977,-1,977,982,983,-1,984,983,974,-1,974,983,982,-1,974,982,973,-1,973,982,981,-1,973,981,972,-1,972,981,980,-1,972,980,783,-1,967,783,980,-1,966,985,967,-1,967,985,783,-1,935,752,963,-1,963,752,986,-1,963,986,975,-1,943,944,974,-1,974,944,945,-1,974,945,984,-1,984,945,946,-1,984,946,947,-1,975,977,963,-1,963,977,983,-1,963,983,964,-1,964,983,984,-1,964,984,965,-1,965,984,947,-1,965,947,948,-1,958,987,959,-1,959,987,988,-1,959,988,960,-1,960,988,962,-1,962,988,989,-1,962,989,961,-1,961,989,990,-1,961,990,755,-1,956,991,955,-1,955,991,992,-1,955,992,954,-1,954,992,993,-1,765,994,995,-1,995,994,996,-1,995,996,997,-1,997,996,998,-1,997,998,999,-1,999,998,1000,-1,950,951,1001,-1,1001,951,952,-1,1001,952,993,-1,993,952,953,-1,993,953,954,-1,991,1002,992,-1,992,1002,1003,-1,992,1003,993,-1,993,1003,1004,-1,993,1004,1001,-1,1001,1004,1005,-1,1006,1005,999,-1,999,1005,1004,-1,999,1004,997,-1,997,1004,1003,-1,997,1003,995,-1,995,1003,1002,-1,995,1002,765,-1,991,765,1002,-1,956,957,991,-1,991,957,765,-1,958,742,987,-1,987,742,949,-1,987,949,950,-1,1000,1007,999,-1,999,1007,1008,-1,999,1008,1006,-1,1006,1008,1009,-1,1006,1009,1010,-1,950,1001,987,-1,987,1001,1005,-1,987,1005,988,-1,988,1005,1006,-1,988,1006,989,-1,989,1006,1010,-1,989,1010,990,-1,166,754,1011,-1,1012,150,1013,-1,1013,150,145,-1,1013,145,1011,-1,1011,145,144,-1,1011,144,166,-1,1012,1014,150,-1,150,1014,751,-1,150,751,151,-1,775,783,1015,-1,1015,783,985,-1,1015,985,1016,-1,1016,985,966,-1,1016,966,1017,-1,1017,966,968,-1,1017,968,1018,-1,1018,968,970,-1,1018,970,1019,-1,1019,970,979,-1,1019,979,1020,-1,1020,979,978,-1,1020,978,1021,-1,1021,978,976,-1,1021,976,1022,-1,1022,976,975,-1,1022,975,1023,-1,1023,975,986,-1,1023,986,751,-1,751,986,752,-1,756,755,1024,-1,1024,755,990,-1,1024,990,1025,-1,1025,990,1010,-1,1025,1010,1026,-1,1026,1010,1009,-1,1026,1009,1027,-1,1027,1009,1008,-1,1027,1008,1028,-1,1028,1008,1007,-1,1028,1007,1029,-1,1029,1007,1000,-1,1029,1000,1030,-1,1030,1000,998,-1,1030,998,1031,-1,1031,998,996,-1,1031,996,1032,-1,1032,996,994,-1,1032,994,770,-1,770,994,765,-1,171,756,1033,-1,171,1033,158,-1,158,1033,1034,-1,158,1034,159,-1,159,1034,1035,-1,159,1035,164,-1,753,165,1036,-1,1036,165,164,-1,1036,164,1037,-1,1037,164,1035,-1,1038,1039,1040,-1,1014,1012,1041,-1,1042,1013,1011,-1,1038,1040,1043,-1,1043,1040,1044,-1,1043,1044,1045,-1,1045,1044,1046,-1,1045,1046,1047,-1,775,1015,1048,-1,1048,1015,1016,-1,1048,1016,1049,-1,1049,1016,1017,-1,1049,1017,1050,-1,1050,1017,1018,-1,1047,1046,1051,-1,1051,1046,1052,-1,1051,1052,1053,-1,1018,1019,1050,-1,1050,1019,1020,-1,1050,1020,1054,-1,1053,1052,1055,-1,1055,1052,1042,-1,1055,1042,1056,-1,1056,1042,1011,-1,1056,1011,754,-1,1012,1013,1041,-1,1041,1013,1042,-1,1041,1042,1054,-1,1054,1042,1052,-1,1054,1052,1050,-1,1050,1052,1046,-1,1050,1046,1049,-1,1049,1046,1044,-1,1049,1044,1048,-1,1048,1044,1040,-1,1048,1040,775,-1,1039,775,1040,-1,751,1014,1023,-1,1023,1014,1041,-1,1023,1041,1022,-1,1022,1041,1054,-1,1022,1054,1021,-1,1021,1054,1020,-1,1033,1057,1034,-1,1034,1057,1058,-1,1034,1058,1035,-1,1035,1058,1037,-1,1037,1058,1059,-1,1037,1059,1036,-1,1036,1059,1060,-1,1036,1060,753,-1,1031,1061,1030,-1,1030,1061,1062,-1,1030,1062,1029,-1,1029,1062,1063,-1,770,1064,1065,-1,1065,1064,1066,-1,1065,1066,1067,-1,1067,1066,1068,-1,1067,1068,1069,-1,1069,1068,1070,-1,1025,1026,1071,-1,1071,1026,1027,-1,1071,1027,1063,-1,1063,1027,1028,-1,1063,1028,1029,-1,1061,1072,1062,-1,1062,1072,1073,-1,1062,1073,1063,-1,1063,1073,1074,-1,1063,1074,1071,-1,1071,1074,1075,-1,1076,1075,1069,-1,1069,1075,1074,-1,1069,1074,1067,-1,1067,1074,1073,-1,1067,1073,1065,-1,1065,1073,1072,-1,1065,1072,770,-1,1061,770,1072,-1,1031,1032,1061,-1,1061,1032,770,-1,1033,756,1057,-1,1057,756,1024,-1,1057,1024,1025,-1,1070,1077,1069,-1,1069,1077,1078,-1,1069,1078,1076,-1,1076,1078,1079,-1,1076,1079,1080,-1,1025,1071,1057,-1,1057,1071,1075,-1,1057,1075,1058,-1,1058,1075,1076,-1,1058,1076,1059,-1,1059,1076,1080,-1,1059,1080,1060,-1,754,753,1056,-1,1056,753,1060,-1,1056,1060,1055,-1,1055,1060,1080,-1,1055,1080,1053,-1,1053,1080,1079,-1,1053,1079,1051,-1,1051,1079,1078,-1,1051,1078,1047,-1,1047,1078,1077,-1,1047,1077,1045,-1,1045,1077,1070,-1,1045,1070,1043,-1,1043,1070,1068,-1,1043,1068,1038,-1,1038,1068,1066,-1,1038,1066,1039,-1,1039,1066,1064,-1,1039,1064,775,-1,775,1064,770,-1,1081,781,1082,-1,1082,781,774,-1,1082,774,1083,-1,1083,774,773,-1,1083,773,1084,-1,1084,773,772,-1,1084,772,1085,-1,1085,772,771,-1,1085,771,1086,-1,1086,771,769,-1,1086,769,1087,-1,1087,769,768,-1,1087,768,1088,-1,1088,768,767,-1,1088,767,1089,-1,1089,767,766,-1,1089,766,1090,-1,1090,766,764,-1,1090,764,1091,-1,1091,764,763,-1,1091,763,1092,-1,1092,763,758,-1,1092,758,1093,-1,1093,758,757,-1,1093,757,1094,-1,1094,757,780,-1,1094,780,1095,-1,1095,780,779,-1,1095,779,1096,-1,1096,779,777,-1,1096,777,1097,-1,1097,777,776,-1,1097,776,1098,-1,1098,776,788,-1,1098,788,1099,-1,1099,788,787,-1,1099,787,1100,-1,1100,787,786,-1,1100,786,1101,-1,1101,786,762,-1,1101,762,1102,-1,1102,762,785,-1,1102,785,1103,-1,1103,785,784,-1,1103,784,1104,-1,1104,784,782,-1,1104,782,1081,-1,1081,782,781,-1,1103,1104,1105,-1,1105,1104,1081,-1,1105,1081,1082,-1,1100,1101,1105,-1,1105,1101,1102,-1,1105,1102,1103,-1,1097,1098,1105,-1,1105,1098,1099,-1,1105,1099,1100,-1,1094,1095,1105,-1,1105,1095,1096,-1,1105,1096,1097,-1,1091,1092,1105,-1,1105,1092,1093,-1,1105,1093,1094,-1,1088,1089,1105,-1,1105,1089,1090,-1,1105,1090,1091,-1,1085,1086,1105,-1,1105,1086,1087,-1,1105,1087,1088,-1,1082,1083,1105,-1,1105,1083,1084,-1,1105,1084,1085,-1,
        ]
    }
}
Shape{
    appearance Appearance {
        material  Material 	{
            diffuseColor 0.6666666666666666 0.6980392156862745 0.7686274509803922
            specularColor 0.3333333333333333 0.34901960784313724 0.3843137254901961
            ambientIntensity 0.2
            transparency 0
            shininess 0.5
        }
    }
    geometry IndexedFaceSet {
        ccw TRUE
        solid FALSE
        coord DEF co Coordinate {
            point [
                0.9882 0.6398 0.0709, 0.9882 0.7382 0.0709, 0.9843 0.6398 0.0709, 0.9843 0.7382 0.0709, 0.9843 0.7382 0.0, 0.9882 0.7382 -0.0079, 0.878 0.7382 0.0, 0.878 0.7382 -0.0079, 0.8674 0.737 -0.0079, 0.8674 0.737 0.0, 0.8575 0.7335 -0.0079, 0.8575 0.7335 0.0, 0.8485 0.7279 -0.0079, 0.8485 0.7279 0.0, 0.841 0.7204 -0.0079, 0.841 0.7204 0.0, 0.8354 0.7114 -0.0079, 0.8354 0.7114 0.0, 0.8319 0.7015 -0.0079, 0.8319 0.7015 0.0, 0.8307 0.6909 -0.0079, 0.8307 0.6909 0.0, 0.8307 0.687 -0.0079, 0.8307 0.687 0.0, 0.8319 0.6765 -0.0079, 0.8319 0.6765 0.0, 0.8354 0.6665 -0.0079, 0.8354 0.6665 0.0, 0.841 0.6576 -0.0079, 0.841 0.6576 0.0, 0.8485 0.6501 -0.0079, 0.8485 0.6501 0.0, 0.8575 0.6444 -0.0079, 0.8575 0.6444 0.0, 0.8674 0.6409 -0.0079, 0.8674 0.6409 0.0, 0.878 0.6398 -0.0079, 0.878 0.6398 0.0, 0.9843 0.6398 0.0, 0.9882 0.6398 -0.0079, 0.9882 0.6398 -0.0079
            ]
        }
        coordIndex [
            0,1,2,-1,2,1,3,-1,3,1,4,-1,4,1,5,-1,4,5,6,-1,6,5,7,-1,6,7,8,-1,6,8,9,-1,9,8,10,-1,9,10,11,-1,11,10,12,-1,11,12,13,-1,13,12,14,-1,13,14,15,-1,15,14,16,-1,15,16,17,-1,17,16,18,-1,17,18,19,-1,19,18,20,-1,19,20,21,-1,20,22,21,-1,21,22,23,-1,23,22,24,-1,23,24,25,-1,25,24,26,-1,25,26,27,-1,27,26,28,-1,27,28,29,-1,29,28,30,-1,29,30,31,-1,31,30,32,-1,31,32,33,-1,33,32,34,-1,33,34,35,-1,35,34,36,-1,35,36,37,-1,37,36,38,-1,38,36,39,-1,38,39,2,-1,2,39,0,-1,
        ]
    }
}
Shape{
    appearance Appearance {
        material  Material 	{
            diffuseColor 0.6470588235294118 0.5176470588235295 0.0
            specularColor 0.45098039215686275 0.3607843137254902 0.0
            ambientIntensity 0.2
            transparency 0
            shininess 0.5
        }
    }
    geometry IndexedFaceSet {
        ccw TRUE
        solid FALSE
        coord DEF co Coordinate {
            point [
                0.9882 0.6398 -0.0079, 0.9882 0.6496 -0.0079, 0.9882 0.6496 0.0118, 0.9882 0.7283 -0.0079, 0.9882 0.7382 -0.0079, 0.9882 0.7283 0.0118, 0.9882 0.7382 0.0709, 0.9882 0.6398 0.0709, 0.9882 0.6398 0.0709
            ]
        }
        coordIndex [
            0,1,2,-1,3,4,5,-1,5,4,6,-1,5,6,2,-1,2,6,7,-1,2,7,0,-1,
        ]
    }
}
Shape{
    appearance Appearance {
        material  Material 	{
            diffuseColor 0.6666666666666666 0.6980392156862745 0.7686274509803922
            specularColor 0.3333333333333333 0.34901960784313724 0.3843137254901961
            ambientIntensity 0.2
            transparency 0
            shininess 0.5
        }
    }
    geometry IndexedFaceSet {
        ccw TRUE
        solid FALSE
        coord DEF co Coordinate {
            point [
                0.8319 0.6765 -0.0079, 0.8307 0.687 -0.0079, 0.9488 0.689 -0.0079, 0.8307 0.6909 -0.0079, 0.9685 0.7231 -0.0079, 0.878 0.7382 -0.0079, 0.978 0.727 -0.0079, 0.9882 0.7382 -0.0079, 0.9882 0.7283 -0.0079, 0.8575 0.6444 -0.0079, 0.8485 0.6501 -0.0079, 0.9502 0.6788 -0.0079, 0.841 0.6576 -0.0079, 0.8354 0.6665 -0.0079, 0.9604 0.7168 -0.0079, 0.9541 0.7087 -0.0079, 0.8674 0.737 -0.0079, 0.9502 0.6992 -0.0079, 0.8575 0.7335 -0.0079, 0.841 0.7204 -0.0079, 0.8485 0.7279 -0.0079, 0.9541 0.6693 -0.0079, 0.9604 0.6611 -0.0079, 0.878 0.6398 -0.0079, 0.9685 0.6549 -0.0079, 0.9882 0.6398 -0.0079, 0.978 0.6509 -0.0079, 0.9882 0.6496 -0.0079, 0.8319 0.7015 -0.0079, 0.8354 0.7114 -0.0079, 0.8674 0.6409 -0.0079, 0.9882 0.6496 0.0118, 0.978 0.6509 0.0118, 0.9685 0.6549 0.0118, 0.9604 0.6611 0.0118, 0.9541 0.6693 0.0118, 0.9502 0.6788 0.0118, 0.9488 0.689 0.0118, 0.9502 0.6992 0.0118, 0.9541 0.7087 0.0118, 0.9604 0.7168 0.0118, 0.9685 0.7231 0.0118, 0.978 0.727 0.0118, 0.9882 0.7283 0.0118, 0.9882 0.4429 0.0709, 0.9882 0.5413 0.0709, 0.9843 0.4429 0.0709, 0.9843 0.5413 0.0709, 0.9843 0.5413 0.0, 0.9882 0.5413 -0.0079, 0.878 0.5413 0.0, 0.878 0.5413 -0.0079, 0.8674 0.5402 -0.0079, 0.8674 0.5402 0.0, 0.8575 0.5367 -0.0079, 0.8575 0.5367 0.0, 0.8485 0.531 -0.0079, 0.8485 0.531 0.0, 0.841 0.5236 -0.0079, 0.841 0.5236 0.0, 0.8354 0.5146 -0.0079, 0.8354 0.5146 0.0, 0.8319 0.5046 -0.0079, 0.8319 0.5046 0.0, 0.8307 0.4941 -0.0079, 0.8307 0.4941 0.0, 0.8307 0.4902 -0.0079, 0.8307 0.4902 0.0, 0.8319 0.4796 -0.0079, 0.8319 0.4796 0.0, 0.8354 0.4697 -0.0079, 0.8354 0.4697 0.0, 0.841 0.4607 -0.0079, 0.841 0.4607 0.0, 0.8485 0.4532 -0.0079, 0.8485 0.4532 0.0, 0.8575 0.4476 -0.0079, 0.8575 0.4476 0.0, 0.8674 0.4441 -0.0079, 0.8674 0.4441 0.0, 0.878 0.4429 -0.0079, 0.878 0.4429 0.0, 0.9843 0.4429 0.0, 0.9882 0.4429 -0.0079, 0.9882 0.4429 -0.0079
            ]
        }
        coordIndex [
            0,1,2,-1,2,1,3,-1,4,5,6,-1,6,5,7,-1,6,7,8,-1,9,10,11,-1,11,10,12,-1,11,12,2,-1,2,12,13,-1,2,13,0,-1,4,14,5,-1,5,14,15,-1,5,15,16,-1,16,15,17,-1,16,17,18,-1,2,19,17,-1,17,19,20,-1,17,20,18,-1,21,22,23,-1,23,22,24,-1,23,24,25,-1,25,24,26,-1,25,26,27,-1,3,28,2,-1,2,28,29,-1,2,29,19,-1,21,23,11,-1,11,23,30,-1,11,30,9,-1,31,27,32,-1,32,27,26,-1,32,26,33,-1,33,26,24,-1,33,24,34,-1,34,24,22,-1,34,22,35,-1,35,22,21,-1,35,21,36,-1,36,21,11,-1,36,11,37,-1,37,11,2,-1,37,2,38,-1,38,2,17,-1,38,17,39,-1,39,17,15,-1,39,15,40,-1,40,15,14,-1,40,14,41,-1,41,14,4,-1,41,4,42,-1,42,4,6,-1,42,6,43,-1,43,6,8,-1,37,38,39,-1,31,32,43,-1,43,32,33,-1,37,39,36,-1,41,42,35,-1,35,42,43,-1,35,43,34,-1,34,43,33,-1,36,39,35,-1,35,39,40,-1,35,40,41,-1,44,45,46,-1,46,45,47,-1,47,45,48,-1,48,45,49,-1,48,49,50,-1,50,49,51,-1,50,51,52,-1,50,52,53,-1,53,52,54,-1,53,54,55,-1,55,54,56,-1,55,56,57,-1,57,56,58,-1,57,58,59,-1,59,58,60,-1,59,60,61,-1,61,60,62,-1,61,62,63,-1,63,62,64,-1,63,64,65,-1,64,66,65,-1,65,66,67,-1,67,66,68,-1,67,68,69,-1,69,68,70,-1,69,70,71,-1,71,70,72,-1,71,72,73,-1,73,72,74,-1,73,74,75,-1,75,74,76,-1,75,76,77,-1,77,76,78,-1,77,78,79,-1,79,78,80,-1,79,80,81,-1,81,80,82,-1,82,80,83,-1,82,83,46,-1,46,83,44,-1,
        ]
    }
}
Shape{
    appearance Appearance {
        material  Material 	{
            diffuseColor 0.6470588235294118 0.5176470588235295 0.0
            specularColor 0.45098039215686275 0.3607843137254902 0.0
            ambientIntensity 0.2
            transparency 0
            shininess 0.5
        }
    }
    geometry IndexedFaceSet {
        ccw TRUE
        solid FALSE
        coord DEF co Coordinate {
            point [
                0.9882 0.4429 -0.0079, 0.9882 0.4528 -0.0079, 0.9882 0.4528 0.0118, 0.9882 0.5315 -0.0079, 0.9882 0.5413 -0.0079, 0.9882 0.5315 0.0118, 0.9882 0.5413 0.0709, 0.9882 0.4429 0.0709, 0.9882 0.4429 0.0709
            ]
        }
        coordIndex [
            0,1,2,-1,3,4,5,-1,5,4,6,-1,5,6,2,-1,2,6,7,-1,2,7,0,-1,
        ]
    }
}
Shape{
    appearance Appearance {
        material  Material 	{
            diffuseColor 0.6666666666666666 0.6980392156862745 0.7686274509803922
            specularColor 0.3333333333333333 0.34901960784313724 0.3843137254901961
            ambientIntensity 0.2
            transparency 0
            shininess 0.5
        }
    }
    geometry IndexedFaceSet {
        ccw TRUE
        solid FALSE
        coord DEF co Coordinate {
            point [
                0.8319 0.4796 -0.0079, 0.8307 0.4902 -0.0079, 0.9488 0.4921 -0.0079, 0.8307 0.4941 -0.0079, 0.9685 0.5262 -0.0079, 0.878 0.5413 -0.0079, 0.978 0.5302 -0.0079, 0.9882 0.5413 -0.0079, 0.9882 0.5315 -0.0079, 0.8575 0.4476 -0.0079, 0.8485 0.4532 -0.0079, 0.9502 0.4819 -0.0079, 0.841 0.4607 -0.0079, 0.8354 0.4697 -0.0079, 0.9604 0.52 -0.0079, 0.9541 0.5118 -0.0079, 0.8674 0.5402 -0.0079, 0.9502 0.5023 -0.0079, 0.8575 0.5367 -0.0079, 0.841 0.5236 -0.0079, 0.8485 0.531 -0.0079, 0.9541 0.4724 -0.0079, 0.9604 0.4643 -0.0079, 0.878 0.4429 -0.0079, 0.9685 0.458 -0.0079, 0.9882 0.4429 -0.0079, 0.978 0.4541 -0.0079, 0.9882 0.4528 -0.0079, 0.8319 0.5046 -0.0079, 0.8354 0.5146 -0.0079, 0.8674 0.4441 -0.0079, 0.9882 0.2461 0.0709, 0.9882 0.3445 0.0709, 0.9843 0.2461 0.0709, 0.9843 0.3445 0.0709, 0.9843 0.3445 0.0, 0.9882 0.3445 -0.0079, 0.878 0.3445 0.0, 0.878 0.3445 -0.0079, 0.8674 0.3433 -0.0079, 0.8674 0.3433 0.0, 0.8575 0.3398 -0.0079, 0.8575 0.3398 0.0, 0.8485 0.3342 -0.0079, 0.8485 0.3342 0.0, 0.841 0.3267 -0.0079, 0.841 0.3267 0.0, 0.8354 0.3177 -0.0079, 0.8354 0.3177 0.0, 0.8319 0.3078 -0.0079, 0.8319 0.3078 0.0, 0.8307 0.2972 -0.0079, 0.8307 0.2972 0.0, 0.8307 0.2933 -0.0079, 0.8307 0.2933 0.0, 0.8319 0.2828 -0.0079, 0.8319 0.2828 0.0, 0.8354 0.2728 -0.0079, 0.8354 0.2728 0.0, 0.841 0.2639 -0.0079, 0.841 0.2639 0.0, 0.8485 0.2564 -0.0079, 0.8485 0.2564 0.0, 0.8575 0.2507 -0.0079, 0.8575 0.2507 0.0, 0.8674 0.2472 -0.0079, 0.8674 0.2472 0.0, 0.878 0.2461 -0.0079, 0.878 0.2461 0.0, 0.9843 0.2461 0.0, 0.9882 0.2461 -0.0079, 0.9882 0.2461 -0.0079
            ]
        }
        coordIndex [
            0,1,2,-1,2,1,3,-1,4,5,6,-1,6,5,7,-1,6,7,8,-1,9,10,11,-1,11,10,12,-1,11,12,2,-1,2,12,13,-1,2,13,0,-1,4,14,5,-1,5,14,15,-1,5,15,16,-1,16,15,17,-1,16,17,18,-1,2,19,17,-1,17,19,20,-1,17,20,18,-1,21,22,23,-1,23,22,24,-1,23,24,25,-1,25,24,26,-1,25,26,27,-1,3,28,2,-1,2,28,29,-1,2,29,19,-1,21,23,11,-1,11,23,30,-1,11,30,9,-1,31,32,33,-1,33,32,34,-1,34,32,35,-1,35,32,36,-1,35,36,37,-1,37,36,38,-1,37,38,39,-1,37,39,40,-1,40,39,41,-1,40,41,42,-1,42,41,43,-1,42,43,44,-1,44,43,45,-1,44,45,46,-1,46,45,47,-1,46,47,48,-1,48,47,49,-1,48,49,50,-1,50,49,51,-1,50,51,52,-1,51,53,52,-1,52,53,54,-1,54,53,55,-1,54,55,56,-1,56,55,57,-1,56,57,58,-1,58,57,59,-1,58,59,60,-1,60,59,61,-1,60,61,62,-1,62,61,63,-1,62,63,64,-1,64,63,65,-1,64,65,66,-1,66,65,67,-1,66,67,68,-1,68,67,69,-1,69,67,70,-1,69,70,33,-1,33,70,31,-1,
        ]
    }
}
Shape{
    appearance Appearance {
        material  Material 	{
            diffuseColor 0.6470588235294118 0.5176470588235295 0.0
            specularColor 0.45098039215686275 0.3607843137254902 0.0
            ambientIntensity 0.2
            transparency 0
            shininess 0.5
        }
    }
    geometry IndexedFaceSet {
        ccw TRUE
        solid FALSE
        coord DEF co Coordinate {
            point [
                0.9882 0.2461 -0.0079, 0.9882 0.2559 -0.0079, 0.9882 0.2559 0.0118, 0.9882 0.3346 -0.0079, 0.9882 0.3445 -0.0079, 0.9882 0.3346 0.0118, 0.9882 0.3445 0.0709, 0.9882 0.2461 0.0709, 0.9882 0.2461 0.0709
            ]
        }
        coordIndex [
            0,1,2,-1,3,4,5,-1,5,4,6,-1,5,6,2,-1,2,6,7,-1,2,7,0,-1,
        ]
    }
}
Shape{
    appearance Appearance {
        material  Material 	{
            diffuseColor 0.6666666666666666 0.6980392156862745 0.7686274509803922
            specularColor 0.3333333333333333 0.34901960784313724 0.3843137254901961
            ambientIntensity 0.2
            transparency 0
            shininess 0.5
        }
    }
    geometry IndexedFaceSet {
        ccw TRUE
        solid FALSE
        coord DEF co Coordinate {
            point [
                0.9621 0.2658 -0.0079, 0.9699 0.2604 -0.0079, 0.878 0.2461 -0.0079, 0.9699 0.3301 -0.0079, 0.878 0.3445 -0.0079, 0.9788 0.3335 -0.0079, 0.9882 0.3445 -0.0079, 0.9882 0.3346 -0.0079, 0.9882 0.2461 -0.0079, 0.9788 0.257 -0.0079, 0.9882 0.2559 -0.0079, 0.8319 0.2828 -0.0079, 0.8307 0.2933 -0.0079, 0.9491 0.2905 -0.0079, 0.8575 0.2507 -0.0079, 0.8485 0.2564 -0.0079, 0.8674 0.2472 -0.0079, 0.9514 0.2813 -0.0079, 0.9558 0.2729 -0.0079, 0.9621 0.3247 -0.0079, 0.9558 0.3176 -0.0079, 0.8674 0.3433 -0.0079, 0.9514 0.3092 -0.0079, 0.8575 0.3398 -0.0079, 0.9491 0.3 -0.0079, 0.8485 0.3342 -0.0079, 0.841 0.3267 -0.0079, 0.8307 0.2972 -0.0079, 0.8319 0.3078 -0.0079, 0.8354 0.3177 -0.0079, 0.841 0.2639 -0.0079, 0.8354 0.2728 -0.0079, 0.9882 0.0492 0.0709, 0.9882 0.1476 0.0709, 0.9843 0.0492 0.0709, 0.9843 0.1476 0.0709, 0.9843 0.1476 0.0, 0.9882 0.1476 -0.0079, 0.878 0.1476 0.0, 0.878 0.1476 -0.0079, 0.8674 0.1465 -0.0079, 0.8674 0.1465 0.0, 0.8575 0.143 -0.0079, 0.8575 0.143 0.0, 0.8485 0.1373 -0.0079, 0.8485 0.1373 0.0, 0.841 0.1298 -0.0079, 0.841 0.1298 0.0, 0.8354 0.1209 -0.0079, 0.8354 0.1209 0.0, 0.8319 0.1109 -0.0079, 0.8319 0.1109 0.0, 0.8307 0.1004 -0.0079, 0.8307 0.1004 0.0, 0.8307 0.0965 -0.0079, 0.8307 0.0965 0.0, 0.8319 0.0859 -0.0079, 0.8319 0.0859 0.0, 0.8354 0.076 -0.0079, 0.8354 0.076 0.0, 0.841 0.067 -0.0079, 0.841 0.067 0.0, 0.8485 0.0595 -0.0079, 0.8485 0.0595 0.0, 0.8575 0.0539 -0.0079, 0.8575 0.0539 0.0, 0.8674 0.0504 -0.0079, 0.8674 0.0504 0.0, 0.878 0.0492 -0.0079, 0.878 0.0492 0.0, 0.9843 0.0492 0.0, 0.9882 0.0492 -0.0079, 0.9882 0.0492 -0.0079
            ]
        }
        coordIndex [
            0,1,2,-1,3,4,5,-1,5,4,6,-1,5,6,7,-1,2,1,8,-1,8,1,9,-1,8,9,10,-1,11,12,13,-1,13,14,15,-1,14,13,16,-1,16,13,17,-1,16,17,2,-1,2,17,18,-1,2,18,0,-1,3,19,4,-1,4,19,20,-1,4,20,21,-1,21,20,22,-1,21,22,23,-1,23,22,24,-1,23,24,25,-1,25,24,26,-1,12,27,13,-1,13,27,28,-1,13,28,24,-1,24,28,29,-1,24,29,26,-1,15,30,13,-1,13,30,31,-1,13,31,11,-1,32,33,34,-1,34,33,35,-1,35,33,36,-1,36,33,37,-1,36,37,38,-1,38,37,39,-1,38,39,40,-1,38,40,41,-1,41,40,42,-1,41,42,43,-1,43,42,44,-1,43,44,45,-1,45,44,46,-1,45,46,47,-1,47,46,48,-1,47,48,49,-1,49,48,50,-1,49,50,51,-1,51,50,52,-1,51,52,53,-1,52,54,53,-1,53,54,55,-1,55,54,56,-1,55,56,57,-1,57,56,58,-1,57,58,59,-1,59,58,60,-1,59,60,61,-1,61,60,62,-1,61,62,63,-1,63,62,64,-1,63,64,65,-1,65,64,66,-1,65,66,67,-1,67,66,68,-1,67,68,69,-1,69,68,70,-1,70,68,71,-1,70,71,34,-1,34,71,32,-1,
        ]
    }
}
Shape{
    appearance Appearance {
        material  Material 	{
            diffuseColor 0.6470588235294118 0.5176470588235295 0.0
            specularColor 0.45098039215686275 0.3607843137254902 0.0
            ambientIntensity 0.2
            transparency 0
            shininess 0.5
        }
    }
    geometry IndexedFaceSet {
        ccw TRUE
        solid FALSE
        coord DEF co Coordinate {
            point [
                0.9882 0.0492 -0.0079, 0.9882 0.0591 -0.0079, 0.9882 0.0591 0.0118, 0.9882 0.1378 -0.0079, 0.9882 0.1476 -0.0079, 0.9882 0.1378 0.0118, 0.9882 0.1476 0.0709, 0.9882 0.0492 0.0709, 0.9882 0.0492 0.0709
            ]
        }
        coordIndex [
            0,1,2,-1,3,4,5,-1,5,4,6,-1,5,6,2,-1,2,6,7,-1,2,7,0,-1,
        ]
    }
}
Shape{
    appearance Appearance {
        material  Material 	{
            diffuseColor 0.6666666666666666 0.6980392156862745 0.7686274509803922
            specularColor 0.3333333333333333 0.34901960784313724 0.3843137254901961
            ambientIntensity 0.2
            transparency 0
            shininess 0.5
        }
    }
    geometry IndexedFaceSet {
        ccw TRUE
        solid FALSE
        coord DEF co Coordinate {
            point [
                0.9699 0.1333 -0.0079, 0.878 0.1476 -0.0079, 0.9788 0.1367 -0.0079, 0.9882 0.1476 -0.0079, 0.9882 0.1378 -0.0079, 0.9558 0.0761 -0.0079, 0.9621 0.069 -0.0079, 0.878 0.0492 -0.0079, 0.9699 0.0636 -0.0079, 0.9882 0.0492 -0.0079, 0.9788 0.0602 -0.0079, 0.9882 0.0591 -0.0079, 0.9621 0.1279 -0.0079, 0.9558 0.1208 -0.0079, 0.8674 0.1465 -0.0079, 0.9514 0.1124 -0.0079, 0.8575 0.143 -0.0079, 0.9491 0.1032 -0.0079, 0.8485 0.1373 -0.0079, 0.841 0.1298 -0.0079, 0.8485 0.0595 -0.0079, 0.841 0.067 -0.0079, 0.9491 0.0937 -0.0079, 0.8354 0.076 -0.0079, 0.8319 0.0859 -0.0079, 0.8307 0.0965 -0.0079, 0.8307 0.1004 -0.0079, 0.8319 0.1109 -0.0079, 0.8354 0.1209 -0.0079, 0.9514 0.0845 -0.0079, 0.8674 0.0504 -0.0079, 0.8575 0.0539 -0.0079, 0.9882 -0.1476 0.0709, 0.9882 -0.0492 0.0709, 0.9843 -0.1476 0.0709, 0.9843 -0.0492 0.0709, 0.9843 -0.0492 0.0, 0.9882 -0.0492 -0.0079, 0.878 -0.0492 0.0, 0.878 -0.0492 -0.0079, 0.8674 -0.0504 -0.0079, 0.8674 -0.0504 0.0, 0.8575 -0.0539 -0.0079, 0.8575 -0.0539 0.0, 0.8485 -0.0595 -0.0079, 0.8485 -0.0595 0.0, 0.841 -0.067 -0.0079, 0.841 -0.067 0.0, 0.8354 -0.076 -0.0079, 0.8354 -0.076 0.0, 0.8319 -0.0859 -0.0079, 0.8319 -0.0859 0.0, 0.8307 -0.0965 -0.0079, 0.8307 -0.0965 0.0, 0.8307 -0.1004 -0.0079, 0.8307 -0.1004 0.0, 0.8319 -0.1109 -0.0079, 0.8319 -0.1109 0.0, 0.8354 -0.1209 -0.0079, 0.8354 -0.1209 0.0, 0.841 -0.1298 -0.0079, 0.841 -0.1298 0.0, 0.8485 -0.1373 -0.0079, 0.8485 -0.1373 0.0, 0.8575 -0.143 -0.0079, 0.8575 -0.143 0.0, 0.8674 -0.1465 -0.0079, 0.8674 -0.1465 0.0, 0.878 -0.1476 -0.0079, 0.878 -0.1476 0.0, 0.9843 -0.1476 0.0, 0.9882 -0.1476 -0.0079, 0.9882 -0.1476 -0.0079
            ]
        }
        coordIndex [
            0,1,2,-1,2,1,3,-1,2,3,4,-1,5,6,7,-1,7,6,8,-1,7,8,9,-1,9,8,10,-1,9,10,11,-1,0,12,1,-1,1,12,13,-1,1,13,14,-1,14,13,15,-1,14,15,16,-1,16,15,17,-1,16,17,18,-1,18,17,19,-1,20,21,22,-1,21,23,22,-1,22,23,24,-1,22,24,25,-1,25,26,22,-1,22,26,27,-1,22,27,17,-1,17,27,28,-1,17,28,19,-1,5,7,29,-1,29,7,30,-1,29,30,22,-1,22,30,31,-1,22,31,20,-1,32,33,34,-1,34,33,35,-1,35,33,36,-1,36,33,37,-1,36,37,38,-1,38,37,39,-1,38,39,40,-1,38,40,41,-1,41,40,42,-1,41,42,43,-1,43,42,44,-1,43,44,45,-1,45,44,46,-1,45,46,47,-1,47,46,48,-1,47,48,49,-1,49,48,50,-1,49,50,51,-1,51,50,52,-1,51,52,53,-1,52,54,53,-1,53,54,55,-1,55,54,56,-1,55,56,57,-1,57,56,58,-1,57,58,59,-1,59,58,60,-1,59,60,61,-1,61,60,62,-1,61,62,63,-1,63,62,64,-1,63,64,65,-1,65,64,66,-1,65,66,67,-1,67,66,68,-1,67,68,69,-1,69,68,70,-1,70,68,71,-1,70,71,34,-1,34,71,32,-1,
        ]
    }
}
Shape{
    appearance Appearance {
        material  Material 	{
            diffuseColor 0.6470588235294118 0.5176470588235295 0.0
            specularColor 0.45098039215686275 0.3607843137254902 0.0
            ambientIntensity 0.2
            transparency 0
            shininess 0.5
        }
    }
    geometry IndexedFaceSet {
        ccw TRUE
        solid FALSE
        coord DEF co Coordinate {
            point [
                0.9882 -0.1476 -0.0079, 0.9882 -0.1378 -0.0079, 0.9882 -0.1378 0.0118, 0.9882 -0.0591 -0.0079, 0.9882 -0.0492 -0.0079, 0.9882 -0.0591 0.0118, 0.9882 -0.0492 0.0709, 0.9882 -0.1476 0.0709, 0.9882 -0.1476 0.0709
            ]
        }
        coordIndex [
            0,1,2,-1,3,4,5,-1,5,4,6,-1,5,6,2,-1,2,6,7,-1,2,7,0,-1,
        ]
    }
}
Shape{
    appearance Appearance {
        material  Material 	{
            diffuseColor 0.6666666666666666 0.6980392156862745 0.7686274509803922
            specularColor 0.3333333333333333 0.34901960784313724 0.3843137254901961
            ambientIntensity 0.2
            transparency 0
            shininess 0.5
        }
    }
    geometry IndexedFaceSet {
        ccw TRUE
        solid FALSE
        coord DEF co Coordinate {
            point [
                0.9699 -0.0636 -0.0079, 0.878 -0.0492 -0.0079, 0.9788 -0.0602 -0.0079, 0.9882 -0.0492 -0.0079, 0.9882 -0.0591 -0.0079, 0.9558 -0.1208 -0.0079, 0.9621 -0.1279 -0.0079, 0.878 -0.1476 -0.0079, 0.9699 -0.1333 -0.0079, 0.9882 -0.1476 -0.0079, 0.9788 -0.1367 -0.0079, 0.9882 -0.1378 -0.0079, 0.9621 -0.069 -0.0079, 0.9558 -0.0761 -0.0079, 0.8674 -0.0504 -0.0079, 0.9514 -0.0845 -0.0079, 0.8575 -0.0539 -0.0079, 0.9491 -0.0937 -0.0079, 0.8485 -0.0595 -0.0079, 0.841 -0.067 -0.0079, 0.8485 -0.1373 -0.0079, 0.841 -0.1298 -0.0079, 0.9491 -0.1032 -0.0079, 0.8354 -0.1209 -0.0079, 0.8319 -0.1109 -0.0079, 0.8307 -0.1004 -0.0079, 0.8307 -0.0965 -0.0079, 0.8319 -0.0859 -0.0079, 0.8354 -0.076 -0.0079, 0.9514 -0.1124 -0.0079, 0.8674 -0.1465 -0.0079, 0.8575 -0.143 -0.0079, 0.9882 -0.3445 0.0709, 0.9882 -0.2461 0.0709, 0.9843 -0.3445 0.0709, 0.9843 -0.2461 0.0709, 0.9843 -0.2461 0.0, 0.9882 -0.2461 -0.0079, 0.878 -0.2461 0.0, 0.878 -0.2461 -0.0079, 0.8674 -0.2472 -0.0079, 0.8674 -0.2472 0.0, 0.8575 -0.2507 -0.0079, 0.8575 -0.2507 0.0, 0.8485 -0.2564 -0.0079, 0.8485 -0.2564 0.0, 0.841 -0.2639 -0.0079, 0.841 -0.2639 0.0, 0.8354 -0.2728 -0.0079, 0.8354 -0.2728 0.0, 0.8319 -0.2828 -0.0079, 0.8319 -0.2828 0.0, 0.8307 -0.2933 -0.0079, 0.8307 -0.2933 0.0, 0.8307 -0.2972 -0.0079, 0.8307 -0.2972 0.0, 0.8319 -0.3078 -0.0079, 0.8319 -0.3078 0.0, 0.8354 -0.3177 -0.0079, 0.8354 -0.3177 0.0, 0.841 -0.3267 -0.0079, 0.841 -0.3267 0.0, 0.8485 -0.3342 -0.0079, 0.8485 -0.3342 0.0, 0.8575 -0.3398 -0.0079, 0.8575 -0.3398 0.0, 0.8674 -0.3433 -0.0079, 0.8674 -0.3433 0.0, 0.878 -0.3445 -0.0079, 0.878 -0.3445 0.0, 0.9843 -0.3445 0.0, 0.9882 -0.3445 -0.0079, 0.9882 -0.3445 -0.0079
            ]
        }
        coordIndex [
            0,1,2,-1,2,1,3,-1,2,3,4,-1,5,6,7,-1,7,6,8,-1,7,8,9,-1,9,8,10,-1,9,10,11,-1,0,12,1,-1,1,12,13,-1,1,13,14,-1,14,13,15,-1,14,15,16,-1,16,15,17,-1,16,17,18,-1,18,17,19,-1,20,21,22,-1,21,23,22,-1,22,23,24,-1,22,24,25,-1,25,26,22,-1,22,26,27,-1,22,27,17,-1,17,27,28,-1,17,28,19,-1,5,7,29,-1,29,7,30,-1,29,30,22,-1,22,30,31,-1,22,31,20,-1,32,33,34,-1,34,33,35,-1,35,33,36,-1,36,33,37,-1,36,37,38,-1,38,37,39,-1,38,39,40,-1,38,40,41,-1,41,40,42,-1,41,42,43,-1,43,42,44,-1,43,44,45,-1,45,44,46,-1,45,46,47,-1,47,46,48,-1,47,48,49,-1,49,48,50,-1,49,50,51,-1,51,50,52,-1,51,52,53,-1,52,54,53,-1,53,54,55,-1,55,54,56,-1,55,56,57,-1,57,56,58,-1,57,58,59,-1,59,58,60,-1,59,60,61,-1,61,60,62,-1,61,62,63,-1,63,62,64,-1,63,64,65,-1,65,64,66,-1,65,66,67,-1,67,66,68,-1,67,68,69,-1,69,68,70,-1,70,68,71,-1,70,71,34,-1,34,71,32,-1,
        ]
    }
}
Shape{
    appearance Appearance {
        material  Material 	{
            diffuseColor 0.6470588235294118 0.5176470588235295 0.0
            specularColor 0.45098039215686275 0.3607843137254902 0.0
            ambientIntensity 0.2
            transparency 0
            shininess 0.5
        }
    }
    geometry IndexedFaceSet {
        ccw TRUE
        solid FALSE
        coord DEF co Coordinate {
            point [
                0.9882 -0.3445 -0.0079, 0.9882 -0.3346 -0.0079, 0.9882 -0.3346 0.0118, 0.9882 -0.2559 -0.0079, 0.9882 -0.2461 -0.0079, 0.9882 -0.2559 0.0118, 0.9882 -0.2461 0.0709, 0.9882 -0.3445 0.0709, 0.9882 -0.3445 0.0709
            ]
        }
        coordIndex [
            0,1,2,-1,3,4,5,-1,5,4,6,-1,5,6,2,-1,2,6,7,-1,2,7,0,-1,
        ]
    }
}
Shape{
    appearance Appearance {
        material  Material 	{
            diffuseColor 0.6666666666666666 0.6980392156862745 0.7686274509803922
            specularColor 0.3333333333333333 0.34901960784313724 0.3843137254901961
            ambientIntensity 0.2
            transparency 0
            shininess 0.5
        }
    }
    geometry IndexedFaceSet {
        ccw TRUE
        solid FALSE
        coord DEF co Coordinate {
            point [
                0.9621 -0.3247 -0.0079, 0.9699 -0.3301 -0.0079, 0.878 -0.3445 -0.0079, 0.9699 -0.2604 -0.0079, 0.878 -0.2461 -0.0079, 0.9788 -0.257 -0.0079, 0.9882 -0.2461 -0.0079, 0.9882 -0.2559 -0.0079, 0.9882 -0.3445 -0.0079, 0.9788 -0.3335 -0.0079, 0.9882 -0.3346 -0.0079, 0.8319 -0.3078 -0.0079, 0.8307 -0.2972 -0.0079, 0.9491 -0.3 -0.0079, 0.8575 -0.3398 -0.0079, 0.8485 -0.3342 -0.0079, 0.8674 -0.3433 -0.0079, 0.9514 -0.3092 -0.0079, 0.9558 -0.3176 -0.0079, 0.9621 -0.2658 -0.0079, 0.9558 -0.2729 -0.0079, 0.8674 -0.2472 -0.0079, 0.9514 -0.2813 -0.0079, 0.8575 -0.2507 -0.0079, 0.9491 -0.2905 -0.0079, 0.8485 -0.2564 -0.0079, 0.841 -0.2639 -0.0079, 0.8307 -0.2933 -0.0079, 0.8319 -0.2828 -0.0079, 0.8354 -0.2728 -0.0079, 0.841 -0.3267 -0.0079, 0.8354 -0.3177 -0.0079, 0.9882 -0.5413 0.0709, 0.9882 -0.4429 0.0709, 0.9843 -0.5413 0.0709, 0.9843 -0.4429 0.0709, 0.9843 -0.4429 0.0, 0.9882 -0.4429 -0.0079, 0.878 -0.4429 0.0, 0.878 -0.4429 -0.0079, 0.8674 -0.4441 -0.0079, 0.8674 -0.4441 0.0, 0.8575 -0.4476 -0.0079, 0.8575 -0.4476 0.0, 0.8485 -0.4532 -0.0079, 0.8485 -0.4532 0.0, 0.841 -0.4607 -0.0079, 0.841 -0.4607 0.0, 0.8354 -0.4697 -0.0079, 0.8354 -0.4697 0.0, 0.8319 -0.4796 -0.0079, 0.8319 -0.4796 0.0, 0.8307 -0.4902 -0.0079, 0.8307 -0.4902 0.0, 0.8307 -0.4941 -0.0079, 0.8307 -0.4941 0.0, 0.8319 -0.5046 -0.0079, 0.8319 -0.5046 0.0, 0.8354 -0.5146 -0.0079, 0.8354 -0.5146 0.0, 0.841 -0.5236 -0.0079, 0.841 -0.5236 0.0, 0.8485 -0.531 -0.0079, 0.8485 -0.531 0.0, 0.8575 -0.5367 -0.0079, 0.8575 -0.5367 0.0, 0.8674 -0.5402 -0.0079, 0.8674 -0.5402 0.0, 0.878 -0.5413 -0.0079, 0.878 -0.5413 0.0, 0.9843 -0.5413 0.0, 0.9882 -0.5413 -0.0079, 0.9882 -0.5413 -0.0079
            ]
        }
        coordIndex [
            0,1,2,-1,3,4,5,-1,5,4,6,-1,5,6,7,-1,2,1,8,-1,8,1,9,-1,8,9,10,-1,11,12,13,-1,13,14,15,-1,14,13,16,-1,16,13,17,-1,16,17,2,-1,2,17,18,-1,2,18,0,-1,3,19,4,-1,4,19,20,-1,4,20,21,-1,21,20,22,-1,21,22,23,-1,23,22,24,-1,23,24,25,-1,25,24,26,-1,12,27,13,-1,13,27,28,-1,13,28,24,-1,24,28,29,-1,24,29,26,-1,15,30,13,-1,13,30,31,-1,13,31,11,-1,32,33,34,-1,34,33,35,-1,35,33,36,-1,36,33,37,-1,36,37,38,-1,38,37,39,-1,38,39,40,-1,38,40,41,-1,41,40,42,-1,41,42,43,-1,43,42,44,-1,43,44,45,-1,45,44,46,-1,45,46,47,-1,47,46,48,-1,47,48,49,-1,49,48,50,-1,49,50,51,-1,51,50,52,-1,51,52,53,-1,52,54,53,-1,53,54,55,-1,55,54,56,-1,55,56,57,-1,57,56,58,-1,57,58,59,-1,59,58,60,-1,59,60,61,-1,61,60,62,-1,61,62,63,-1,63,62,64,-1,63,64,65,-1,65,64,66,-1,65,66,67,-1,67,66,68,-1,67,68,69,-1,69,68,70,-1,70,68,71,-1,70,71,34,-1,34,71,32,-1,
        ]
    }
}
Shape{
    appearance Appearance {
        material  Material 	{
            diffuseColor 0.6470588235294118 0.5176470588235295 0.0
            specularColor 0.45098039215686275 0.3607843137254902 0.0
            ambientIntensity 0.2
            transparency 0
            shininess 0.5
        }
    }
    geometry IndexedFaceSet {
        ccw TRUE
        solid FALSE
        coord DEF co Coordinate {
            point [
                0.9882 -0.5413 -0.0079, 0.9882 -0.5315 -0.0079, 0.9882 -0.5315 0.0118, 0.9882 -0.4528 -0.0079, 0.9882 -0.4429 -0.0079, 0.9882 -0.4528 0.0118, 0.9882 -0.4429 0.0709, 0.9882 -0.5413 0.0709, 0.9882 -0.5413 0.0709
            ]
        }
        coordIndex [
            0,1,2,-1,3,4,5,-1,5,4,6,-1,5,6,2,-1,2,6,7,-1,2,7,0,-1,
        ]
    }
}
Shape{
    appearance Appearance {
        material  Material 	{
            diffuseColor 0.6666666666666666 0.6980392156862745 0.7686274509803922
            specularColor 0.3333333333333333 0.34901960784313724 0.3843137254901961
            ambientIntensity 0.2
            transparency 0
            shininess 0.5
        }
    }
    geometry IndexedFaceSet {
        ccw TRUE
        solid FALSE
        coord DEF co Coordinate {
            point [
                0.9699 -0.4573 -0.0079, 0.878 -0.4429 -0.0079, 0.9788 -0.4539 -0.0079, 0.9882 -0.4429 -0.0079, 0.9882 -0.4528 -0.0079, 0.8319 -0.5046 -0.0079, 0.8307 -0.4941 -0.0079, 0.9491 -0.4969 -0.0079, 0.9558 -0.5145 -0.0079, 0.9621 -0.5216 -0.0079, 0.878 -0.5413 -0.0079, 0.9699 -0.527 -0.0079, 0.9882 -0.5413 -0.0079, 0.9788 -0.5304 -0.0079, 0.9882 -0.5315 -0.0079, 0.9621 -0.4627 -0.0079, 0.9558 -0.4698 -0.0079, 0.8674 -0.4441 -0.0079, 0.9514 -0.4782 -0.0079, 0.8575 -0.4476 -0.0079, 0.9491 -0.4874 -0.0079, 0.8485 -0.4532 -0.0079, 0.841 -0.4607 -0.0079, 0.8307 -0.4902 -0.0079, 0.8319 -0.4796 -0.0079, 0.8354 -0.4697 -0.0079, 0.8485 -0.531 -0.0079, 0.841 -0.5236 -0.0079, 0.8354 -0.5146 -0.0079, 0.9514 -0.5061 -0.0079, 0.8674 -0.5402 -0.0079, 0.8575 -0.5367 -0.0079, 0.9882 -0.7382 0.0709, 0.9882 -0.6398 0.0709, 0.9843 -0.7382 0.0709, 0.9843 -0.6398 0.0709, 0.9843 -0.6398 0.0, 0.9882 -0.6398 -0.0079, 0.878 -0.6398 0.0, 0.878 -0.6398 -0.0079, 0.8674 -0.6409 -0.0079, 0.8674 -0.6409 0.0, 0.8575 -0.6444 -0.0079, 0.8575 -0.6444 0.0, 0.8485 -0.6501 -0.0079, 0.8485 -0.6501 0.0, 0.841 -0.6576 -0.0079, 0.841 -0.6576 0.0, 0.8354 -0.6665 -0.0079, 0.8354 -0.6665 0.0, 0.8319 -0.6765 -0.0079, 0.8319 -0.6765 0.0, 0.8307 -0.687 -0.0079, 0.8307 -0.687 0.0, 0.8307 -0.6909 -0.0079, 0.8307 -0.6909 0.0, 0.8319 -0.7015 -0.0079, 0.8319 -0.7015 0.0, 0.8354 -0.7114 -0.0079, 0.8354 -0.7114 0.0, 0.841 -0.7204 -0.0079, 0.841 -0.7204 0.0, 0.8485 -0.7279 -0.0079, 0.8485 -0.7279 0.0, 0.8575 -0.7335 -0.0079, 0.8575 -0.7335 0.0, 0.8674 -0.737 -0.0079, 0.8674 -0.737 0.0, 0.878 -0.7382 -0.0079, 0.878 -0.7382 0.0, 0.9843 -0.7382 0.0, 0.9882 -0.7382 -0.0079, 0.9882 -0.7382 -0.0079
            ]
        }
        coordIndex [
            0,1,2,-1,2,1,3,-1,2,3,4,-1,5,6,7,-1,8,9,10,-1,10,9,11,-1,10,11,12,-1,12,11,13,-1,12,13,14,-1,0,15,1,-1,1,15,16,-1,1,16,17,-1,17,16,18,-1,17,18,19,-1,19,18,20,-1,19,20,21,-1,21,20,22,-1,6,23,7,-1,7,23,24,-1,7,24,20,-1,20,24,25,-1,20,25,22,-1,26,27,7,-1,7,27,28,-1,7,28,5,-1,8,10,29,-1,29,10,30,-1,29,30,7,-1,7,30,31,-1,7,31,26,-1,32,33,34,-1,34,33,35,-1,35,33,36,-1,36,33,37,-1,36,37,38,-1,38,37,39,-1,38,39,40,-1,38,40,41,-1,41,40,42,-1,41,42,43,-1,43,42,44,-1,43,44,45,-1,45,44,46,-1,45,46,47,-1,47,46,48,-1,47,48,49,-1,49,48,50,-1,49,50,51,-1,51,50,52,-1,51,52,53,-1,52,54,53,-1,53,54,55,-1,55,54,56,-1,55,56,57,-1,57,56,58,-1,57,58,59,-1,59,58,60,-1,59,60,61,-1,61,60,62,-1,61,62,63,-1,63,62,64,-1,63,64,65,-1,65,64,66,-1,65,66,67,-1,67,66,68,-1,67,68,69,-1,69,68,70,-1,70,68,71,-1,70,71,34,-1,34,71,32,-1,
        ]
    }
}
Shape{
    appearance Appearance {
        material  Material 	{
            diffuseColor 0.6470588235294118 0.5176470588235295 0.0
            specularColor 0.45098039215686275 0.3607843137254902 0.0
            ambientIntensity 0.2
            transparency 0
            shininess 0.5
        }
    }
    geometry IndexedFaceSet {
        ccw TRUE
        solid FALSE
        coord DEF co Coordinate {
            point [
                0.9882 -0.7382 -0.0079, 0.9882 -0.7283 -0.0079, 0.9882 -0.7283 0.0118, 0.9882 -0.6496 -0.0079, 0.9882 -0.6398 -0.0079, 0.9882 -0.6496 0.0118, 0.9882 -0.6398 0.0709, 0.9882 -0.7382 0.0709, 0.9882 -0.7382 0.0709
            ]
        }
        coordIndex [
            0,1,2,-1,3,4,5,-1,5,4,6,-1,5,6,2,-1,2,6,7,-1,2,7,0,-1,
        ]
    }
}
Shape{
    appearance Appearance {
        material  Material 	{
            diffuseColor 0.6666666666666666 0.6980392156862745 0.7686274509803922
            specularColor 0.3333333333333333 0.34901960784313724 0.3843137254901961
            ambientIntensity 0.2
            transparency 0
            shininess 0.5
        }
    }
    geometry IndexedFaceSet {
        ccw TRUE
        solid FALSE
        coord DEF co Coordinate {
            point [
                0.9699 -0.6541 -0.0079, 0.878 -0.6398 -0.0079, 0.9788 -0.6508 -0.0079, 0.9882 -0.6398 -0.0079, 0.9882 -0.6496 -0.0079, 0.8319 -0.7015 -0.0079, 0.8307 -0.6909 -0.0079, 0.9491 -0.6937 -0.0079, 0.9558 -0.7113 -0.0079, 0.9621 -0.7184 -0.0079, 0.878 -0.7382 -0.0079, 0.9699 -0.7238 -0.0079, 0.9882 -0.7382 -0.0079, 0.9788 -0.7272 -0.0079, 0.9882 -0.7283 -0.0079, 0.9621 -0.6595 -0.0079, 0.9558 -0.6666 -0.0079, 0.8674 -0.6409 -0.0079, 0.9514 -0.675 -0.0079, 0.8575 -0.6444 -0.0079, 0.9491 -0.6842 -0.0079, 0.8485 -0.6501 -0.0079, 0.841 -0.6576 -0.0079, 0.8307 -0.687 -0.0079, 0.8319 -0.6765 -0.0079, 0.8354 -0.6665 -0.0079, 0.8485 -0.7279 -0.0079, 0.841 -0.7204 -0.0079, 0.8354 -0.7114 -0.0079, 0.9514 -0.7029 -0.0079, 0.8674 -0.737 -0.0079, 0.8575 -0.7335 -0.0079, 0.9882 -0.7283 0.0118, 0.9788 -0.7272 0.0118, 0.9699 -0.7238 0.0118, 0.9621 -0.7184 0.0118, 0.9558 -0.7113 0.0118, 0.9514 -0.7029 0.0118, 0.9491 -0.6937 0.0118, 0.9491 -0.6842 0.0118, 0.9514 -0.675 0.0118, 0.9558 -0.6666 0.0118, 0.9621 -0.6595 0.0118, 0.9699 -0.6541 0.0118, 0.9788 -0.6508 0.0118, 0.9882 -0.6496 0.0118, 0.9882 -0.5315 0.0118, 0.9882 -0.5315 -0.0079, 0.9788 -0.5304 0.0118, 0.9788 -0.5304 -0.0079, 0.9699 -0.527 0.0118, 0.9699 -0.527 -0.0079, 0.9621 -0.5216 0.0118, 0.9621 -0.5216 -0.0079, 0.9558 -0.5145 0.0118, 0.9558 -0.5145 -0.0079, 0.9514 -0.5061 0.0118, 0.9514 -0.5061 -0.0079, 0.9491 -0.4969 0.0118, 0.9491 -0.4969 -0.0079, 0.9491 -0.4874 0.0118, 0.9491 -0.4874 -0.0079, 0.9514 -0.4782 0.0118, 0.9514 -0.4782 -0.0079, 0.9558 -0.4698 0.0118, 0.9558 -0.4698 -0.0079, 0.9621 -0.4627 0.0118, 0.9621 -0.4627 -0.0079, 0.9699 -0.4573 0.0118, 0.9699 -0.4573 -0.0079, 0.9788 -0.4539 0.0118, 0.9788 -0.4539 -0.0079, 0.9882 -0.4528 0.0118, 0.9882 -0.4528 -0.0079, 0.9882 -0.3346 0.0118, 0.9882 -0.3346 -0.0079, 0.9788 -0.3335 0.0118, 0.9788 -0.3335 -0.0079, 0.9699 -0.3301 0.0118, 0.9699 -0.3301 -0.0079, 0.9621 -0.3247 0.0118, 0.9621 -0.3247 -0.0079, 0.9558 -0.3176 0.0118, 0.9558 -0.3176 -0.0079, 0.9514 -0.3092 0.0118, 0.9514 -0.3092 -0.0079, 0.9491 -0.3 0.0118, 0.9491 -0.3 -0.0079, 0.9491 -0.2905 0.0118, 0.9491 -0.2905 -0.0079, 0.9514 -0.2813 0.0118, 0.9514 -0.2813 -0.0079, 0.9558 -0.2729 0.0118, 0.9558 -0.2729 -0.0079, 0.9621 -0.2658 0.0118, 0.9621 -0.2658 -0.0079, 0.9699 -0.2604 0.0118, 0.9699 -0.2604 -0.0079, 0.9788 -0.257 0.0118, 0.9788 -0.257 -0.0079, 0.9882 -0.2559 0.0118, 0.9882 -0.2559 -0.0079, 0.9882 -0.1378 0.0118, 0.9882 -0.1378 -0.0079, 0.9788 -0.1367 0.0118, 0.9788 -0.1367 -0.0079, 0.9699 -0.1333 0.0118, 0.9699 -0.1333 -0.0079, 0.9621 -0.1279 0.0118, 0.9621 -0.1279 -0.0079, 0.9558 -0.1208 0.0118, 0.9558 -0.1208 -0.0079, 0.9514 -0.1124 0.0118, 0.9514 -0.1124 -0.0079, 0.9491 -0.1032 0.0118, 0.9491 -0.1032 -0.0079, 0.9491 -0.0937 0.0118, 0.9491 -0.0937 -0.0079, 0.9514 -0.0845 0.0118, 0.9514 -0.0845 -0.0079, 0.9558 -0.0761 0.0118, 0.9558 -0.0761 -0.0079, 0.9621 -0.069 0.0118, 0.9621 -0.069 -0.0079, 0.9699 -0.0636 0.0118, 0.9699 -0.0636 -0.0079, 0.9788 -0.0602 0.0118, 0.9788 -0.0602 -0.0079, 0.9882 -0.0591 0.0118, 0.9882 -0.0591 -0.0079, 0.9882 0.0591 0.0118, 0.9882 0.0591 -0.0079, 0.9788 0.0602 0.0118, 0.9788 0.0602 -0.0079, 0.9699 0.0636 0.0118, 0.9699 0.0636 -0.0079, 0.9621 0.069 0.0118, 0.9621 0.069 -0.0079, 0.9558 0.0761 0.0118, 0.9558 0.0761 -0.0079, 0.9514 0.0845 0.0118, 0.9514 0.0845 -0.0079, 0.9491 0.0937 0.0118, 0.9491 0.0937 -0.0079, 0.9491 0.1032 0.0118, 0.9491 0.1032 -0.0079, 0.9514 0.1124 0.0118, 0.9514 0.1124 -0.0079, 0.9558 0.1208 0.0118, 0.9558 0.1208 -0.0079, 0.9621 0.1279 0.0118, 0.9621 0.1279 -0.0079, 0.9699 0.1333 0.0118, 0.9699 0.1333 -0.0079, 0.9788 0.1367 0.0118, 0.9788 0.1367 -0.0079, 0.9882 0.1378 0.0118, 0.9882 0.1378 -0.0079, 0.9882 0.2559 0.0118, 0.9882 0.2559 -0.0079, 0.9788 0.257 0.0118, 0.9788 0.257 -0.0079, 0.9699 0.2604 0.0118, 0.9699 0.2604 -0.0079, 0.9621 0.2658 0.0118, 0.9621 0.2658 -0.0079, 0.9558 0.2729 0.0118, 0.9558 0.2729 -0.0079, 0.9514 0.2813 0.0118, 0.9514 0.2813 -0.0079, 0.9491 0.2905 0.0118, 0.9491 0.2905 -0.0079, 0.9491 0.3 0.0118, 0.9491 0.3 -0.0079, 0.9514 0.3092 0.0118, 0.9514 0.3092 -0.0079, 0.9558 0.3176 0.0118, 0.9558 0.3176 -0.0079, 0.9621 0.3247 0.0118, 0.9621 0.3247 -0.0079, 0.9699 0.3301 0.0118, 0.9699 0.3301 -0.0079, 0.9788 0.3335 0.0118, 0.9788 0.3335 -0.0079, 0.9882 0.3346 0.0118, 0.9882 0.3346 -0.0079, 0.9882 0.4528 0.0118, 0.9882 0.4528 -0.0079, 0.978 0.4541 0.0118, 0.978 0.4541 -0.0079, 0.9685 0.458 0.0118, 0.9685 0.458 -0.0079, 0.9604 0.4643 0.0118, 0.9604 0.4643 -0.0079, 0.9541 0.4724 0.0118, 0.9541 0.4724 -0.0079, 0.9502 0.4819 0.0118, 0.9502 0.4819 -0.0079, 0.9488 0.4921 0.0118, 0.9488 0.4921 -0.0079, 0.9502 0.5023 0.0118, 0.9502 0.5023 -0.0079, 0.9541 0.5118 0.0118, 0.9541 0.5118 -0.0079, 0.9604 0.52 0.0118, 0.9604 0.52 -0.0079, 0.9685 0.5262 0.0118, 0.9685 0.5262 -0.0079, 0.978 0.5302 0.0118, 0.978 0.5302 -0.0079, 0.9882 0.5315 0.0118, 0.9882 0.5315 -0.0079, -0.6398 0.9882 0.0709, -0.7382 0.9882 0.0709, -0.6398 0.9843 0.0709, -0.7382 0.9843 0.0709, -0.7382 0.9843 0.0, -0.7382 0.9882 -0.0079, -0.7382 0.878 0.0, -0.7382 0.878 -0.0079, -0.737 0.8674 -0.0079, -0.737 0.8674 0.0, -0.7335 0.8575 -0.0079, -0.7335 0.8575 0.0, -0.7279 0.8485 -0.0079, -0.7279 0.8485 0.0, -0.7204 0.841 -0.0079, -0.7204 0.841 0.0, -0.7114 0.8354 -0.0079, -0.7114 0.8354 0.0, -0.7015 0.8319 -0.0079, -0.7015 0.8319 0.0, -0.6909 0.8307 -0.0079, -0.6909 0.8307 0.0, -0.687 0.8307 -0.0079, -0.687 0.8307 0.0, -0.6765 0.8319 -0.0079, -0.6765 0.8319 0.0, -0.6665 0.8354 -0.0079, -0.6665 0.8354 0.0, -0.6576 0.841 -0.0079, -0.6576 0.841 0.0, -0.6501 0.8485 -0.0079, -0.6501 0.8485 0.0, -0.6444 0.8575 -0.0079, -0.6444 0.8575 0.0, -0.6409 0.8674 -0.0079, -0.6409 0.8674 0.0, -0.6398 0.878 -0.0079, -0.6398 0.878 0.0, -0.6398 0.9843 0.0, -0.6398 0.9882 -0.0079, -0.6398 0.9882 -0.0079
            ]
        }
        coordIndex [
            0,1,2,-1,2,1,3,-1,2,3,4,-1,5,6,7,-1,8,9,10,-1,10,9,11,-1,10,11,12,-1,12,11,13,-1,12,13,14,-1,0,15,1,-1,1,15,16,-1,1,16,17,-1,17,16,18,-1,17,18,19,-1,19,18,20,-1,19,20,21,-1,21,20,22,-1,6,23,7,-1,7,23,24,-1,7,24,20,-1,20,24,25,-1,20,25,22,-1,26,27,7,-1,7,27,28,-1,7,28,5,-1,8,10,29,-1,29,10,30,-1,29,30,7,-1,7,30,31,-1,7,31,26,-1,32,14,33,-1,33,14,13,-1,33,13,34,-1,34,13,11,-1,34,11,35,-1,35,11,9,-1,35,9,36,-1,36,9,8,-1,36,8,37,-1,37,8,29,-1,37,29,38,-1,38,29,7,-1,38,7,39,-1,39,7,20,-1,39,20,40,-1,40,20,18,-1,40,18,41,-1,41,18,16,-1,41,16,42,-1,42,16,15,-1,42,15,43,-1,43,15,0,-1,43,0,44,-1,44,0,2,-1,44,2,45,-1,45,2,4,-1,32,33,45,-1,45,33,34,-1,45,34,35,-1,38,39,45,-1,45,39,40,-1,45,40,44,-1,35,36,45,-1,45,36,37,-1,45,37,38,-1,41,42,40,-1,40,42,43,-1,40,43,44,-1,46,47,48,-1,48,47,49,-1,48,49,50,-1,50,49,51,-1,50,51,52,-1,52,51,53,-1,52,53,54,-1,54,53,55,-1,54,55,56,-1,56,55,57,-1,56,57,58,-1,58,57,59,-1,58,59,60,-1,60,59,61,-1,60,61,62,-1,62,61,63,-1,62,63,64,-1,64,63,65,-1,64,65,66,-1,66,65,67,-1,66,67,68,-1,68,67,69,-1,68,69,70,-1,70,69,71,-1,70,71,72,-1,72,71,73,-1,46,48,72,-1,72,48,50,-1,72,50,52,-1,58,60,72,-1,72,60,62,-1,72,62,70,-1,52,54,72,-1,72,54,56,-1,72,56,58,-1,64,66,62,-1,62,66,68,-1,62,68,70,-1,74,75,76,-1,76,75,77,-1,76,77,78,-1,78,77,79,-1,78,79,80,-1,80,79,81,-1,80,81,82,-1,82,81,83,-1,82,83,84,-1,84,83,85,-1,84,85,86,-1,86,85,87,-1,86,87,88,-1,88,87,89,-1,88,89,90,-1,90,89,91,-1,90,91,92,-1,92,91,93,-1,92,93,94,-1,94,93,95,-1,94,95,96,-1,96,95,97,-1,96,97,98,-1,98,97,99,-1,98,99,100,-1,100,99,101,-1,74,76,100,-1,100,76,78,-1,84,86,92,-1,92,86,88,-1,92,88,90,-1,84,92,82,-1,82,92,94,-1,82,94,96,-1,78,80,100,-1,100,80,82,-1,100,82,98,-1,98,82,96,-1,102,103,104,-1,104,103,105,-1,104,105,106,-1,106,105,107,-1,106,107,108,-1,108,107,109,-1,108,109,110,-1,110,109,111,-1,110,111,112,-1,112,111,113,-1,112,113,114,-1,114,113,115,-1,114,115,116,-1,116,115,117,-1,116,117,118,-1,118,117,119,-1,118,119,120,-1,120,119,121,-1,120,121,122,-1,122,121,123,-1,122,123,124,-1,124,123,125,-1,124,125,126,-1,126,125,127,-1,126,127,128,-1,128,127,129,-1,128,110,112,-1,128,102,104,-1,112,114,128,-1,128,114,116,-1,128,116,118,-1,104,106,128,-1,128,106,108,-1,128,108,110,-1,118,120,128,-1,128,120,122,-1,128,122,126,-1,126,122,124,-1,130,131,132,-1,132,131,133,-1,132,133,134,-1,134,133,135,-1,134,135,136,-1,136,135,137,-1,136,137,138,-1,138,137,139,-1,138,139,140,-1,140,139,141,-1,140,141,142,-1,142,141,143,-1,142,143,144,-1,144,143,145,-1,144,145,146,-1,146,145,147,-1,146,147,148,-1,148,147,149,-1,148,149,150,-1,150,149,151,-1,150,151,152,-1,152,151,153,-1,152,153,154,-1,154,153,155,-1,154,155,156,-1,156,155,157,-1,156,138,140,-1,156,130,132,-1,140,142,156,-1,156,142,144,-1,156,144,146,-1,132,134,156,-1,156,134,136,-1,156,136,138,-1,146,148,156,-1,156,148,150,-1,156,150,154,-1,154,150,152,-1,158,159,160,-1,160,159,161,-1,160,161,162,-1,162,161,163,-1,162,163,164,-1,164,163,165,-1,164,165,166,-1,166,165,167,-1,166,167,168,-1,168,167,169,-1,168,169,170,-1,170,169,171,-1,170,171,172,-1,172,171,173,-1,172,173,174,-1,174,173,175,-1,174,175,176,-1,176,175,177,-1,176,177,178,-1,178,177,179,-1,178,179,180,-1,180,179,181,-1,180,181,182,-1,182,181,183,-1,182,183,184,-1,184,183,185,-1,158,160,184,-1,184,160,162,-1,168,170,176,-1,176,170,172,-1,176,172,174,-1,168,176,166,-1,166,176,178,-1,166,178,180,-1,162,164,184,-1,184,164,166,-1,184,166,182,-1,182,166,180,-1,186,187,188,-1,188,187,189,-1,188,189,190,-1,190,189,191,-1,190,191,192,-1,192,191,193,-1,192,193,194,-1,194,193,195,-1,194,195,196,-1,196,195,197,-1,196,197,198,-1,198,197,199,-1,198,199,200,-1,200,199,201,-1,200,201,202,-1,202,201,203,-1,202,203,204,-1,204,203,205,-1,204,205,206,-1,206,205,207,-1,206,207,208,-1,208,207,209,-1,208,209,210,-1,210,209,211,-1,198,200,202,-1,186,188,210,-1,210,188,190,-1,198,202,196,-1,206,208,194,-1,194,208,210,-1,194,210,192,-1,192,210,190,-1,196,202,194,-1,194,202,204,-1,194,204,206,-1,212,213,214,-1,214,213,215,-1,215,213,216,-1,216,213,217,-1,216,217,218,-1,218,217,219,-1,218,219,220,-1,218,220,221,-1,221,220,222,-1,221,222,223,-1,223,222,224,-1,223,224,225,-1,225,224,226,-1,225,226,227,-1,227,226,228,-1,227,228,229,-1,229,228,230,-1,229,230,231,-1,231,230,232,-1,231,232,233,-1,232,234,233,-1,233,234,235,-1,235,234,236,-1,235,236,237,-1,237,236,238,-1,237,238,239,-1,239,238,240,-1,239,240,241,-1,241,240,242,-1,241,242,243,-1,243,242,244,-1,243,244,245,-1,245,244,246,-1,245,246,247,-1,247,246,248,-1,247,248,249,-1,249,248,250,-1,250,248,251,-1,250,251,214,-1,214,251,212,-1,
        ]
    }
}
Shape{
    appearance Appearance {
        material  Material 	{
            diffuseColor 0.6470588235294118 0.5176470588235295 0.0
            specularColor 0.45098039215686275 0.3607843137254902 0.0
            ambientIntensity 0.2
            transparency 0
            shininess 0.5
        }
    }
    geometry IndexedFaceSet {
        ccw TRUE
        solid FALSE
        coord DEF co Coordinate {
            point [
                -0.6398 0.9882 -0.0079, -0.6496 0.9882 -0.0079, -0.6496 0.9882 0.0118, -0.7283 0.9882 -0.0079, -0.7382 0.9882 -0.0079, -0.7283 0.9882 0.0118, -0.7382 0.9882 0.0709, -0.6398 0.9882 0.0709, -0.6398 0.9882 0.0709
            ]
        }
        coordIndex [
            0,1,2,-1,3,4,5,-1,5,4,6,-1,5,6,2,-1,2,6,7,-1,2,7,0,-1,
        ]
    }
}
Shape{
    appearance Appearance {
        material  Material 	{
            diffuseColor 0.6666666666666666 0.6980392156862745 0.7686274509803922
            specularColor 0.3333333333333333 0.34901960784313724 0.3843137254901961
            ambientIntensity 0.2
            transparency 0
            shininess 0.5
        }
    }
    geometry IndexedFaceSet {
        ccw TRUE
        solid FALSE
        coord DEF co Coordinate {
            point [
                -0.6693 0.9541 -0.0079, -0.6611 0.9604 -0.0079, -0.6398 0.878 -0.0079, -0.6549 0.9685 -0.0079, -0.6398 0.9882 -0.0079, -0.6509 0.978 -0.0079, -0.6496 0.9882 -0.0079, -0.7231 0.9685 -0.0079, -0.7382 0.878 -0.0079, -0.727 0.978 -0.0079, -0.7382 0.9882 -0.0079, -0.7283 0.9882 -0.0079, -0.7168 0.9604 -0.0079, -0.7087 0.9541 -0.0079, -0.737 0.8674 -0.0079, -0.6992 0.9502 -0.0079, -0.7335 0.8575 -0.0079, -0.6765 0.8319 -0.0079, -0.687 0.8307 -0.0079, -0.689 0.9488 -0.0079, -0.6909 0.8307 -0.0079, -0.7015 0.8319 -0.0079, -0.6444 0.8575 -0.0079, -0.6501 0.8485 -0.0079, -0.6788 0.9502 -0.0079, -0.6576 0.841 -0.0079, -0.6665 0.8354 -0.0079, -0.6409 0.8674 -0.0079, -0.7114 0.8354 -0.0079, -0.7204 0.841 -0.0079, -0.7279 0.8485 -0.0079, -0.4429 0.9882 0.0709, -0.5413 0.9882 0.0709, -0.4429 0.9843 0.0709, -0.5413 0.9843 0.0709, -0.5413 0.9843 0.0, -0.5413 0.9882 -0.0079, -0.5413 0.878 0.0, -0.5413 0.878 -0.0079, -0.5402 0.8674 -0.0079, -0.5402 0.8674 0.0, -0.5367 0.8575 -0.0079, -0.5367 0.8575 0.0, -0.531 0.8485 -0.0079, -0.531 0.8485 0.0, -0.5236 0.841 -0.0079, -0.5236 0.841 0.0, -0.5146 0.8354 -0.0079, -0.5146 0.8354 0.0, -0.5046 0.8319 -0.0079, -0.5046 0.8319 0.0, -0.4941 0.8307 -0.0079, -0.4941 0.8307 0.0, -0.4902 0.8307 -0.0079, -0.4902 0.8307 0.0, -0.4796 0.8319 -0.0079, -0.4796 0.8319 0.0, -0.4697 0.8354 -0.0079, -0.4697 0.8354 0.0, -0.4607 0.841 -0.0079, -0.4607 0.841 0.0, -0.4532 0.8485 -0.0079, -0.4532 0.8485 0.0, -0.4476 0.8575 -0.0079, -0.4476 0.8575 0.0, -0.4441 0.8674 -0.0079, -0.4441 0.8674 0.0, -0.4429 0.878 -0.0079, -0.4429 0.878 0.0, -0.4429 0.9843 0.0, -0.4429 0.9882 -0.0079, -0.4429 0.9882 -0.0079
            ]
        }
        coordIndex [
            0,1,2,-1,2,1,3,-1,2,3,4,-1,4,3,5,-1,4,5,6,-1,7,8,9,-1,9,8,10,-1,9,10,11,-1,7,12,8,-1,8,12,13,-1,8,13,14,-1,14,13,15,-1,14,15,16,-1,17,18,19,-1,19,18,20,-1,19,20,21,-1,22,23,24,-1,24,23,25,-1,24,25,19,-1,19,25,26,-1,19,26,17,-1,0,2,24,-1,24,2,27,-1,24,27,22,-1,21,28,19,-1,19,28,29,-1,19,29,15,-1,15,29,30,-1,15,30,16,-1,31,32,33,-1,33,32,34,-1,34,32,35,-1,35,32,36,-1,35,36,37,-1,37,36,38,-1,37,38,39,-1,37,39,40,-1,40,39,41,-1,40,41,42,-1,42,41,43,-1,42,43,44,-1,44,43,45,-1,44,45,46,-1,46,45,47,-1,46,47,48,-1,48,47,49,-1,48,49,50,-1,50,49,51,-1,50,51,52,-1,51,53,52,-1,52,53,54,-1,54,53,55,-1,54,55,56,-1,56,55,57,-1,56,57,58,-1,58,57,59,-1,58,59,60,-1,60,59,61,-1,60,61,62,-1,62,61,63,-1,62,63,64,-1,64,63,65,-1,64,65,66,-1,66,65,67,-1,66,67,68,-1,68,67,69,-1,69,67,70,-1,69,70,33,-1,33,70,31,-1,
        ]
    }
}
Shape{
    appearance Appearance {
        material  Material 	{
            diffuseColor 0.6470588235294118 0.5176470588235295 0.0
            specularColor 0.45098039215686275 0.3607843137254902 0.0
            ambientIntensity 0.2
            transparency 0
            shininess 0.5
        }
    }
    geometry IndexedFaceSet {
        ccw TRUE
        solid FALSE
        coord DEF co Coordinate {
            point [
                -0.4429 0.9882 -0.0079, -0.4528 0.9882 -0.0079, -0.4528 0.9882 0.0118, -0.5315 0.9882 -0.0079, -0.5413 0.9882 -0.0079, -0.5315 0.9882 0.0118, -0.5413 0.9882 0.0709, -0.4429 0.9882 0.0709, -0.4429 0.9882 0.0709
            ]
        }
        coordIndex [
            0,1,2,-1,3,4,5,-1,5,4,6,-1,5,6,2,-1,2,6,7,-1,2,7,0,-1,
        ]
    }
}
Shape{
    appearance Appearance {
        material  Material 	{
            diffuseColor 0.6666666666666666 0.6980392156862745 0.7686274509803922
            specularColor 0.3333333333333333 0.34901960784313724 0.3843137254901961
            ambientIntensity 0.2
            transparency 0
            shininess 0.5
        }
    }
    geometry IndexedFaceSet {
        ccw TRUE
        solid FALSE
        coord DEF co Coordinate {
            point [
                -0.4724 0.9541 -0.0079, -0.4643 0.9604 -0.0079, -0.4429 0.878 -0.0079, -0.458 0.9685 -0.0079, -0.4429 0.9882 -0.0079, -0.4541 0.978 -0.0079, -0.4528 0.9882 -0.0079, -0.5262 0.9685 -0.0079, -0.5413 0.878 -0.0079, -0.5302 0.978 -0.0079, -0.5413 0.9882 -0.0079, -0.5315 0.9882 -0.0079, -0.52 0.9604 -0.0079, -0.5118 0.9541 -0.0079, -0.5402 0.8674 -0.0079, -0.5023 0.9502 -0.0079, -0.5367 0.8575 -0.0079, -0.4796 0.8319 -0.0079, -0.4902 0.8307 -0.0079, -0.4921 0.9488 -0.0079, -0.4941 0.8307 -0.0079, -0.5046 0.8319 -0.0079, -0.4476 0.8575 -0.0079, -0.4532 0.8485 -0.0079, -0.4819 0.9502 -0.0079, -0.4607 0.841 -0.0079, -0.4697 0.8354 -0.0079, -0.4441 0.8674 -0.0079, -0.5146 0.8354 -0.0079, -0.5236 0.841 -0.0079, -0.531 0.8485 -0.0079, -0.2461 0.9882 0.0709, -0.3445 0.9882 0.0709, -0.2461 0.9843 0.0709, -0.3445 0.9843 0.0709, -0.3445 0.9843 0.0, -0.3445 0.9882 -0.0079, -0.3445 0.878 0.0, -0.3445 0.878 -0.0079, -0.3433 0.8674 -0.0079, -0.3433 0.8674 0.0, -0.3398 0.8575 -0.0079, -0.3398 0.8575 0.0, -0.3342 0.8485 -0.0079, -0.3342 0.8485 0.0, -0.3267 0.841 -0.0079, -0.3267 0.841 0.0, -0.3177 0.8354 -0.0079, -0.3177 0.8354 0.0, -0.3078 0.8319 -0.0079, -0.3078 0.8319 0.0, -0.2972 0.8307 -0.0079, -0.2972 0.8307 0.0, -0.2933 0.8307 -0.0079, -0.2933 0.8307 0.0, -0.2828 0.8319 -0.0079, -0.2828 0.8319 0.0, -0.2728 0.8354 -0.0079, -0.2728 0.8354 0.0, -0.2639 0.841 -0.0079, -0.2639 0.841 0.0, -0.2564 0.8485 -0.0079, -0.2564 0.8485 0.0, -0.2507 0.8575 -0.0079, -0.2507 0.8575 0.0, -0.2472 0.8674 -0.0079, -0.2472 0.8674 0.0, -0.2461 0.878 -0.0079, -0.2461 0.878 0.0, -0.2461 0.9843 0.0, -0.2461 0.9882 -0.0079, -0.2461 0.9882 -0.0079
            ]
        }
        coordIndex [
            0,1,2,-1,2,1,3,-1,2,3,4,-1,4,3,5,-1,4,5,6,-1,7,8,9,-1,9,8,10,-1,9,10,11,-1,7,12,8,-1,8,12,13,-1,8,13,14,-1,14,13,15,-1,14,15,16,-1,17,18,19,-1,19,18,20,-1,19,20,21,-1,22,23,24,-1,24,23,25,-1,24,25,19,-1,19,25,26,-1,19,26,17,-1,0,2,24,-1,24,2,27,-1,24,27,22,-1,21,28,19,-1,19,28,29,-1,19,29,15,-1,15,29,30,-1,15,30,16,-1,31,32,33,-1,33,32,34,-1,34,32,35,-1,35,32,36,-1,35,36,37,-1,37,36,38,-1,37,38,39,-1,37,39,40,-1,40,39,41,-1,40,41,42,-1,42,41,43,-1,42,43,44,-1,44,43,45,-1,44,45,46,-1,46,45,47,-1,46,47,48,-1,48,47,49,-1,48,49,50,-1,50,49,51,-1,50,51,52,-1,51,53,52,-1,52,53,54,-1,54,53,55,-1,54,55,56,-1,56,55,57,-1,56,57,58,-1,58,57,59,-1,58,59,60,-1,60,59,61,-1,60,61,62,-1,62,61,63,-1,62,63,64,-1,64,63,65,-1,64,65,66,-1,66,65,67,-1,66,67,68,-1,68,67,69,-1,69,67,70,-1,69,70,33,-1,33,70,31,-1,
        ]
    }
}
Shape{
    appearance Appearance {
        material  Material 	{
            diffuseColor 0.6470588235294118 0.5176470588235295 0.0
            specularColor 0.45098039215686275 0.3607843137254902 0.0
            ambientIntensity 0.2
            transparency 0
            shininess 0.5
        }
    }
    geometry IndexedFaceSet {
        ccw TRUE
        solid FALSE
        coord DEF co Coordinate {
            point [
                -0.2461 0.9882 -0.0079, -0.2559 0.9882 -0.0079, -0.2559 0.9882 0.0118, -0.3346 0.9882 -0.0079, -0.3445 0.9882 -0.0079, -0.3346 0.9882 0.0118, -0.3445 0.9882 0.0709, -0.2461 0.9882 0.0709, -0.2461 0.9882 0.0709
            ]
        }
        coordIndex [
            0,1,2,-1,3,4,5,-1,5,4,6,-1,5,6,2,-1,2,6,7,-1,2,7,0,-1,
        ]
    }
}
Shape{
    appearance Appearance {
        material  Material 	{
            diffuseColor 0.6666666666666666 0.6980392156862745 0.7686274509803922
            specularColor 0.3333333333333333 0.34901960784313724 0.3843137254901961
            ambientIntensity 0.2
            transparency 0
            shininess 0.5
        }
    }
    geometry IndexedFaceSet {
        ccw TRUE
        solid FALSE
        coord DEF co Coordinate {
            point [
                -0.2756 0.9541 -0.0079, -0.2674 0.9604 -0.0079, -0.2461 0.878 -0.0079, -0.2612 0.9685 -0.0079, -0.2461 0.9882 -0.0079, -0.2572 0.978 -0.0079, -0.2559 0.9882 -0.0079, -0.3294 0.9685 -0.0079, -0.3445 0.878 -0.0079, -0.3333 0.978 -0.0079, -0.3445 0.9882 -0.0079, -0.3346 0.9882 -0.0079, -0.3231 0.9604 -0.0079, -0.315 0.9541 -0.0079, -0.3433 0.8674 -0.0079, -0.3055 0.9502 -0.0079, -0.3398 0.8575 -0.0079, -0.2828 0.8319 -0.0079, -0.2933 0.8307 -0.0079, -0.2953 0.9488 -0.0079, -0.2972 0.8307 -0.0079, -0.3078 0.8319 -0.0079, -0.2507 0.8575 -0.0079, -0.2564 0.8485 -0.0079, -0.2851 0.9502 -0.0079, -0.2639 0.841 -0.0079, -0.2728 0.8354 -0.0079, -0.2472 0.8674 -0.0079, -0.3177 0.8354 -0.0079, -0.3267 0.841 -0.0079, -0.3342 0.8485 -0.0079, -0.0492 0.9882 0.0709, -0.1476 0.9882 0.0709, -0.0492 0.9843 0.0709, -0.1476 0.9843 0.0709, -0.1476 0.9843 0.0, -0.1476 0.9882 -0.0079, -0.1476 0.878 0.0, -0.1476 0.878 -0.0079, -0.1465 0.8674 -0.0079, -0.1465 0.8674 0.0, -0.143 0.8575 -0.0079, -0.143 0.8575 0.0, -0.1373 0.8485 -0.0079, -0.1373 0.8485 0.0, -0.1298 0.841 -0.0079, -0.1298 0.841 0.0, -0.1209 0.8354 -0.0079, -0.1209 0.8354 0.0, -0.1109 0.8319 -0.0079, -0.1109 0.8319 0.0, -0.1004 0.8307 -0.0079, -0.1004 0.8307 0.0, -0.0965 0.8307 -0.0079, -0.0965 0.8307 0.0, -0.0859 0.8319 -0.0079, -0.0859 0.8319 0.0, -0.076 0.8354 -0.0079, -0.076 0.8354 0.0, -0.067 0.841 -0.0079, -0.067 0.841 0.0, -0.0595 0.8485 -0.0079, -0.0595 0.8485 0.0, -0.0539 0.8575 -0.0079, -0.0539 0.8575 0.0, -0.0504 0.8674 -0.0079, -0.0504 0.8674 0.0, -0.0492 0.878 -0.0079, -0.0492 0.878 0.0, -0.0492 0.9843 0.0, -0.0492 0.9882 -0.0079, -0.0492 0.9882 -0.0079
            ]
        }
        coordIndex [
            0,1,2,-1,2,1,3,-1,2,3,4,-1,4,3,5,-1,4,5,6,-1,7,8,9,-1,9,8,10,-1,9,10,11,-1,7,12,8,-1,8,12,13,-1,8,13,14,-1,14,13,15,-1,14,15,16,-1,17,18,19,-1,19,18,20,-1,19,20,21,-1,22,23,24,-1,24,23,25,-1,24,25,19,-1,19,25,26,-1,19,26,17,-1,0,2,24,-1,24,2,27,-1,24,27,22,-1,21,28,19,-1,19,28,29,-1,19,29,15,-1,15,29,30,-1,15,30,16,-1,31,32,33,-1,33,32,34,-1,34,32,35,-1,35,32,36,-1,35,36,37,-1,37,36,38,-1,37,38,39,-1,37,39,40,-1,40,39,41,-1,40,41,42,-1,42,41,43,-1,42,43,44,-1,44,43,45,-1,44,45,46,-1,46,45,47,-1,46,47,48,-1,48,47,49,-1,48,49,50,-1,50,49,51,-1,50,51,52,-1,51,53,52,-1,52,53,54,-1,54,53,55,-1,54,55,56,-1,56,55,57,-1,56,57,58,-1,58,57,59,-1,58,59,60,-1,60,59,61,-1,60,61,62,-1,62,61,63,-1,62,63,64,-1,64,63,65,-1,64,65,66,-1,66,65,67,-1,66,67,68,-1,68,67,69,-1,69,67,70,-1,69,70,33,-1,33,70,31,-1,
        ]
    }
}
Shape{
    appearance Appearance {
        material  Material 	{
            diffuseColor 0.6470588235294118 0.5176470588235295 0.0
            specularColor 0.45098039215686275 0.3607843137254902 0.0
            ambientIntensity 0.2
            transparency 0
            shininess 0.5
        }
    }
    geometry IndexedFaceSet {
        ccw TRUE
        solid FALSE
        coord DEF co Coordinate {
            point [
                -0.0492 0.9882 -0.0079, -0.0591 0.9882 -0.0079, -0.0591 0.9882 0.0118, -0.1378 0.9882 -0.0079, -0.1476 0.9882 -0.0079, -0.1378 0.9882 0.0118, -0.1476 0.9882 0.0709, -0.0492 0.9882 0.0709, -0.0492 0.9882 0.0709
            ]
        }
        coordIndex [
            0,1,2,-1,3,4,5,-1,5,4,6,-1,5,6,2,-1,2,6,7,-1,2,7,0,-1,
        ]
    }
}
Shape{
    appearance Appearance {
        material  Material 	{
            diffuseColor 0.6666666666666666 0.6980392156862745 0.7686274509803922
            specularColor 0.3333333333333333 0.34901960784313724 0.3843137254901961
            ambientIntensity 0.2
            transparency 0
            shininess 0.5
        }
    }
    geometry IndexedFaceSet {
        ccw TRUE
        solid FALSE
        coord DEF co Coordinate {
            point [
                -0.0787 0.9541 -0.0079, -0.0706 0.9604 -0.0079, -0.0492 0.878 -0.0079, -0.0643 0.9685 -0.0079, -0.0492 0.9882 -0.0079, -0.0604 0.978 -0.0079, -0.0591 0.9882 -0.0079, -0.1325 0.9685 -0.0079, -0.1476 0.878 -0.0079, -0.1365 0.978 -0.0079, -0.1476 0.9882 -0.0079, -0.1378 0.9882 -0.0079, -0.1263 0.9604 -0.0079, -0.1181 0.9541 -0.0079, -0.1465 0.8674 -0.0079, -0.1086 0.9502 -0.0079, -0.143 0.8575 -0.0079, -0.0859 0.8319 -0.0079, -0.0965 0.8307 -0.0079, -0.0984 0.9488 -0.0079, -0.1004 0.8307 -0.0079, -0.1109 0.8319 -0.0079, -0.0539 0.8575 -0.0079, -0.0595 0.8485 -0.0079, -0.0882 0.9502 -0.0079, -0.067 0.841 -0.0079, -0.076 0.8354 -0.0079, -0.0504 0.8674 -0.0079, -0.1209 0.8354 -0.0079, -0.1298 0.841 -0.0079, -0.1373 0.8485 -0.0079, 0.1476 0.9882 0.0709, 0.0492 0.9882 0.0709, 0.1476 0.9843 0.0709, 0.0492 0.9843 0.0709, 0.0492 0.9843 0.0, 0.0492 0.9882 -0.0079, 0.0492 0.878 0.0, 0.0492 0.878 -0.0079, 0.0504 0.8674 -0.0079, 0.0504 0.8674 0.0, 0.0539 0.8575 -0.0079, 0.0539 0.8575 0.0, 0.0595 0.8485 -0.0079, 0.0595 0.8485 0.0, 0.067 0.841 -0.0079, 0.067 0.841 0.0, 0.076 0.8354 -0.0079, 0.076 0.8354 0.0, 0.0859 0.8319 -0.0079, 0.0859 0.8319 0.0, 0.0965 0.8307 -0.0079, 0.0965 0.8307 0.0, 0.1004 0.8307 -0.0079, 0.1004 0.8307 0.0, 0.1109 0.8319 -0.0079, 0.1109 0.8319 0.0, 0.1209 0.8354 -0.0079, 0.1209 0.8354 0.0, 0.1298 0.841 -0.0079, 0.1298 0.841 0.0, 0.1373 0.8485 -0.0079, 0.1373 0.8485 0.0, 0.143 0.8575 -0.0079, 0.143 0.8575 0.0, 0.1465 0.8674 -0.0079, 0.1465 0.8674 0.0, 0.1476 0.878 -0.0079, 0.1476 0.878 0.0, 0.1476 0.9843 0.0, 0.1476 0.9882 -0.0079, 0.1476 0.9882 -0.0079
            ]
        }
        coordIndex [
            0,1,2,-1,2,1,3,-1,2,3,4,-1,4,3,5,-1,4,5,6,-1,7,8,9,-1,9,8,10,-1,9,10,11,-1,7,12,8,-1,8,12,13,-1,8,13,14,-1,14,13,15,-1,14,15,16,-1,17,18,19,-1,19,18,20,-1,19,20,21,-1,22,23,24,-1,24,23,25,-1,24,25,19,-1,19,25,26,-1,19,26,17,-1,0,2,24,-1,24,2,27,-1,24,27,22,-1,21,28,19,-1,19,28,29,-1,19,29,15,-1,15,29,30,-1,15,30,16,-1,31,32,33,-1,33,32,34,-1,34,32,35,-1,35,32,36,-1,35,36,37,-1,37,36,38,-1,37,38,39,-1,37,39,40,-1,40,39,41,-1,40,41,42,-1,42,41,43,-1,42,43,44,-1,44,43,45,-1,44,45,46,-1,46,45,47,-1,46,47,48,-1,48,47,49,-1,48,49,50,-1,50,49,51,-1,50,51,52,-1,51,53,52,-1,52,53,54,-1,54,53,55,-1,54,55,56,-1,56,55,57,-1,56,57,58,-1,58,57,59,-1,58,59,60,-1,60,59,61,-1,60,61,62,-1,62,61,63,-1,62,63,64,-1,64,63,65,-1,64,65,66,-1,66,65,67,-1,66,67,68,-1,68,67,69,-1,69,67,70,-1,69,70,33,-1,33,70,31,-1,
        ]
    }
}
Shape{
    appearance Appearance {
        material  Material 	{
            diffuseColor 0.6470588235294118 0.5176470588235295 0.0
            specularColor 0.45098039215686275 0.3607843137254902 0.0
            ambientIntensity 0.2
            transparency 0
            shininess 0.5
        }
    }
    geometry IndexedFaceSet {
        ccw TRUE
        solid FALSE
        coord DEF co Coordinate {
            point [
                0.1476 0.9882 -0.0079, 0.1378 0.9882 -0.0079, 0.1378 0.9882 0.0118, 0.0591 0.9882 -0.0079, 0.0492 0.9882 -0.0079, 0.0591 0.9882 0.0118, 0.0492 0.9882 0.0709, 0.1476 0.9882 0.0709, 0.1476 0.9882 0.0709
            ]
        }
        coordIndex [
            0,1,2,-1,3,4,5,-1,5,4,6,-1,5,6,2,-1,2,6,7,-1,2,7,0,-1,
        ]
    }
}
Shape{
    appearance Appearance {
        material  Material 	{
            diffuseColor 0.6666666666666666 0.6980392156862745 0.7686274509803922
            specularColor 0.3333333333333333 0.34901960784313724 0.3843137254901961
            ambientIntensity 0.2
            transparency 0
            shininess 0.5
        }
    }
    geometry IndexedFaceSet {
        ccw TRUE
        solid FALSE
        coord DEF co Coordinate {
            point [
                0.1181 0.9541 -0.0079, 0.1263 0.9604 -0.0079, 0.1476 0.878 -0.0079, 0.1325 0.9685 -0.0079, 0.1476 0.9882 -0.0079, 0.1365 0.978 -0.0079, 0.1378 0.9882 -0.0079, 0.0643 0.9685 -0.0079, 0.0492 0.878 -0.0079, 0.0604 0.978 -0.0079, 0.0492 0.9882 -0.0079, 0.0591 0.9882 -0.0079, 0.0706 0.9604 -0.0079, 0.0787 0.9541 -0.0079, 0.0504 0.8674 -0.0079, 0.0882 0.9502 -0.0079, 0.0539 0.8575 -0.0079, 0.1109 0.8319 -0.0079, 0.1004 0.8307 -0.0079, 0.0984 0.9488 -0.0079, 0.0965 0.8307 -0.0079, 0.0859 0.8319 -0.0079, 0.143 0.8575 -0.0079, 0.1373 0.8485 -0.0079, 0.1086 0.9502 -0.0079, 0.1298 0.841 -0.0079, 0.1209 0.8354 -0.0079, 0.1465 0.8674 -0.0079, 0.076 0.8354 -0.0079, 0.067 0.841 -0.0079, 0.0595 0.8485 -0.0079, 0.3445 0.9882 0.0709, 0.2461 0.9882 0.0709, 0.3445 0.9843 0.0709, 0.2461 0.9843 0.0709, 0.2461 0.9843 0.0, 0.2461 0.9882 -0.0079, 0.2461 0.878 0.0, 0.2461 0.878 -0.0079, 0.2472 0.8674 -0.0079, 0.2472 0.8674 0.0, 0.2507 0.8575 -0.0079, 0.2507 0.8575 0.0, 0.2564 0.8485 -0.0079, 0.2564 0.8485 0.0, 0.2639 0.841 -0.0079, 0.2639 0.841 0.0, 0.2728 0.8354 -0.0079, 0.2728 0.8354 0.0, 0.2828 0.8319 -0.0079, 0.2828 0.8319 0.0, 0.2933 0.8307 -0.0079, 0.2933 0.8307 0.0, 0.2972 0.8307 -0.0079, 0.2972 0.8307 0.0, 0.3078 0.8319 -0.0079, 0.3078 0.8319 0.0, 0.3177 0.8354 -0.0079, 0.3177 0.8354 0.0, 0.3267 0.841 -0.0079, 0.3267 0.841 0.0, 0.3342 0.8485 -0.0079, 0.3342 0.8485 0.0, 0.3398 0.8575 -0.0079, 0.3398 0.8575 0.0, 0.3433 0.8674 -0.0079, 0.3433 0.8674 0.0, 0.3445 0.878 -0.0079, 0.3445 0.878 0.0, 0.3445 0.9843 0.0, 0.3445 0.9882 -0.0079, 0.3445 0.9882 -0.0079
            ]
        }
        coordIndex [
            0,1,2,-1,2,1,3,-1,2,3,4,-1,4,3,5,-1,4,5,6,-1,7,8,9,-1,9,8,10,-1,9,10,11,-1,7,12,8,-1,8,12,13,-1,8,13,14,-1,14,13,15,-1,14,15,16,-1,17,18,19,-1,19,18,20,-1,19,20,21,-1,22,23,24,-1,24,23,25,-1,24,25,19,-1,19,25,26,-1,19,26,17,-1,0,2,24,-1,24,2,27,-1,24,27,22,-1,21,28,19,-1,19,28,29,-1,19,29,15,-1,15,29,30,-1,15,30,16,-1,31,32,33,-1,33,32,34,-1,34,32,35,-1,35,32,36,-1,35,36,37,-1,37,36,38,-1,37,38,39,-1,37,39,40,-1,40,39,41,-1,40,41,42,-1,42,41,43,-1,42,43,44,-1,44,43,45,-1,44,45,46,-1,46,45,47,-1,46,47,48,-1,48,47,49,-1,48,49,50,-1,50,49,51,-1,50,51,52,-1,51,53,52,-1,52,53,54,-1,54,53,55,-1,54,55,56,-1,56,55,57,-1,56,57,58,-1,58,57,59,-1,58,59,60,-1,60,59,61,-1,60,61,62,-1,62,61,63,-1,62,63,64,-1,64,63,65,-1,64,65,66,-1,66,65,67,-1,66,67,68,-1,68,67,69,-1,69,67,70,-1,69,70,33,-1,33,70,31,-1,
        ]
    }
}
Shape{
    appearance Appearance {
        material  Material 	{
            diffuseColor 0.6470588235294118 0.5176470588235295 0.0
            specularColor 0.45098039215686275 0.3607843137254902 0.0
            ambientIntensity 0.2
            transparency 0
            shininess 0.5
        }
    }
    geometry IndexedFaceSet {
        ccw TRUE
        solid FALSE
        coord DEF co Coordinate {
            point [
                0.3445 0.9882 -0.0079, 0.3346 0.9882 -0.0079, 0.3346 0.9882 0.0118, 0.2559 0.9882 -0.0079, 0.2461 0.9882 -0.0079, 0.2559 0.9882 0.0118, 0.2461 0.9882 0.0709, 0.3445 0.9882 0.0709, 0.3445 0.9882 0.0709
            ]
        }
        coordIndex [
            0,1,2,-1,3,4,5,-1,5,4,6,-1,5,6,2,-1,2,6,7,-1,2,7,0,-1,
        ]
    }
}
Shape{
    appearance Appearance {
        material  Material 	{
            diffuseColor 0.6666666666666666 0.6980392156862745 0.7686274509803922
            specularColor 0.3333333333333333 0.34901960784313724 0.3843137254901961
            ambientIntensity 0.2
            transparency 0
            shininess 0.5
        }
    }
    geometry IndexedFaceSet {
        ccw TRUE
        solid FALSE
        coord DEF co Coordinate {
            point [
                0.315 0.9541 -0.0079, 0.3231 0.9604 -0.0079, 0.3445 0.878 -0.0079, 0.3294 0.9685 -0.0079, 0.3445 0.9882 -0.0079, 0.3333 0.978 -0.0079, 0.3346 0.9882 -0.0079, 0.2612 0.9685 -0.0079, 0.2461 0.878 -0.0079, 0.2572 0.978 -0.0079, 0.2461 0.9882 -0.0079, 0.2559 0.9882 -0.0079, 0.2674 0.9604 -0.0079, 0.2756 0.9541 -0.0079, 0.2472 0.8674 -0.0079, 0.2851 0.9502 -0.0079, 0.2507 0.8575 -0.0079, 0.3078 0.8319 -0.0079, 0.2972 0.8307 -0.0079, 0.2953 0.9488 -0.0079, 0.2933 0.8307 -0.0079, 0.2828 0.8319 -0.0079, 0.3398 0.8575 -0.0079, 0.3342 0.8485 -0.0079, 0.3055 0.9502 -0.0079, 0.3267 0.841 -0.0079, 0.3177 0.8354 -0.0079, 0.3433 0.8674 -0.0079, 0.2728 0.8354 -0.0079, 0.2639 0.841 -0.0079, 0.2564 0.8485 -0.0079, 0.5413 0.9882 0.0709, 0.4429 0.9882 0.0709, 0.5413 0.9843 0.0709, 0.4429 0.9843 0.0709, 0.4429 0.9843 0.0, 0.4429 0.9882 -0.0079, 0.4429 0.878 0.0, 0.4429 0.878 -0.0079, 0.4441 0.8674 -0.0079, 0.4441 0.8674 0.0, 0.4476 0.8575 -0.0079, 0.4476 0.8575 0.0, 0.4532 0.8485 -0.0079, 0.4532 0.8485 0.0, 0.4607 0.841 -0.0079, 0.4607 0.841 0.0, 0.4697 0.8354 -0.0079, 0.4697 0.8354 0.0, 0.4796 0.8319 -0.0079, 0.4796 0.8319 0.0, 0.4902 0.8307 -0.0079, 0.4902 0.8307 0.0, 0.4941 0.8307 -0.0079, 0.4941 0.8307 0.0, 0.5046 0.8319 -0.0079, 0.5046 0.8319 0.0, 0.5146 0.8354 -0.0079, 0.5146 0.8354 0.0, 0.5236 0.841 -0.0079, 0.5236 0.841 0.0, 0.531 0.8485 -0.0079, 0.531 0.8485 0.0, 0.5367 0.8575 -0.0079, 0.5367 0.8575 0.0, 0.5402 0.8674 -0.0079, 0.5402 0.8674 0.0, 0.5413 0.878 -0.0079, 0.5413 0.878 0.0, 0.5413 0.9843 0.0, 0.5413 0.9882 -0.0079, 0.5413 0.9882 -0.0079
            ]
        }
        coordIndex [
            0,1,2,-1,2,1,3,-1,2,3,4,-1,4,3,5,-1,4,5,6,-1,7,8,9,-1,9,8,10,-1,9,10,11,-1,7,12,8,-1,8,12,13,-1,8,13,14,-1,14,13,15,-1,14,15,16,-1,17,18,19,-1,19,18,20,-1,19,20,21,-1,22,23,24,-1,24,23,25,-1,24,25,19,-1,19,25,26,-1,19,26,17,-1,0,2,24,-1,24,2,27,-1,24,27,22,-1,21,28,19,-1,19,28,29,-1,19,29,15,-1,15,29,30,-1,15,30,16,-1,31,32,33,-1,33,32,34,-1,34,32,35,-1,35,32,36,-1,35,36,37,-1,37,36,38,-1,37,38,39,-1,37,39,40,-1,40,39,41,-1,40,41,42,-1,42,41,43,-1,42,43,44,-1,44,43,45,-1,44,45,46,-1,46,45,47,-1,46,47,48,-1,48,47,49,-1,48,49,50,-1,50,49,51,-1,50,51,52,-1,51,53,52,-1,52,53,54,-1,54,53,55,-1,54,55,56,-1,56,55,57,-1,56,57,58,-1,58,57,59,-1,58,59,60,-1,60,59,61,-1,60,61,62,-1,62,61,63,-1,62,63,64,-1,64,63,65,-1,64,65,66,-1,66,65,67,-1,66,67,68,-1,68,67,69,-1,69,67,70,-1,69,70,33,-1,33,70,31,-1,
        ]
    }
}
Shape{
    appearance Appearance {
        material  Material 	{
            diffuseColor 0.6470588235294118 0.5176470588235295 0.0
            specularColor 0.45098039215686275 0.3607843137254902 0.0
            ambientIntensity 0.2
            transparency 0
            shininess 0.5
        }
    }
    geometry IndexedFaceSet {
        ccw TRUE
        solid FALSE
        coord DEF co Coordinate {
            point [
                0.5413 0.9882 -0.0079, 0.5315 0.9882 -0.0079, 0.5315 0.9882 0.0118, 0.4528 0.9882 -0.0079, 0.4429 0.9882 -0.0079, 0.4528 0.9882 0.0118, 0.4429 0.9882 0.0709, 0.5413 0.9882 0.0709, 0.5413 0.9882 0.0709
            ]
        }
        coordIndex [
            0,1,2,-1,3,4,5,-1,5,4,6,-1,5,6,2,-1,2,6,7,-1,2,7,0,-1,
        ]
    }
}
Shape{
    appearance Appearance {
        material  Material 	{
            diffuseColor 0.6666666666666666 0.6980392156862745 0.7686274509803922
            specularColor 0.3333333333333333 0.34901960784313724 0.3843137254901961
            ambientIntensity 0.2
            transparency 0
            shininess 0.5
        }
    }
    geometry IndexedFaceSet {
        ccw TRUE
        solid FALSE
        coord DEF co Coordinate {
            point [
                0.5118 0.9541 -0.0079, 0.52 0.9604 -0.0079, 0.5413 0.878 -0.0079, 0.5262 0.9685 -0.0079, 0.5413 0.9882 -0.0079, 0.5302 0.978 -0.0079, 0.5315 0.9882 -0.0079, 0.458 0.9685 -0.0079, 0.4429 0.878 -0.0079, 0.4541 0.978 -0.0079, 0.4429 0.9882 -0.0079, 0.4528 0.9882 -0.0079, 0.4643 0.9604 -0.0079, 0.4724 0.9541 -0.0079, 0.4441 0.8674 -0.0079, 0.4819 0.9502 -0.0079, 0.4476 0.8575 -0.0079, 0.5046 0.8319 -0.0079, 0.4941 0.8307 -0.0079, 0.4921 0.9488 -0.0079, 0.4902 0.8307 -0.0079, 0.4796 0.8319 -0.0079, 0.5367 0.8575 -0.0079, 0.531 0.8485 -0.0079, 0.5023 0.9502 -0.0079, 0.5236 0.841 -0.0079, 0.5146 0.8354 -0.0079, 0.5402 0.8674 -0.0079, 0.4697 0.8354 -0.0079, 0.4607 0.841 -0.0079, 0.4532 0.8485 -0.0079, 0.7382 0.9882 0.0709, 0.6398 0.9882 0.0709, 0.7382 0.9843 0.0709, 0.6398 0.9843 0.0709, 0.6398 0.9843 0.0, 0.6398 0.9882 -0.0079, 0.6398 0.878 0.0, 0.6398 0.878 -0.0079, 0.6409 0.8674 -0.0079, 0.6409 0.8674 0.0, 0.6444 0.8575 -0.0079, 0.6444 0.8575 0.0, 0.6501 0.8485 -0.0079, 0.6501 0.8485 0.0, 0.6576 0.841 -0.0079, 0.6576 0.841 0.0, 0.6665 0.8354 -0.0079, 0.6665 0.8354 0.0, 0.6765 0.8319 -0.0079, 0.6765 0.8319 0.0, 0.687 0.8307 -0.0079, 0.687 0.8307 0.0, 0.6909 0.8307 -0.0079, 0.6909 0.8307 0.0, 0.7015 0.8319 -0.0079, 0.7015 0.8319 0.0, 0.7114 0.8354 -0.0079, 0.7114 0.8354 0.0, 0.7204 0.841 -0.0079, 0.7204 0.841 0.0, 0.7279 0.8485 -0.0079, 0.7279 0.8485 0.0, 0.7335 0.8575 -0.0079, 0.7335 0.8575 0.0, 0.737 0.8674 -0.0079, 0.737 0.8674 0.0, 0.7382 0.878 -0.0079, 0.7382 0.878 0.0, 0.7382 0.9843 0.0, 0.7382 0.9882 -0.0079, 0.7382 0.9882 -0.0079
            ]
        }
        coordIndex [
            0,1,2,-1,2,1,3,-1,2,3,4,-1,4,3,5,-1,4,5,6,-1,7,8,9,-1,9,8,10,-1,9,10,11,-1,7,12,8,-1,8,12,13,-1,8,13,14,-1,14,13,15,-1,14,15,16,-1,17,18,19,-1,19,18,20,-1,19,20,21,-1,22,23,24,-1,24,23,25,-1,24,25,19,-1,19,25,26,-1,19,26,17,-1,0,2,24,-1,24,2,27,-1,24,27,22,-1,21,28,19,-1,19,28,29,-1,19,29,15,-1,15,29,30,-1,15,30,16,-1,31,32,33,-1,33,32,34,-1,34,32,35,-1,35,32,36,-1,35,36,37,-1,37,36,38,-1,37,38,39,-1,37,39,40,-1,40,39,41,-1,40,41,42,-1,42,41,43,-1,42,43,44,-1,44,43,45,-1,44,45,46,-1,46,45,47,-1,46,47,48,-1,48,47,49,-1,48,49,50,-1,50,49,51,-1,50,51,52,-1,51,53,52,-1,52,53,54,-1,54,53,55,-1,54,55,56,-1,56,55,57,-1,56,57,58,-1,58,57,59,-1,58,59,60,-1,60,59,61,-1,60,61,62,-1,62,61,63,-1,62,63,64,-1,64,63,65,-1,64,65,66,-1,66,65,67,-1,66,67,68,-1,68,67,69,-1,69,67,70,-1,69,70,33,-1,33,70,31,-1,
        ]
    }
}
Shape{
    appearance Appearance {
        material  Material 	{
            diffuseColor 0.6470588235294118 0.5176470588235295 0.0
            specularColor 0.45098039215686275 0.3607843137254902 0.0
            ambientIntensity 0.2
            transparency 0
            shininess 0.5
        }
    }
    geometry IndexedFaceSet {
        ccw TRUE
        solid FALSE
        coord DEF co Coordinate {
            point [
                0.7382 0.9882 -0.0079, 0.7283 0.9882 -0.0079, 0.7283 0.9882 0.0118, 0.6496 0.9882 -0.0079, 0.6398 0.9882 -0.0079, 0.6496 0.9882 0.0118, 0.6398 0.9882 0.0709, 0.7382 0.9882 0.0709, 0.7382 0.9882 0.0709
            ]
        }
        coordIndex [
            0,1,2,-1,3,4,5,-1,5,4,6,-1,5,6,2,-1,2,6,7,-1,2,7,0,-1,
        ]
    }
}
Shape{
    appearance Appearance {
        material  Material 	{
            diffuseColor 0.6666666666666666 0.6980392156862745 0.7686274509803922
            specularColor 0.3333333333333333 0.34901960784313724 0.3843137254901961
            ambientIntensity 0.2
            transparency 0
            shininess 0.5
        }
    }
    geometry IndexedFaceSet {
        ccw TRUE
        solid FALSE
        coord DEF co Coordinate {
            point [
                0.7087 0.9541 -0.0079, 0.7168 0.9604 -0.0079, 0.7382 0.878 -0.0079, 0.7231 0.9685 -0.0079, 0.7382 0.9882 -0.0079, 0.727 0.978 -0.0079, 0.7283 0.9882 -0.0079, 0.6549 0.9685 -0.0079, 0.6398 0.878 -0.0079, 0.6509 0.978 -0.0079, 0.6398 0.9882 -0.0079, 0.6496 0.9882 -0.0079, 0.6611 0.9604 -0.0079, 0.6693 0.9541 -0.0079, 0.6409 0.8674 -0.0079, 0.6788 0.9502 -0.0079, 0.6444 0.8575 -0.0079, 0.7015 0.8319 -0.0079, 0.6909 0.8307 -0.0079, 0.689 0.9488 -0.0079, 0.687 0.8307 -0.0079, 0.6765 0.8319 -0.0079, 0.7335 0.8575 -0.0079, 0.7279 0.8485 -0.0079, 0.6992 0.9502 -0.0079, 0.7204 0.841 -0.0079, 0.7114 0.8354 -0.0079, 0.737 0.8674 -0.0079, 0.6665 0.8354 -0.0079, 0.6576 0.841 -0.0079, 0.6501 0.8485 -0.0079, 0.7283 0.9882 0.0118, 0.727 0.978 0.0118, 0.7231 0.9685 0.0118, 0.7168 0.9604 0.0118, 0.7087 0.9541 0.0118, 0.6992 0.9502 0.0118, 0.689 0.9488 0.0118, 0.6788 0.9502 0.0118, 0.6693 0.9541 0.0118, 0.6611 0.9604 0.0118, 0.6549 0.9685 0.0118, 0.6509 0.978 0.0118, 0.6496 0.9882 0.0118, 0.5315 0.9882 0.0118, 0.5315 0.9882 -0.0079, 0.5302 0.978 0.0118, 0.5302 0.978 -0.0079, 0.5262 0.9685 0.0118, 0.5262 0.9685 -0.0079, 0.52 0.9604 0.0118, 0.52 0.9604 -0.0079, 0.5118 0.9541 0.0118, 0.5118 0.9541 -0.0079, 0.5023 0.9502 0.0118, 0.5023 0.9502 -0.0079, 0.4921 0.9488 0.0118, 0.4921 0.9488 -0.0079, 0.4819 0.9502 0.0118, 0.4819 0.9502 -0.0079, 0.4724 0.9541 0.0118, 0.4724 0.9541 -0.0079, 0.4643 0.9604 0.0118, 0.4643 0.9604 -0.0079, 0.458 0.9685 0.0118, 0.458 0.9685 -0.0079, 0.4541 0.978 0.0118, 0.4541 0.978 -0.0079, 0.4528 0.9882 0.0118, 0.4528 0.9882 -0.0079, 0.3346 0.9882 0.0118, 0.3346 0.9882 -0.0079, 0.3333 0.978 0.0118, 0.3333 0.978 -0.0079, 0.3294 0.9685 0.0118, 0.3294 0.9685 -0.0079, 0.3231 0.9604 0.0118, 0.3231 0.9604 -0.0079, 0.315 0.9541 0.0118, 0.315 0.9541 -0.0079, 0.3055 0.9502 0.0118, 0.3055 0.9502 -0.0079, 0.2953 0.9488 0.0118, 0.2953 0.9488 -0.0079, 0.2851 0.9502 0.0118, 0.2851 0.9502 -0.0079, 0.2756 0.9541 0.0118, 0.2756 0.9541 -0.0079, 0.2674 0.9604 0.0118, 0.2674 0.9604 -0.0079, 0.2612 0.9685 0.0118, 0.2612 0.9685 -0.0079, 0.2572 0.978 0.0118, 0.2572 0.978 -0.0079, 0.2559 0.9882 0.0118, 0.2559 0.9882 -0.0079, 0.1378 0.9882 0.0118, 0.1378 0.9882 -0.0079, 0.1365 0.978 0.0118, 0.1365 0.978 -0.0079, 0.1325 0.9685 0.0118, 0.1325 0.9685 -0.0079, 0.1263 0.9604 0.0118, 0.1263 0.9604 -0.0079, 0.1181 0.9541 0.0118, 0.1181 0.9541 -0.0079, 0.1086 0.9502 0.0118, 0.1086 0.9502 -0.0079, 0.0984 0.9488 0.0118, 0.0984 0.9488 -0.0079, 0.0882 0.9502 0.0118, 0.0882 0.9502 -0.0079, 0.0787 0.9541 0.0118, 0.0787 0.9541 -0.0079, 0.0706 0.9604 0.0118, 0.0706 0.9604 -0.0079, 0.0643 0.9685 0.0118, 0.0643 0.9685 -0.0079, 0.0604 0.978 0.0118, 0.0604 0.978 -0.0079, 0.0591 0.9882 0.0118, 0.0591 0.9882 -0.0079, -0.0591 0.9882 0.0118, -0.0591 0.9882 -0.0079, -0.0604 0.978 0.0118, -0.0604 0.978 -0.0079, -0.0643 0.9685 0.0118, -0.0643 0.9685 -0.0079, -0.0706 0.9604 0.0118, -0.0706 0.9604 -0.0079, -0.0787 0.9541 0.0118, -0.0787 0.9541 -0.0079, -0.0882 0.9502 0.0118, -0.0882 0.9502 -0.0079, -0.0984 0.9488 0.0118, -0.0984 0.9488 -0.0079, -0.1086 0.9502 0.0118, -0.1086 0.9502 -0.0079, -0.1181 0.9541 0.0118, -0.1181 0.9541 -0.0079, -0.1263 0.9604 0.0118, -0.1263 0.9604 -0.0079, -0.1325 0.9685 0.0118, -0.1325 0.9685 -0.0079, -0.1365 0.978 0.0118, -0.1365 0.978 -0.0079, -0.1378 0.9882 0.0118, -0.1378 0.9882 -0.0079, -0.2559 0.9882 0.0118, -0.2559 0.9882 -0.0079, -0.2572 0.978 0.0118, -0.2572 0.978 -0.0079, -0.2612 0.9685 0.0118, -0.2612 0.9685 -0.0079, -0.2674 0.9604 0.0118, -0.2674 0.9604 -0.0079, -0.2756 0.9541 0.0118, -0.2756 0.9541 -0.0079, -0.2851 0.9502 0.0118, -0.2851 0.9502 -0.0079, -0.2953 0.9488 0.0118, -0.2953 0.9488 -0.0079, -0.3055 0.9502 0.0118, -0.3055 0.9502 -0.0079, -0.315 0.9541 0.0118, -0.315 0.9541 -0.0079, -0.3231 0.9604 0.0118, -0.3231 0.9604 -0.0079, -0.3294 0.9685 0.0118, -0.3294 0.9685 -0.0079, -0.3333 0.978 0.0118, -0.3333 0.978 -0.0079, -0.3346 0.9882 0.0118, -0.3346 0.9882 -0.0079, -0.4528 0.9882 0.0118, -0.4528 0.9882 -0.0079, -0.4541 0.978 0.0118, -0.4541 0.978 -0.0079, -0.458 0.9685 0.0118, -0.458 0.9685 -0.0079, -0.4643 0.9604 0.0118, -0.4643 0.9604 -0.0079, -0.4724 0.9541 0.0118, -0.4724 0.9541 -0.0079, -0.4819 0.9502 0.0118, -0.4819 0.9502 -0.0079, -0.4921 0.9488 0.0118, -0.4921 0.9488 -0.0079, -0.5023 0.9502 0.0118, -0.5023 0.9502 -0.0079, -0.5118 0.9541 0.0118, -0.5118 0.9541 -0.0079, -0.52 0.9604 0.0118, -0.52 0.9604 -0.0079, -0.5262 0.9685 0.0118, -0.5262 0.9685 -0.0079, -0.5302 0.978 0.0118, -0.5302 0.978 -0.0079, -0.5315 0.9882 0.0118, -0.5315 0.9882 -0.0079, -0.6496 0.9882 0.0118, -0.6496 0.9882 -0.0079, -0.6509 0.978 0.0118, -0.6509 0.978 -0.0079, -0.6549 0.9685 0.0118, -0.6549 0.9685 -0.0079, -0.6611 0.9604 0.0118, -0.6611 0.9604 -0.0079, -0.6693 0.9541 0.0118, -0.6693 0.9541 -0.0079, -0.6788 0.9502 0.0118, -0.6788 0.9502 -0.0079, -0.689 0.9488 0.0118, -0.689 0.9488 -0.0079, -0.6992 0.9502 0.0118, -0.6992 0.9502 -0.0079, -0.7087 0.9541 0.0118, -0.7087 0.9541 -0.0079, -0.7168 0.9604 0.0118, -0.7168 0.9604 -0.0079, -0.7231 0.9685 0.0118, -0.7231 0.9685 -0.0079, -0.727 0.978 0.0118, -0.727 0.978 -0.0079, -0.7283 0.9882 0.0118, -0.7283 0.9882 -0.0079, -0.9882 -0.6398 0.0709, -0.9882 -0.7382 0.0709, -0.9843 -0.6398 0.0709, -0.9843 -0.7382 0.0709, -0.9843 -0.7382 0.0, -0.9882 -0.7382 -0.0079, -0.878 -0.7382 0.0, -0.878 -0.7382 -0.0079, -0.8674 -0.737 -0.0079, -0.8674 -0.737 0.0, -0.8575 -0.7335 -0.0079, -0.8575 -0.7335 0.0, -0.8485 -0.7279 -0.0079, -0.8485 -0.7279 0.0, -0.841 -0.7204 -0.0079, -0.841 -0.7204 0.0, -0.8354 -0.7114 -0.0079, -0.8354 -0.7114 0.0, -0.8319 -0.7015 -0.0079, -0.8319 -0.7015 0.0, -0.8307 -0.6909 -0.0079, -0.8307 -0.6909 0.0, -0.8307 -0.687 -0.0079, -0.8307 -0.687 0.0, -0.8319 -0.6765 -0.0079, -0.8319 -0.6765 0.0, -0.8354 -0.6665 -0.0079, -0.8354 -0.6665 0.0, -0.841 -0.6576 -0.0079, -0.841 -0.6576 0.0, -0.8485 -0.6501 -0.0079, -0.8485 -0.6501 0.0, -0.8575 -0.6444 -0.0079, -0.8575 -0.6444 0.0, -0.8674 -0.6409 -0.0079, -0.8674 -0.6409 0.0, -0.878 -0.6398 -0.0079, -0.878 -0.6398 0.0, -0.9843 -0.6398 0.0, -0.9882 -0.6398 -0.0079, -0.9882 -0.6398 -0.0079
            ]
        }
        coordIndex [
            0,1,2,-1,2,1,3,-1,2,3,4,-1,4,3,5,-1,4,5,6,-1,7,8,9,-1,9,8,10,-1,9,10,11,-1,7,12,8,-1,8,12,13,-1,8,13,14,-1,14,13,15,-1,14,15,16,-1,17,18,19,-1,19,18,20,-1,19,20,21,-1,22,23,24,-1,24,23,25,-1,24,25,19,-1,19,25,26,-1,19,26,17,-1,0,2,24,-1,24,2,27,-1,24,27,22,-1,21,28,19,-1,19,28,29,-1,19,29,15,-1,15,29,30,-1,15,30,16,-1,31,6,32,-1,32,6,5,-1,32,5,33,-1,33,5,3,-1,33,3,34,-1,34,3,1,-1,34,1,35,-1,35,1,0,-1,35,0,36,-1,36,0,24,-1,36,24,37,-1,37,24,19,-1,37,19,38,-1,38,19,15,-1,38,15,39,-1,39,15,13,-1,39,13,40,-1,40,13,12,-1,40,12,41,-1,41,12,7,-1,41,7,42,-1,42,7,9,-1,42,9,43,-1,43,9,11,-1,31,32,43,-1,43,32,33,-1,43,33,34,-1,36,40,41,-1,36,37,40,-1,40,37,38,-1,40,38,39,-1,34,35,43,-1,43,35,36,-1,43,36,42,-1,42,36,41,-1,44,45,46,-1,46,45,47,-1,46,47,48,-1,48,47,49,-1,48,49,50,-1,50,49,51,-1,50,51,52,-1,52,51,53,-1,52,53,54,-1,54,53,55,-1,54,55,56,-1,56,55,57,-1,56,57,58,-1,58,57,59,-1,58,59,60,-1,60,59,61,-1,60,61,62,-1,62,61,63,-1,62,63,64,-1,64,63,65,-1,64,65,66,-1,66,65,67,-1,66,67,68,-1,68,67,69,-1,44,46,68,-1,68,46,48,-1,68,48,50,-1,54,62,64,-1,54,56,62,-1,62,56,58,-1,62,58,60,-1,50,52,68,-1,68,52,54,-1,68,54,66,-1,66,54,64,-1,70,71,72,-1,72,71,73,-1,72,73,74,-1,74,73,75,-1,74,75,76,-1,76,75,77,-1,76,77,78,-1,78,77,79,-1,78,79,80,-1,80,79,81,-1,80,81,82,-1,82,81,83,-1,82,83,84,-1,84,83,85,-1,84,85,86,-1,86,85,87,-1,86,87,88,-1,88,87,89,-1,88,89,90,-1,90,89,91,-1,90,91,92,-1,92,91,93,-1,92,93,94,-1,94,93,95,-1,76,78,94,-1,94,78,80,-1,94,80,92,-1,70,72,94,-1,94,72,74,-1,94,74,76,-1,86,88,84,-1,84,88,82,-1,82,88,80,-1,80,88,90,-1,80,90,92,-1,96,97,98,-1,98,97,99,-1,98,99,100,-1,100,99,101,-1,100,101,102,-1,102,101,103,-1,102,103,104,-1,104,103,105,-1,104,105,106,-1,106,105,107,-1,106,107,108,-1,108,107,109,-1,108,109,110,-1,110,109,111,-1,110,111,112,-1,112,111,113,-1,112,113,114,-1,114,113,115,-1,114,115,116,-1,116,115,117,-1,116,117,118,-1,118,117,119,-1,118,119,120,-1,120,119,121,-1,102,104,120,-1,120,104,106,-1,120,106,118,-1,96,98,120,-1,120,98,100,-1,120,100,102,-1,112,114,110,-1,110,114,108,-1,108,114,106,-1,106,114,116,-1,106,116,118,-1,122,123,124,-1,124,123,125,-1,124,125,126,-1,126,125,127,-1,126,127,128,-1,128,127,129,-1,128,129,130,-1,130,129,131,-1,130,131,132,-1,132,131,133,-1,132,133,134,-1,134,133,135,-1,134,135,136,-1,136,135,137,-1,136,137,138,-1,138,137,139,-1,138,139,140,-1,140,139,141,-1,140,141,142,-1,142,141,143,-1,142,143,144,-1,144,143,145,-1,144,145,146,-1,146,145,147,-1,132,140,142,-1,122,124,146,-1,146,124,126,-1,146,126,128,-1,132,134,140,-1,140,134,136,-1,140,136,138,-1,128,130,146,-1,146,130,132,-1,146,132,144,-1,144,132,142,-1,148,149,150,-1,150,149,151,-1,150,151,152,-1,152,151,153,-1,152,153,154,-1,154,153,155,-1,154,155,156,-1,156,155,157,-1,156,157,158,-1,158,157,159,-1,158,159,160,-1,160,159,161,-1,160,161,162,-1,162,161,163,-1,162,163,164,-1,164,163,165,-1,164,165,166,-1,166,165,167,-1,166,167,168,-1,168,167,169,-1,168,169,170,-1,170,169,171,-1,170,171,172,-1,172,171,173,-1,154,156,172,-1,172,156,158,-1,172,158,170,-1,148,150,172,-1,172,150,152,-1,172,152,154,-1,164,166,162,-1,162,166,160,-1,160,166,158,-1,158,166,168,-1,158,168,170,-1,174,175,176,-1,176,175,177,-1,176,177,178,-1,178,177,179,-1,178,179,180,-1,180,179,181,-1,180,181,182,-1,182,181,183,-1,182,183,184,-1,184,183,185,-1,184,185,186,-1,186,185,187,-1,186,187,188,-1,188,187,189,-1,188,189,190,-1,190,189,191,-1,190,191,192,-1,192,191,193,-1,192,193,194,-1,194,193,195,-1,194,195,196,-1,196,195,197,-1,196,197,198,-1,198,197,199,-1,174,176,198,-1,198,176,178,-1,198,178,180,-1,184,192,194,-1,184,186,192,-1,192,186,188,-1,192,188,190,-1,180,182,198,-1,198,182,184,-1,198,184,196,-1,196,184,194,-1,200,201,202,-1,202,201,203,-1,202,203,204,-1,204,203,205,-1,204,205,206,-1,206,205,207,-1,206,207,208,-1,208,207,209,-1,208,209,210,-1,210,209,211,-1,210,211,212,-1,212,211,213,-1,212,213,214,-1,214,213,215,-1,214,215,216,-1,216,215,217,-1,216,217,218,-1,218,217,219,-1,218,219,220,-1,220,219,221,-1,220,221,222,-1,222,221,223,-1,222,223,224,-1,224,223,225,-1,200,202,224,-1,224,202,204,-1,224,204,206,-1,210,218,220,-1,210,212,218,-1,218,212,214,-1,218,214,216,-1,206,208,224,-1,224,208,210,-1,224,210,222,-1,222,210,220,-1,226,227,228,-1,228,227,229,-1,229,227,230,-1,230,227,231,-1,230,231,232,-1,232,231,233,-1,232,233,234,-1,232,234,235,-1,235,234,236,-1,235,236,237,-1,237,236,238,-1,237,238,239,-1,239,238,240,-1,239,240,241,-1,241,240,242,-1,241,242,243,-1,243,242,244,-1,243,244,245,-1,245,244,246,-1,245,246,247,-1,246,248,247,-1,247,248,249,-1,249,248,250,-1,249,250,251,-1,251,250,252,-1,251,252,253,-1,253,252,254,-1,253,254,255,-1,255,254,256,-1,255,256,257,-1,257,256,258,-1,257,258,259,-1,259,258,260,-1,259,260,261,-1,261,260,262,-1,261,262,263,-1,263,262,264,-1,264,262,265,-1,264,265,228,-1,228,265,226,-1,
        ]
    }
}
Shape{
    appearance Appearance {
        material  Material 	{
            diffuseColor 0.6470588235294118 0.5176470588235295 0.0
            specularColor 0.45098039215686275 0.3607843137254902 0.0
            ambientIntensity 0.2
            transparency 0
            shininess 0.5
        }
    }
    geometry IndexedFaceSet {
        ccw TRUE
        solid FALSE
        coord DEF co Coordinate {
            point [
                -0.9882 -0.6398 -0.0079, -0.9882 -0.6496 -0.0079, -0.9882 -0.6496 0.0118, -0.9882 -0.7283 -0.0079, -0.9882 -0.7382 -0.0079, -0.9882 -0.7283 0.0118, -0.9882 -0.7382 0.0709, -0.9882 -0.6398 0.0709, -0.9882 -0.6398 0.0709
            ]
        }
        coordIndex [
            0,1,2,-1,3,4,5,-1,5,4,6,-1,5,6,2,-1,2,6,7,-1,2,7,0,-1,
        ]
    }
}
Shape{
    appearance Appearance {
        material  Material 	{
            diffuseColor 0.6666666666666666 0.6980392156862745 0.7686274509803922
            specularColor 0.3333333333333333 0.34901960784313724 0.3843137254901961
            ambientIntensity 0.2
            transparency 0
            shininess 0.5
        }
    }
    geometry IndexedFaceSet {
        ccw TRUE
        solid FALSE
        coord DEF co Coordinate {
            point [
                -0.9685 -0.7231 -0.0079, -0.878 -0.7382 -0.0079, -0.978 -0.727 -0.0079, -0.9882 -0.7382 -0.0079, -0.9882 -0.7283 -0.0079, -0.9604 -0.7168 -0.0079, -0.9541 -0.7087 -0.0079, -0.8674 -0.737 -0.0079, -0.9502 -0.6992 -0.0079, -0.8575 -0.7335 -0.0079, -0.8354 -0.6665 -0.0079, -0.9488 -0.689 -0.0079, -0.841 -0.6576 -0.0079, -0.9502 -0.6788 -0.0079, -0.8319 -0.6765 -0.0079, -0.8307 -0.687 -0.0079, -0.8307 -0.6909 -0.0079, -0.841 -0.7204 -0.0079, -0.8485 -0.7279 -0.0079, -0.9541 -0.6693 -0.0079, -0.878 -0.6398 -0.0079, -0.8674 -0.6409 -0.0079, -0.8575 -0.6444 -0.0079, -0.8485 -0.6501 -0.0079, -0.9604 -0.6611 -0.0079, -0.9685 -0.6549 -0.0079, -0.9882 -0.6398 -0.0079, -0.978 -0.6509 -0.0079, -0.9882 -0.6496 -0.0079, -0.8319 -0.7015 -0.0079, -0.8354 -0.7114 -0.0079, -0.9882 -0.4429 0.0709, -0.9882 -0.5413 0.0709, -0.9843 -0.4429 0.0709, -0.9843 -0.5413 0.0709, -0.9843 -0.5413 0.0, -0.9882 -0.5413 -0.0079, -0.878 -0.5413 0.0, -0.878 -0.5413 -0.0079, -0.8674 -0.5402 -0.0079, -0.8674 -0.5402 0.0, -0.8575 -0.5367 -0.0079, -0.8575 -0.5367 0.0, -0.8485 -0.531 -0.0079, -0.8485 -0.531 0.0, -0.841 -0.5236 -0.0079, -0.841 -0.5236 0.0, -0.8354 -0.5146 -0.0079, -0.8354 -0.5146 0.0, -0.8319 -0.5046 -0.0079, -0.8319 -0.5046 0.0, -0.8307 -0.4941 -0.0079, -0.8307 -0.4941 0.0, -0.8307 -0.4902 -0.0079, -0.8307 -0.4902 0.0, -0.8319 -0.4796 -0.0079, -0.8319 -0.4796 0.0, -0.8354 -0.4697 -0.0079, -0.8354 -0.4697 0.0, -0.841 -0.4607 -0.0079, -0.841 -0.4607 0.0, -0.8485 -0.4532 -0.0079, -0.8485 -0.4532 0.0, -0.8575 -0.4476 -0.0079, -0.8575 -0.4476 0.0, -0.8674 -0.4441 -0.0079, -0.8674 -0.4441 0.0, -0.878 -0.4429 -0.0079, -0.878 -0.4429 0.0, -0.9843 -0.4429 0.0, -0.9882 -0.4429 -0.0079, -0.9882 -0.4429 -0.0079
            ]
        }
        coordIndex [
            0,1,2,-1,2,1,3,-1,2,3,4,-1,0,5,1,-1,1,5,6,-1,1,6,7,-1,7,6,8,-1,7,8,9,-1,10,11,12,-1,12,11,13,-1,10,14,11,-1,11,14,15,-1,11,15,16,-1,11,17,8,-1,8,17,18,-1,8,18,9,-1,19,20,13,-1,13,20,21,-1,21,22,13,-1,13,22,23,-1,13,23,12,-1,19,24,20,-1,20,24,25,-1,20,25,26,-1,26,25,27,-1,26,27,28,-1,16,29,11,-1,11,29,30,-1,11,30,17,-1,31,32,33,-1,33,32,34,-1,34,32,35,-1,35,32,36,-1,35,36,37,-1,37,36,38,-1,37,38,39,-1,37,39,40,-1,40,39,41,-1,40,41,42,-1,42,41,43,-1,42,43,44,-1,44,43,45,-1,44,45,46,-1,46,45,47,-1,46,47,48,-1,48,47,49,-1,48,49,50,-1,50,49,51,-1,50,51,52,-1,51,53,52,-1,52,53,54,-1,54,53,55,-1,54,55,56,-1,56,55,57,-1,56,57,58,-1,58,57,59,-1,58,59,60,-1,60,59,61,-1,60,61,62,-1,62,61,63,-1,62,63,64,-1,64,63,65,-1,64,65,66,-1,66,65,67,-1,66,67,68,-1,68,67,69,-1,69,67,70,-1,69,70,33,-1,33,70,31,-1,
        ]
    }
}
Shape{
    appearance Appearance {
        material  Material 	{
            diffuseColor 0.6470588235294118 0.5176470588235295 0.0
            specularColor 0.45098039215686275 0.3607843137254902 0.0
            ambientIntensity 0.2
            transparency 0
            shininess 0.5
        }
    }
    geometry IndexedFaceSet {
        ccw TRUE
        solid FALSE
        coord DEF co Coordinate {
            point [
                -0.9882 -0.4429 -0.0079, -0.9882 -0.4528 -0.0079, -0.9882 -0.4528 0.0118, -0.9882 -0.5315 -0.0079, -0.9882 -0.5413 -0.0079, -0.9882 -0.5315 0.0118, -0.9882 -0.5413 0.0709, -0.9882 -0.4429 0.0709, -0.9882 -0.4429 0.0709
            ]
        }
        coordIndex [
            0,1,2,-1,3,4,5,-1,5,4,6,-1,5,6,2,-1,2,6,7,-1,2,7,0,-1,
        ]
    }
}
Shape{
    appearance Appearance {
        material  Material 	{
            diffuseColor 0.6666666666666666 0.6980392156862745 0.7686274509803922
            specularColor 0.3333333333333333 0.34901960784313724 0.3843137254901961
            ambientIntensity 0.2
            transparency 0
            shininess 0.5
        }
    }
    geometry IndexedFaceSet {
        ccw TRUE
        solid FALSE
        coord DEF co Coordinate {
            point [
                -0.9685 -0.5262 -0.0079, -0.878 -0.5413 -0.0079, -0.978 -0.5302 -0.0079, -0.9882 -0.5413 -0.0079, -0.9882 -0.5315 -0.0079, -0.9604 -0.52 -0.0079, -0.9541 -0.5118 -0.0079, -0.8674 -0.5402 -0.0079, -0.9502 -0.5023 -0.0079, -0.8575 -0.5367 -0.0079, -0.8354 -0.4697 -0.0079, -0.9488 -0.4921 -0.0079, -0.841 -0.4607 -0.0079, -0.9502 -0.4819 -0.0079, -0.8319 -0.4796 -0.0079, -0.8307 -0.4902 -0.0079, -0.8307 -0.4941 -0.0079, -0.841 -0.5236 -0.0079, -0.8485 -0.531 -0.0079, -0.9541 -0.4724 -0.0079, -0.878 -0.4429 -0.0079, -0.8674 -0.4441 -0.0079, -0.8575 -0.4476 -0.0079, -0.8485 -0.4532 -0.0079, -0.9604 -0.4643 -0.0079, -0.9685 -0.458 -0.0079, -0.9882 -0.4429 -0.0079, -0.978 -0.4541 -0.0079, -0.9882 -0.4528 -0.0079, -0.8319 -0.5046 -0.0079, -0.8354 -0.5146 -0.0079, -0.9882 -0.2461 0.0709, -0.9882 -0.3445 0.0709, -0.9843 -0.2461 0.0709, -0.9843 -0.3445 0.0709, -0.9843 -0.3445 0.0, -0.9882 -0.3445 -0.0079, -0.878 -0.3445 0.0, -0.878 -0.3445 -0.0079, -0.8674 -0.3433 -0.0079, -0.8674 -0.3433 0.0, -0.8575 -0.3398 -0.0079, -0.8575 -0.3398 0.0, -0.8485 -0.3342 -0.0079, -0.8485 -0.3342 0.0, -0.841 -0.3267 -0.0079, -0.841 -0.3267 0.0, -0.8354 -0.3177 -0.0079, -0.8354 -0.3177 0.0, -0.8319 -0.3078 -0.0079, -0.8319 -0.3078 0.0, -0.8307 -0.2972 -0.0079, -0.8307 -0.2972 0.0, -0.8307 -0.2933 -0.0079, -0.8307 -0.2933 0.0, -0.8319 -0.2828 -0.0079, -0.8319 -0.2828 0.0, -0.8354 -0.2728 -0.0079, -0.8354 -0.2728 0.0, -0.841 -0.2639 -0.0079, -0.841 -0.2639 0.0, -0.8485 -0.2564 -0.0079, -0.8485 -0.2564 0.0, -0.8575 -0.2507 -0.0079, -0.8575 -0.2507 0.0, -0.8674 -0.2472 -0.0079, -0.8674 -0.2472 0.0, -0.878 -0.2461 -0.0079, -0.878 -0.2461 0.0, -0.9843 -0.2461 0.0, -0.9882 -0.2461 -0.0079, -0.9882 -0.2461 -0.0079
            ]
        }
        coordIndex [
            0,1,2,-1,2,1,3,-1,2,3,4,-1,0,5,1,-1,1,5,6,-1,1,6,7,-1,7,6,8,-1,7,8,9,-1,10,11,12,-1,12,11,13,-1,10,14,11,-1,11,14,15,-1,11,15,16,-1,11,17,8,-1,8,17,18,-1,8,18,9,-1,19,20,13,-1,13,20,21,-1,21,22,13,-1,13,22,23,-1,13,23,12,-1,19,24,20,-1,20,24,25,-1,20,25,26,-1,26,25,27,-1,26,27,28,-1,16,29,11,-1,11,29,30,-1,11,30,17,-1,31,32,33,-1,33,32,34,-1,34,32,35,-1,35,32,36,-1,35,36,37,-1,37,36,38,-1,37,38,39,-1,37,39,40,-1,40,39,41,-1,40,41,42,-1,42,41,43,-1,42,43,44,-1,44,43,45,-1,44,45,46,-1,46,45,47,-1,46,47,48,-1,48,47,49,-1,48,49,50,-1,50,49,51,-1,50,51,52,-1,51,53,52,-1,52,53,54,-1,54,53,55,-1,54,55,56,-1,56,55,57,-1,56,57,58,-1,58,57,59,-1,58,59,60,-1,60,59,61,-1,60,61,62,-1,62,61,63,-1,62,63,64,-1,64,63,65,-1,64,65,66,-1,66,65,67,-1,66,67,68,-1,68,67,69,-1,69,67,70,-1,69,70,33,-1,33,70,31,-1,
        ]
    }
}
Shape{
    appearance Appearance {
        material  Material 	{
            diffuseColor 0.6470588235294118 0.5176470588235295 0.0
            specularColor 0.45098039215686275 0.3607843137254902 0.0
            ambientIntensity 0.2
            transparency 0
            shininess 0.5
        }
    }
    geometry IndexedFaceSet {
        ccw TRUE
        solid FALSE
        coord DEF co Coordinate {
            point [
                -0.9882 -0.2461 -0.0079, -0.9882 -0.2559 -0.0079, -0.9882 -0.2559 0.0118, -0.9882 -0.3346 -0.0079, -0.9882 -0.3445 -0.0079, -0.9882 -0.3346 0.0118, -0.9882 -0.3445 0.0709, -0.9882 -0.2461 0.0709, -0.9882 -0.2461 0.0709
            ]
        }
        coordIndex [
            0,1,2,-1,3,4,5,-1,5,4,6,-1,5,6,2,-1,2,6,7,-1,2,7,0,-1,
        ]
    }
}
Shape{
    appearance Appearance {
        material  Material 	{
            diffuseColor 0.6666666666666666 0.6980392156862745 0.7686274509803922
            specularColor 0.3333333333333333 0.34901960784313724 0.3843137254901961
            ambientIntensity 0.2
            transparency 0
            shininess 0.5
        }
    }
    geometry IndexedFaceSet {
        ccw TRUE
        solid FALSE
        coord DEF co Coordinate {
            point [
                -0.978 -0.2572 -0.0079, -0.9882 -0.2559 -0.0079, -0.9882 -0.2461 -0.0079, -0.8485 -0.3342 -0.0079, -0.9502 -0.3055 -0.0079, -0.841 -0.3267 -0.0079, -0.9488 -0.2953 -0.0079, -0.9685 -0.2612 -0.0079, -0.878 -0.2461 -0.0079, -0.9604 -0.2674 -0.0079, -0.9685 -0.3294 -0.0079, -0.878 -0.3445 -0.0079, -0.978 -0.3333 -0.0079, -0.9882 -0.3445 -0.0079, -0.9882 -0.3346 -0.0079, -0.8307 -0.2972 -0.0079, -0.8319 -0.3078 -0.0079, -0.8354 -0.3177 -0.0079, -0.8354 -0.2728 -0.0079, -0.8319 -0.2828 -0.0079, -0.8307 -0.2933 -0.0079, -0.8674 -0.2472 -0.0079, -0.9502 -0.2851 -0.0079, -0.9541 -0.2756 -0.0079, -0.9604 -0.3231 -0.0079, -0.9541 -0.315 -0.0079, -0.8674 -0.3433 -0.0079, -0.8575 -0.3398 -0.0079, -0.8575 -0.2507 -0.0079, -0.8485 -0.2564 -0.0079, -0.841 -0.2639 -0.0079, -0.9882 -0.0492 0.0709, -0.9882 -0.1476 0.0709, -0.9843 -0.0492 0.0709, -0.9843 -0.1476 0.0709, -0.9843 -0.1476 0.0, -0.9882 -0.1476 -0.0079, -0.878 -0.1476 0.0, -0.878 -0.1476 -0.0079, -0.8674 -0.1465 -0.0079, -0.8674 -0.1465 0.0, -0.8575 -0.143 -0.0079, -0.8575 -0.143 0.0, -0.8485 -0.1373 -0.0079, -0.8485 -0.1373 0.0, -0.841 -0.1298 -0.0079, -0.841 -0.1298 0.0, -0.8354 -0.1209 -0.0079, -0.8354 -0.1209 0.0, -0.8319 -0.1109 -0.0079, -0.8319 -0.1109 0.0, -0.8307 -0.1004 -0.0079, -0.8307 -0.1004 0.0, -0.8307 -0.0965 -0.0079, -0.8307 -0.0965 0.0, -0.8319 -0.0859 -0.0079, -0.8319 -0.0859 0.0, -0.8354 -0.076 -0.0079, -0.8354 -0.076 0.0, -0.841 -0.067 -0.0079, -0.841 -0.067 0.0, -0.8485 -0.0595 -0.0079, -0.8485 -0.0595 0.0, -0.8575 -0.0539 -0.0079, -0.8575 -0.0539 0.0, -0.8674 -0.0504 -0.0079, -0.8674 -0.0504 0.0, -0.878 -0.0492 -0.0079, -0.878 -0.0492 0.0, -0.9843 -0.0492 0.0, -0.9882 -0.0492 -0.0079, -0.9882 -0.0492 -0.0079
            ]
        }
        coordIndex [
            0,1,2,-1,3,4,5,-1,5,4,6,-1,0,2,7,-1,7,2,8,-1,7,8,9,-1,10,11,12,-1,12,11,13,-1,12,13,14,-1,15,16,6,-1,6,16,17,-1,6,17,5,-1,18,19,6,-1,6,19,20,-1,6,20,15,-1,21,22,8,-1,8,22,23,-1,8,23,9,-1,10,24,11,-1,11,24,25,-1,11,25,26,-1,26,25,4,-1,26,4,27,-1,27,4,3,-1,21,28,22,-1,22,28,29,-1,22,29,6,-1,6,29,30,-1,6,30,18,-1,31,32,33,-1,33,32,34,-1,34,32,35,-1,35,32,36,-1,35,36,37,-1,37,36,38,-1,37,38,39,-1,37,39,40,-1,40,39,41,-1,40,41,42,-1,42,41,43,-1,42,43,44,-1,44,43,45,-1,44,45,46,-1,46,45,47,-1,46,47,48,-1,48,47,49,-1,48,49,50,-1,50,49,51,-1,50,51,52,-1,51,53,52,-1,52,53,54,-1,54,53,55,-1,54,55,56,-1,56,55,57,-1,56,57,58,-1,58,57,59,-1,58,59,60,-1,60,59,61,-1,60,61,62,-1,62,61,63,-1,62,63,64,-1,64,63,65,-1,64,65,66,-1,66,65,67,-1,66,67,68,-1,68,67,69,-1,69,67,70,-1,69,70,33,-1,33,70,31,-1,
        ]
    }
}
Shape{
    appearance Appearance {
        material  Material 	{
            diffuseColor 0.6470588235294118 0.5176470588235295 0.0
            specularColor 0.45098039215686275 0.3607843137254902 0.0
            ambientIntensity 0.2
            transparency 0
            shininess 0.5
        }
    }
    geometry IndexedFaceSet {
        ccw TRUE
        solid FALSE
        coord DEF co Coordinate {
            point [
                -0.9882 -0.0492 -0.0079, -0.9882 -0.0591 -0.0079, -0.9882 -0.0591 0.0118, -0.9882 -0.1378 -0.0079, -0.9882 -0.1476 -0.0079, -0.9882 -0.1378 0.0118, -0.9882 -0.1476 0.0709, -0.9882 -0.0492 0.0709, -0.9882 -0.0492 0.0709
            ]
        }
        coordIndex [
            0,1,2,-1,3,4,5,-1,5,4,6,-1,5,6,2,-1,2,6,7,-1,2,7,0,-1,
        ]
    }
}
Shape{
    appearance Appearance {
        material  Material 	{
            diffuseColor 0.6666666666666666 0.6980392156862745 0.7686274509803922
            specularColor 0.3333333333333333 0.34901960784313724 0.3843137254901961
            ambientIntensity 0.2
            transparency 0
            shininess 0.5
        }
    }
    geometry IndexedFaceSet {
        ccw TRUE
        solid FALSE
        coord DEF co Coordinate {
            point [
                -0.8319 -0.0859 -0.0079, -0.8307 -0.0965 -0.0079, -0.9488 -0.0984 -0.0079, -0.8307 -0.1004 -0.0079, -0.9685 -0.1325 -0.0079, -0.878 -0.1476 -0.0079, -0.978 -0.1365 -0.0079, -0.9882 -0.1476 -0.0079, -0.9882 -0.1378 -0.0079, -0.8575 -0.0539 -0.0079, -0.8485 -0.0595 -0.0079, -0.9502 -0.0882 -0.0079, -0.841 -0.067 -0.0079, -0.8354 -0.076 -0.0079, -0.8485 -0.1373 -0.0079, -0.9502 -0.1086 -0.0079, -0.841 -0.1298 -0.0079, -0.9541 -0.0787 -0.0079, -0.9604 -0.0706 -0.0079, -0.878 -0.0492 -0.0079, -0.9685 -0.0643 -0.0079, -0.9882 -0.0492 -0.0079, -0.978 -0.0604 -0.0079, -0.9882 -0.0591 -0.0079, -0.9604 -0.1263 -0.0079, -0.9541 -0.1181 -0.0079, -0.8674 -0.1465 -0.0079, -0.8575 -0.143 -0.0079, -0.8319 -0.1109 -0.0079, -0.8354 -0.1209 -0.0079, -0.8674 -0.0504 -0.0079, -0.9882 0.1476 0.0709, -0.9882 0.0492 0.0709, -0.9843 0.1476 0.0709, -0.9843 0.0492 0.0709, -0.9843 0.0492 0.0, -0.9882 0.0492 -0.0079, -0.878 0.0492 0.0, -0.878 0.0492 -0.0079, -0.8674 0.0504 -0.0079, -0.8674 0.0504 0.0, -0.8575 0.0539 -0.0079, -0.8575 0.0539 0.0, -0.8485 0.0595 -0.0079, -0.8485 0.0595 0.0, -0.841 0.067 -0.0079, -0.841 0.067 0.0, -0.8354 0.076 -0.0079, -0.8354 0.076 0.0, -0.8319 0.0859 -0.0079, -0.8319 0.0859 0.0, -0.8307 0.0965 -0.0079, -0.8307 0.0965 0.0, -0.8307 0.1004 -0.0079, -0.8307 0.1004 0.0, -0.8319 0.1109 -0.0079, -0.8319 0.1109 0.0, -0.8354 0.1209 -0.0079, -0.8354 0.1209 0.0, -0.841 0.1298 -0.0079, -0.841 0.1298 0.0, -0.8485 0.1373 -0.0079, -0.8485 0.1373 0.0, -0.8575 0.143 -0.0079, -0.8575 0.143 0.0, -0.8674 0.1465 -0.0079, -0.8674 0.1465 0.0, -0.878 0.1476 -0.0079, -0.878 0.1476 0.0, -0.9843 0.1476 0.0, -0.9882 0.1476 -0.0079, -0.9882 0.1476 -0.0079
            ]
        }
        coordIndex [
            0,1,2,-1,2,1,3,-1,4,5,6,-1,6,5,7,-1,6,7,8,-1,9,10,11,-1,11,10,12,-1,11,12,2,-1,2,12,13,-1,2,13,0,-1,14,15,16,-1,16,15,2,-1,17,18,19,-1,19,18,20,-1,19,20,21,-1,21,20,22,-1,21,22,23,-1,4,24,5,-1,5,24,25,-1,5,25,26,-1,26,25,15,-1,26,15,27,-1,27,15,14,-1,3,28,2,-1,2,28,29,-1,2,29,16,-1,17,19,11,-1,11,19,30,-1,11,30,9,-1,31,32,33,-1,33,32,34,-1,34,32,35,-1,35,32,36,-1,35,36,37,-1,37,36,38,-1,37,38,39,-1,37,39,40,-1,40,39,41,-1,40,41,42,-1,42,41,43,-1,42,43,44,-1,44,43,45,-1,44,45,46,-1,46,45,47,-1,46,47,48,-1,48,47,49,-1,48,49,50,-1,50,49,51,-1,50,51,52,-1,51,53,52,-1,52,53,54,-1,54,53,55,-1,54,55,56,-1,56,55,57,-1,56,57,58,-1,58,57,59,-1,58,59,60,-1,60,59,61,-1,60,61,62,-1,62,61,63,-1,62,63,64,-1,64,63,65,-1,64,65,66,-1,66,65,67,-1,66,67,68,-1,68,67,69,-1,69,67,70,-1,69,70,33,-1,33,70,31,-1,
        ]
    }
}
Shape{
    appearance Appearance {
        material  Material 	{
            diffuseColor 0.6470588235294118 0.5176470588235295 0.0
            specularColor 0.45098039215686275 0.3607843137254902 0.0
            ambientIntensity 0.2
            transparency 0
            shininess 0.5
        }
    }
    geometry IndexedFaceSet {
        ccw TRUE
        solid FALSE
        coord DEF co Coordinate {
            point [
                -0.9882 0.1476 -0.0079, -0.9882 0.1378 -0.0079, -0.9882 0.1378 0.0118, -0.9882 0.0591 -0.0079, -0.9882 0.0492 -0.0079, -0.9882 0.0591 0.0118, -0.9882 0.0492 0.0709, -0.9882 0.1476 0.0709, -0.9882 0.1476 0.0709
            ]
        }
        coordIndex [
            0,1,2,-1,3,4,5,-1,5,4,6,-1,5,6,2,-1,2,6,7,-1,2,7,0,-1,
        ]
    }
}
Shape{
    appearance Appearance {
        material  Material 	{
            diffuseColor 0.6666666666666666 0.6980392156862745 0.7686274509803922
            specularColor 0.3333333333333333 0.34901960784313724 0.3843137254901961
            ambientIntensity 0.2
            transparency 0
            shininess 0.5
        }
    }
    geometry IndexedFaceSet {
        ccw TRUE
        solid FALSE
        coord DEF co Coordinate {
            point [
                -0.9685 0.0643 -0.0079, -0.878 0.0492 -0.0079, -0.978 0.0604 -0.0079, -0.9882 0.0492 -0.0079, -0.9882 0.0591 -0.0079, -0.8319 0.1109 -0.0079, -0.8307 0.1004 -0.0079, -0.9488 0.0984 -0.0079, -0.8307 0.0965 -0.0079, -0.8575 0.143 -0.0079, -0.8485 0.1373 -0.0079, -0.9502 0.1086 -0.0079, -0.841 0.1298 -0.0079, -0.8354 0.1209 -0.0079, -0.8485 0.0595 -0.0079, -0.9502 0.0882 -0.0079, -0.841 0.067 -0.0079, -0.9541 0.1181 -0.0079, -0.9604 0.1263 -0.0079, -0.878 0.1476 -0.0079, -0.9685 0.1325 -0.0079, -0.9882 0.1476 -0.0079, -0.978 0.1365 -0.0079, -0.9882 0.1378 -0.0079, -0.9604 0.0706 -0.0079, -0.9541 0.0787 -0.0079, -0.8674 0.0504 -0.0079, -0.8575 0.0539 -0.0079, -0.8319 0.0859 -0.0079, -0.8354 0.076 -0.0079, -0.8674 0.1465 -0.0079, -0.9882 0.3445 0.0709, -0.9882 0.2461 0.0709, -0.9843 0.3445 0.0709, -0.9843 0.2461 0.0709, -0.9843 0.2461 0.0, -0.9882 0.2461 -0.0079, -0.878 0.2461 0.0, -0.878 0.2461 -0.0079, -0.8674 0.2472 -0.0079, -0.8674 0.2472 0.0, -0.8575 0.2507 -0.0079, -0.8575 0.2507 0.0, -0.8485 0.2564 -0.0079, -0.8485 0.2564 0.0, -0.841 0.2639 -0.0079, -0.841 0.2639 0.0, -0.8354 0.2728 -0.0079, -0.8354 0.2728 0.0, -0.8319 0.2828 -0.0079, -0.8319 0.2828 0.0, -0.8307 0.2933 -0.0079, -0.8307 0.2933 0.0, -0.8307 0.2972 -0.0079, -0.8307 0.2972 0.0, -0.8319 0.3078 -0.0079, -0.8319 0.3078 0.0, -0.8354 0.3177 -0.0079, -0.8354 0.3177 0.0, -0.841 0.3267 -0.0079, -0.841 0.3267 0.0, -0.8485 0.3342 -0.0079, -0.8485 0.3342 0.0, -0.8575 0.3398 -0.0079, -0.8575 0.3398 0.0, -0.8674 0.3433 -0.0079, -0.8674 0.3433 0.0, -0.878 0.3445 -0.0079, -0.878 0.3445 0.0, -0.9843 0.3445 0.0, -0.9882 0.3445 -0.0079, -0.9882 0.3445 -0.0079
            ]
        }
        coordIndex [
            0,1,2,-1,2,1,3,-1,2,3,4,-1,5,6,7,-1,7,6,8,-1,9,10,11,-1,11,10,12,-1,11,12,7,-1,7,12,13,-1,7,13,5,-1,14,15,16,-1,16,15,7,-1,17,18,19,-1,19,18,20,-1,19,20,21,-1,21,20,22,-1,21,22,23,-1,0,24,1,-1,1,24,25,-1,1,25,26,-1,26,25,15,-1,26,15,27,-1,27,15,14,-1,8,28,7,-1,7,28,29,-1,7,29,16,-1,17,19,11,-1,11,19,30,-1,11,30,9,-1,31,32,33,-1,33,32,34,-1,34,32,35,-1,35,32,36,-1,35,36,37,-1,37,36,38,-1,37,38,39,-1,37,39,40,-1,40,39,41,-1,40,41,42,-1,42,41,43,-1,42,43,44,-1,44,43,45,-1,44,45,46,-1,46,45,47,-1,46,47,48,-1,48,47,49,-1,48,49,50,-1,50,49,51,-1,50,51,52,-1,51,53,52,-1,52,53,54,-1,54,53,55,-1,54,55,56,-1,56,55,57,-1,56,57,58,-1,58,57,59,-1,58,59,60,-1,60,59,61,-1,60,61,62,-1,62,61,63,-1,62,63,64,-1,64,63,65,-1,64,65,66,-1,66,65,67,-1,66,67,68,-1,68,67,69,-1,69,67,70,-1,69,70,33,-1,33,70,31,-1,
        ]
    }
}
Shape{
    appearance Appearance {
        material  Material 	{
            diffuseColor 0.6470588235294118 0.5176470588235295 0.0
            specularColor 0.45098039215686275 0.3607843137254902 0.0
            ambientIntensity 0.2
            transparency 0
            shininess 0.5
        }
    }
    geometry IndexedFaceSet {
        ccw TRUE
        solid FALSE
        coord DEF co Coordinate {
            point [
                -0.9882 0.3445 -0.0079, -0.9882 0.3346 -0.0079, -0.9882 0.3346 0.0118, -0.9882 0.2559 -0.0079, -0.9882 0.2461 -0.0079, -0.9882 0.2559 0.0118, -0.9882 0.2461 0.0709, -0.9882 0.3445 0.0709, -0.9882 0.3445 0.0709
            ]
        }
        coordIndex [
            0,1,2,-1,3,4,5,-1,5,4,6,-1,5,6,2,-1,2,6,7,-1,2,7,0,-1,
        ]
    }
}
Shape{
    appearance Appearance {
        material  Material 	{
            diffuseColor 0.6666666666666666 0.6980392156862745 0.7686274509803922
            specularColor 0.3333333333333333 0.34901960784313724 0.3843137254901961
            ambientIntensity 0.2
            transparency 0
            shininess 0.5
        }
    }
    geometry IndexedFaceSet {
        ccw TRUE
        solid FALSE
        coord DEF co Coordinate {
            point [
                -0.978 0.3333 -0.0079, -0.9882 0.3346 -0.0079, -0.9882 0.3445 -0.0079, -0.8485 0.2564 -0.0079, -0.9502 0.2851 -0.0079, -0.841 0.2639 -0.0079, -0.9488 0.2953 -0.0079, -0.9685 0.3294 -0.0079, -0.878 0.3445 -0.0079, -0.9604 0.3231 -0.0079, -0.9685 0.2612 -0.0079, -0.878 0.2461 -0.0079, -0.978 0.2572 -0.0079, -0.9882 0.2461 -0.0079, -0.9882 0.2559 -0.0079, -0.8307 0.2933 -0.0079, -0.8319 0.2828 -0.0079, -0.8354 0.2728 -0.0079, -0.8354 0.3177 -0.0079, -0.8319 0.3078 -0.0079, -0.8307 0.2972 -0.0079, -0.8674 0.3433 -0.0079, -0.9502 0.3055 -0.0079, -0.9541 0.315 -0.0079, -0.9604 0.2674 -0.0079, -0.9541 0.2756 -0.0079, -0.8674 0.2472 -0.0079, -0.8575 0.2507 -0.0079, -0.8575 0.3398 -0.0079, -0.8485 0.3342 -0.0079, -0.841 0.3267 -0.0079, -0.9882 0.5413 0.0709, -0.9882 0.4429 0.0709, -0.9843 0.5413 0.0709, -0.9843 0.4429 0.0709, -0.9843 0.4429 0.0, -0.9882 0.4429 -0.0079, -0.878 0.4429 0.0, -0.878 0.4429 -0.0079, -0.8674 0.4441 -0.0079, -0.8674 0.4441 0.0, -0.8575 0.4476 -0.0079, -0.8575 0.4476 0.0, -0.8485 0.4532 -0.0079, -0.8485 0.4532 0.0, -0.841 0.4607 -0.0079, -0.841 0.4607 0.0, -0.8354 0.4697 -0.0079, -0.8354 0.4697 0.0, -0.8319 0.4796 -0.0079, -0.8319 0.4796 0.0, -0.8307 0.4902 -0.0079, -0.8307 0.4902 0.0, -0.8307 0.4941 -0.0079, -0.8307 0.4941 0.0, -0.8319 0.5046 -0.0079, -0.8319 0.5046 0.0, -0.8354 0.5146 -0.0079, -0.8354 0.5146 0.0, -0.841 0.5236 -0.0079, -0.841 0.5236 0.0, -0.8485 0.531 -0.0079, -0.8485 0.531 0.0, -0.8575 0.5367 -0.0079, -0.8575 0.5367 0.0, -0.8674 0.5402 -0.0079, -0.8674 0.5402 0.0, -0.878 0.5413 -0.0079, -0.878 0.5413 0.0, -0.9843 0.5413 0.0, -0.9882 0.5413 -0.0079, -0.9882 0.5413 -0.0079
            ]
        }
        coordIndex [
            0,1,2,-1,3,4,5,-1,5,4,6,-1,0,2,7,-1,7,2,8,-1,7,8,9,-1,10,11,12,-1,12,11,13,-1,12,13,14,-1,15,16,6,-1,6,16,17,-1,6,17,5,-1,18,19,6,-1,6,19,20,-1,6,20,15,-1,21,22,8,-1,8,22,23,-1,8,23,9,-1,10,24,11,-1,11,24,25,-1,11,25,26,-1,26,25,4,-1,26,4,27,-1,27,4,3,-1,21,28,22,-1,22,28,29,-1,22,29,6,-1,6,29,30,-1,6,30,18,-1,31,32,33,-1,33,32,34,-1,34,32,35,-1,35,32,36,-1,35,36,37,-1,37,36,38,-1,37,38,39,-1,37,39,40,-1,40,39,41,-1,40,41,42,-1,42,41,43,-1,42,43,44,-1,44,43,45,-1,44,45,46,-1,46,45,47,-1,46,47,48,-1,48,47,49,-1,48,49,50,-1,50,49,51,-1,50,51,52,-1,51,53,52,-1,52,53,54,-1,54,53,55,-1,54,55,56,-1,56,55,57,-1,56,57,58,-1,58,57,59,-1,58,59,60,-1,60,59,61,-1,60,61,62,-1,62,61,63,-1,62,63,64,-1,64,63,65,-1,64,65,66,-1,66,65,67,-1,66,67,68,-1,68,67,69,-1,69,67,70,-1,69,70,33,-1,33,70,31,-1,
        ]
    }
}
Shape{
    appearance Appearance {
        material  Material 	{
            diffuseColor 0.6470588235294118 0.5176470588235295 0.0
            specularColor 0.45098039215686275 0.3607843137254902 0.0
            ambientIntensity 0.2
            transparency 0
            shininess 0.5
        }
    }
    geometry IndexedFaceSet {
        ccw TRUE
        solid FALSE
        coord DEF co Coordinate {
            point [
                -0.9882 0.5413 -0.0079, -0.9882 0.5315 -0.0079, -0.9882 0.5315 0.0118, -0.9882 0.4528 -0.0079, -0.9882 0.4429 -0.0079, -0.9882 0.4528 0.0118, -0.9882 0.4429 0.0709, -0.9882 0.5413 0.0709, -0.9882 0.5413 0.0709
            ]
        }
        coordIndex [
            0,1,2,-1,3,4,5,-1,5,4,6,-1,5,6,2,-1,2,6,7,-1,2,7,0,-1,
        ]
    }
}
Shape{
    appearance Appearance {
        material  Material 	{
            diffuseColor 0.6666666666666666 0.6980392156862745 0.7686274509803922
            specularColor 0.3333333333333333 0.34901960784313724 0.3843137254901961
            ambientIntensity 0.2
            transparency 0
            shininess 0.5
        }
    }
    geometry IndexedFaceSet {
        ccw TRUE
        solid FALSE
        coord DEF co Coordinate {
            point [
                -0.9685 0.458 -0.0079, -0.878 0.4429 -0.0079, -0.978 0.4541 -0.0079, -0.9882 0.4429 -0.0079, -0.9882 0.4528 -0.0079, -0.9604 0.4643 -0.0079, -0.9541 0.4724 -0.0079, -0.8674 0.4441 -0.0079, -0.9502 0.4819 -0.0079, -0.8575 0.4476 -0.0079, -0.8354 0.5146 -0.0079, -0.9488 0.4921 -0.0079, -0.841 0.5236 -0.0079, -0.9502 0.5023 -0.0079, -0.8319 0.5046 -0.0079, -0.8307 0.4941 -0.0079, -0.8307 0.4902 -0.0079, -0.841 0.4607 -0.0079, -0.8485 0.4532 -0.0079, -0.9541 0.5118 -0.0079, -0.878 0.5413 -0.0079, -0.8674 0.5402 -0.0079, -0.8575 0.5367 -0.0079, -0.8485 0.531 -0.0079, -0.9604 0.52 -0.0079, -0.9685 0.5262 -0.0079, -0.9882 0.5413 -0.0079, -0.978 0.5302 -0.0079, -0.9882 0.5315 -0.0079, -0.8319 0.4796 -0.0079, -0.8354 0.4697 -0.0079, -0.9882 0.7382 0.0709, -0.9882 0.6398 0.0709, -0.9843 0.7382 0.0709, -0.9843 0.6398 0.0709, -0.9843 0.6398 0.0, -0.9882 0.6398 -0.0079, -0.878 0.6398 0.0, -0.878 0.6398 -0.0079, -0.8674 0.6409 -0.0079, -0.8674 0.6409 0.0, -0.8575 0.6444 -0.0079, -0.8575 0.6444 0.0, -0.8485 0.6501 -0.0079, -0.8485 0.6501 0.0, -0.841 0.6576 -0.0079, -0.841 0.6576 0.0, -0.8354 0.6665 -0.0079, -0.8354 0.6665 0.0, -0.8319 0.6765 -0.0079, -0.8319 0.6765 0.0, -0.8307 0.687 -0.0079, -0.8307 0.687 0.0, -0.8307 0.6909 -0.0079, -0.8307 0.6909 0.0, -0.8319 0.7015 -0.0079, -0.8319 0.7015 0.0, -0.8354 0.7114 -0.0079, -0.8354 0.7114 0.0, -0.841 0.7204 -0.0079, -0.841 0.7204 0.0, -0.8485 0.7279 -0.0079, -0.8485 0.7279 0.0, -0.8575 0.7335 -0.0079, -0.8575 0.7335 0.0, -0.8674 0.737 -0.0079, -0.8674 0.737 0.0, -0.878 0.7382 -0.0079, -0.878 0.7382 0.0, -0.9843 0.7382 0.0, -0.9882 0.7382 -0.0079, -0.9882 0.7382 -0.0079
            ]
        }
        coordIndex [
            0,1,2,-1,2,1,3,-1,2,3,4,-1,0,5,1,-1,1,5,6,-1,1,6,7,-1,7,6,8,-1,7,8,9,-1,10,11,12,-1,12,11,13,-1,10,14,11,-1,11,14,15,-1,11,15,16,-1,11,17,8,-1,8,17,18,-1,8,18,9,-1,19,20,13,-1,13,20,21,-1,21,22,13,-1,13,22,23,-1,13,23,12,-1,19,24,20,-1,20,24,25,-1,20,25,26,-1,26,25,27,-1,26,27,28,-1,16,29,11,-1,11,29,30,-1,11,30,17,-1,31,32,33,-1,33,32,34,-1,34,32,35,-1,35,32,36,-1,35,36,37,-1,37,36,38,-1,37,38,39,-1,37,39,40,-1,40,39,41,-1,40,41,42,-1,42,41,43,-1,42,43,44,-1,44,43,45,-1,44,45,46,-1,46,45,47,-1,46,47,48,-1,48,47,49,-1,48,49,50,-1,50,49,51,-1,50,51,52,-1,51,53,52,-1,52,53,54,-1,54,53,55,-1,54,55,56,-1,56,55,57,-1,56,57,58,-1,58,57,59,-1,58,59,60,-1,60,59,61,-1,60,61,62,-1,62,61,63,-1,62,63,64,-1,64,63,65,-1,64,65,66,-1,66,65,67,-1,66,67,68,-1,68,67,69,-1,69,67,70,-1,69,70,33,-1,33,70,31,-1,
        ]
    }
}
Shape{
    appearance Appearance {
        material  Material 	{
            diffuseColor 0.6470588235294118 0.5176470588235295 0.0
            specularColor 0.45098039215686275 0.3607843137254902 0.0
            ambientIntensity 0.2
            transparency 0
            shininess 0.5
        }
    }
    geometry IndexedFaceSet {
        ccw TRUE
        solid FALSE
        coord DEF co Coordinate {
            point [
                -0.9882 0.7382 -0.0079, -0.9882 0.7283 -0.0079, -0.9882 0.7283 0.0118, -0.9882 0.6496 -0.0079, -0.9882 0.6398 -0.0079, -0.9882 0.6496 0.0118, -0.9882 0.6398 0.0709, -0.9882 0.7382 0.0709, -0.9882 0.7382 0.0709
            ]
        }
        coordIndex [
            0,1,2,-1,3,4,5,-1,5,4,6,-1,5,6,2,-1,2,6,7,-1,2,7,0,-1,
        ]
    }
}
Shape{
    appearance Appearance {
        material  Material 	{
            diffuseColor 0.6666666666666666 0.6980392156862745 0.7686274509803922
            specularColor 0.3333333333333333 0.34901960784313724 0.3843137254901961
            ambientIntensity 0.2
            transparency 0
            shininess 0.5
        }
    }
    geometry IndexedFaceSet {
        ccw TRUE
        solid FALSE
        coord DEF co Coordinate {
            point [
                -0.9685 0.6549 -0.0079, -0.878 0.6398 -0.0079, -0.978 0.6509 -0.0079, -0.9882 0.6398 -0.0079, -0.9882 0.6496 -0.0079, -0.9604 0.6611 -0.0079, -0.9541 0.6693 -0.0079, -0.8674 0.6409 -0.0079, -0.9502 0.6788 -0.0079, -0.8575 0.6444 -0.0079, -0.8354 0.7114 -0.0079, -0.9488 0.689 -0.0079, -0.841 0.7204 -0.0079, -0.9502 0.6992 -0.0079, -0.8319 0.7015 -0.0079, -0.8307 0.6909 -0.0079, -0.8307 0.687 -0.0079, -0.841 0.6576 -0.0079, -0.8485 0.6501 -0.0079, -0.9541 0.7087 -0.0079, -0.878 0.7382 -0.0079, -0.8674 0.737 -0.0079, -0.8575 0.7335 -0.0079, -0.8485 0.7279 -0.0079, -0.9604 0.7168 -0.0079, -0.9685 0.7231 -0.0079, -0.9882 0.7382 -0.0079, -0.978 0.727 -0.0079, -0.9882 0.7283 -0.0079, -0.8319 0.6765 -0.0079, -0.8354 0.6665 -0.0079, -0.9882 0.7283 0.0118, -0.978 0.727 0.0118, -0.9685 0.7231 0.0118, -0.9604 0.7168 0.0118, -0.9541 0.7087 0.0118, -0.9502 0.6992 0.0118, -0.9488 0.689 0.0118, -0.9502 0.6788 0.0118, -0.9541 0.6693 0.0118, -0.9604 0.6611 0.0118, -0.9685 0.6549 0.0118, -0.978 0.6509 0.0118, -0.9882 0.6496 0.0118, -0.9882 0.5315 0.0118, -0.9882 0.5315 -0.0079, -0.978 0.5302 0.0118, -0.978 0.5302 -0.0079, -0.9685 0.5262 0.0118, -0.9685 0.5262 -0.0079, -0.9604 0.52 0.0118, -0.9604 0.52 -0.0079, -0.9541 0.5118 0.0118, -0.9541 0.5118 -0.0079, -0.9502 0.5023 0.0118, -0.9502 0.5023 -0.0079, -0.9488 0.4921 0.0118, -0.9488 0.4921 -0.0079, -0.9502 0.4819 0.0118, -0.9502 0.4819 -0.0079, -0.9541 0.4724 0.0118, -0.9541 0.4724 -0.0079, -0.9604 0.4643 0.0118, -0.9604 0.4643 -0.0079, -0.9685 0.458 0.0118, -0.9685 0.458 -0.0079, -0.978 0.4541 0.0118, -0.978 0.4541 -0.0079, -0.9882 0.4528 0.0118, -0.9882 0.4528 -0.0079, -0.9882 0.3346 0.0118, -0.9882 0.3346 -0.0079, -0.978 0.3333 0.0118, -0.978 0.3333 -0.0079, -0.9685 0.3294 0.0118, -0.9685 0.3294 -0.0079, -0.9604 0.3231 0.0118, -0.9604 0.3231 -0.0079, -0.9541 0.315 0.0118, -0.9541 0.315 -0.0079, -0.9502 0.3055 0.0118, -0.9502 0.3055 -0.0079, -0.9488 0.2953 0.0118, -0.9488 0.2953 -0.0079, -0.9502 0.2851 0.0118, -0.9502 0.2851 -0.0079, -0.9541 0.2756 0.0118, -0.9541 0.2756 -0.0079, -0.9604 0.2674 0.0118, -0.9604 0.2674 -0.0079, -0.9685 0.2612 0.0118, -0.9685 0.2612 -0.0079, -0.978 0.2572 0.0118, -0.978 0.2572 -0.0079, -0.9882 0.2559 0.0118, -0.9882 0.2559 -0.0079, -0.9882 0.1378 0.0118, -0.9882 0.1378 -0.0079, -0.978 0.1365 0.0118, -0.978 0.1365 -0.0079, -0.9685 0.1325 0.0118, -0.9685 0.1325 -0.0079, -0.9604 0.1263 0.0118, -0.9604 0.1263 -0.0079, -0.9541 0.1181 0.0118, -0.9541 0.1181 -0.0079, -0.9502 0.1086 0.0118, -0.9502 0.1086 -0.0079, -0.9488 0.0984 0.0118, -0.9488 0.0984 -0.0079, -0.9502 0.0882 0.0118, -0.9502 0.0882 -0.0079, -0.9541 0.0787 0.0118, -0.9541 0.0787 -0.0079, -0.9604 0.0706 0.0118, -0.9604 0.0706 -0.0079, -0.9685 0.0643 0.0118, -0.9685 0.0643 -0.0079, -0.978 0.0604 0.0118, -0.978 0.0604 -0.0079, -0.9882 0.0591 0.0118, -0.9882 0.0591 -0.0079, -0.9882 -0.0591 0.0118, -0.9882 -0.0591 -0.0079, -0.978 -0.0604 0.0118, -0.978 -0.0604 -0.0079, -0.9685 -0.0643 0.0118, -0.9685 -0.0643 -0.0079, -0.9604 -0.0706 0.0118, -0.9604 -0.0706 -0.0079, -0.9541 -0.0787 0.0118, -0.9541 -0.0787 -0.0079, -0.9502 -0.0882 0.0118, -0.9502 -0.0882 -0.0079, -0.9488 -0.0984 0.0118, -0.9488 -0.0984 -0.0079, -0.9502 -0.1086 0.0118, -0.9502 -0.1086 -0.0079, -0.9541 -0.1181 0.0118, -0.9541 -0.1181 -0.0079, -0.9604 -0.1263 0.0118, -0.9604 -0.1263 -0.0079, -0.9685 -0.1325 0.0118, -0.9685 -0.1325 -0.0079, -0.978 -0.1365 0.0118, -0.978 -0.1365 -0.0079, -0.9882 -0.1378 0.0118, -0.9882 -0.1378 -0.0079, -0.9882 -0.2559 0.0118, -0.9882 -0.2559 -0.0079, -0.978 -0.2572 0.0118, -0.978 -0.2572 -0.0079, -0.9685 -0.2612 0.0118, -0.9685 -0.2612 -0.0079, -0.9604 -0.2674 0.0118, -0.9604 -0.2674 -0.0079, -0.9541 -0.2756 0.0118, -0.9541 -0.2756 -0.0079, -0.9502 -0.2851 0.0118, -0.9502 -0.2851 -0.0079, -0.9488 -0.2953 0.0118, -0.9488 -0.2953 -0.0079, -0.9502 -0.3055 0.0118, -0.9502 -0.3055 -0.0079, -0.9541 -0.315 0.0118, -0.9541 -0.315 -0.0079, -0.9604 -0.3231 0.0118, -0.9604 -0.3231 -0.0079, -0.9685 -0.3294 0.0118, -0.9685 -0.3294 -0.0079, -0.978 -0.3333 0.0118, -0.978 -0.3333 -0.0079, -0.9882 -0.3346 0.0118, -0.9882 -0.3346 -0.0079, -0.9882 -0.4528 0.0118, -0.9882 -0.4528 -0.0079, -0.978 -0.4541 0.0118, -0.978 -0.4541 -0.0079, -0.9685 -0.458 0.0118, -0.9685 -0.458 -0.0079, -0.9604 -0.4643 0.0118, -0.9604 -0.4643 -0.0079, -0.9541 -0.4724 0.0118, -0.9541 -0.4724 -0.0079, -0.9502 -0.4819 0.0118, -0.9502 -0.4819 -0.0079, -0.9488 -0.4921 0.0118, -0.9488 -0.4921 -0.0079, -0.9502 -0.5023 0.0118, -0.9502 -0.5023 -0.0079, -0.9541 -0.5118 0.0118, -0.9541 -0.5118 -0.0079, -0.9604 -0.52 0.0118, -0.9604 -0.52 -0.0079, -0.9685 -0.5262 0.0118, -0.9685 -0.5262 -0.0079, -0.978 -0.5302 0.0118, -0.978 -0.5302 -0.0079, -0.9882 -0.5315 0.0118, -0.9882 -0.5315 -0.0079, -0.9882 -0.6496 0.0118, -0.9882 -0.6496 -0.0079, -0.978 -0.6509 0.0118, -0.978 -0.6509 -0.0079, -0.9685 -0.6549 0.0118, -0.9685 -0.6549 -0.0079, -0.9604 -0.6611 0.0118, -0.9604 -0.6611 -0.0079, -0.9541 -0.6693 0.0118, -0.9541 -0.6693 -0.0079, -0.9502 -0.6788 0.0118, -0.9502 -0.6788 -0.0079, -0.9488 -0.689 0.0118, -0.9488 -0.689 -0.0079, -0.9502 -0.6992 0.0118, -0.9502 -0.6992 -0.0079, -0.9541 -0.7087 0.0118, -0.9541 -0.7087 -0.0079, -0.9604 -0.7168 0.0118, -0.9604 -0.7168 -0.0079, -0.9685 -0.7231 0.0118, -0.9685 -0.7231 -0.0079, -0.978 -0.727 0.0118, -0.978 -0.727 -0.0079, -0.9882 -0.7283 0.0118, -0.9882 -0.7283 -0.0079, 0.6398 -0.9882 0.0709, 0.7382 -0.9882 0.0709, 0.6398 -0.9843 0.0709, 0.7382 -0.9843 0.0709, 0.7382 -0.9843 0.0, 0.7382 -0.9882 -0.0079, 0.7382 -0.878 0.0, 0.7382 -0.878 -0.0079, 0.737 -0.8674 -0.0079, 0.737 -0.8674 0.0, 0.7335 -0.8575 -0.0079, 0.7335 -0.8575 0.0, 0.7279 -0.8485 -0.0079, 0.7279 -0.8485 0.0, 0.7204 -0.841 -0.0079, 0.7204 -0.841 0.0, 0.7114 -0.8354 -0.0079, 0.7114 -0.8354 0.0, 0.7015 -0.8319 -0.0079, 0.7015 -0.8319 0.0, 0.6909 -0.8307 -0.0079, 0.6909 -0.8307 0.0, 0.687 -0.8307 -0.0079, 0.687 -0.8307 0.0, 0.6765 -0.8319 -0.0079, 0.6765 -0.8319 0.0, 0.6665 -0.8354 -0.0079, 0.6665 -0.8354 0.0, 0.6576 -0.841 -0.0079, 0.6576 -0.841 0.0, 0.6501 -0.8485 -0.0079, 0.6501 -0.8485 0.0, 0.6444 -0.8575 -0.0079, 0.6444 -0.8575 0.0, 0.6409 -0.8674 -0.0079, 0.6409 -0.8674 0.0, 0.6398 -0.878 -0.0079, 0.6398 -0.878 0.0, 0.6398 -0.9843 0.0, 0.6398 -0.9882 -0.0079, 0.6398 -0.9882 -0.0079
            ]
        }
        coordIndex [
            0,1,2,-1,2,1,3,-1,2,3,4,-1,0,5,1,-1,1,5,6,-1,1,6,7,-1,7,6,8,-1,7,8,9,-1,10,11,12,-1,12,11,13,-1,10,14,11,-1,11,14,15,-1,11,15,16,-1,11,17,8,-1,8,17,18,-1,8,18,9,-1,19,20,13,-1,13,20,21,-1,21,22,13,-1,13,22,23,-1,13,23,12,-1,19,24,20,-1,20,24,25,-1,20,25,26,-1,26,25,27,-1,26,27,28,-1,16,29,11,-1,11,29,30,-1,11,30,17,-1,31,28,32,-1,32,28,27,-1,32,27,33,-1,33,27,25,-1,33,25,34,-1,34,25,24,-1,34,24,35,-1,35,24,19,-1,35,19,36,-1,36,19,13,-1,36,13,37,-1,37,13,11,-1,37,11,38,-1,38,11,8,-1,38,8,39,-1,39,8,6,-1,39,6,40,-1,40,6,5,-1,40,5,41,-1,41,5,0,-1,41,0,42,-1,42,0,2,-1,42,2,43,-1,43,2,4,-1,37,38,39,-1,31,32,43,-1,43,32,33,-1,37,39,36,-1,41,42,35,-1,35,42,43,-1,35,43,34,-1,34,43,33,-1,36,39,35,-1,35,39,40,-1,35,40,41,-1,44,45,46,-1,46,45,47,-1,46,47,48,-1,48,47,49,-1,48,49,50,-1,50,49,51,-1,50,51,52,-1,52,51,53,-1,52,53,54,-1,54,53,55,-1,54,55,56,-1,56,55,57,-1,56,57,58,-1,58,57,59,-1,58,59,60,-1,60,59,61,-1,60,61,62,-1,62,61,63,-1,62,63,64,-1,64,63,65,-1,64,65,66,-1,66,65,67,-1,66,67,68,-1,68,67,69,-1,56,58,60,-1,44,46,68,-1,68,46,48,-1,56,60,54,-1,64,66,52,-1,52,66,68,-1,52,68,50,-1,50,68,48,-1,54,60,52,-1,52,60,62,-1,52,62,64,-1,70,71,72,-1,72,71,73,-1,72,73,74,-1,74,73,75,-1,74,75,76,-1,76,75,77,-1,76,77,78,-1,78,77,79,-1,78,79,80,-1,80,79,81,-1,80,81,82,-1,82,81,83,-1,82,83,84,-1,84,83,85,-1,84,85,86,-1,86,85,87,-1,86,87,88,-1,88,87,89,-1,88,89,90,-1,90,89,91,-1,90,91,92,-1,92,91,93,-1,92,93,94,-1,94,93,95,-1,80,82,70,-1,74,76,78,-1,80,70,78,-1,78,70,72,-1,78,72,74,-1,82,84,70,-1,70,84,86,-1,70,86,88,-1,88,90,70,-1,70,90,92,-1,70,92,94,-1,96,97,98,-1,98,97,99,-1,98,99,100,-1,100,99,101,-1,100,101,102,-1,102,101,103,-1,102,103,104,-1,104,103,105,-1,104,105,106,-1,106,105,107,-1,106,107,108,-1,108,107,109,-1,108,109,110,-1,110,109,111,-1,110,111,112,-1,112,111,113,-1,112,113,114,-1,114,113,115,-1,114,115,116,-1,116,115,117,-1,116,117,118,-1,118,117,119,-1,118,119,120,-1,120,119,121,-1,106,108,96,-1,100,102,104,-1,106,96,104,-1,104,96,98,-1,104,98,100,-1,108,110,96,-1,96,110,112,-1,96,112,114,-1,114,116,96,-1,96,116,118,-1,96,118,120,-1,122,123,124,-1,124,123,125,-1,124,125,126,-1,126,125,127,-1,126,127,128,-1,128,127,129,-1,128,129,130,-1,130,129,131,-1,130,131,132,-1,132,131,133,-1,132,133,134,-1,134,133,135,-1,134,135,136,-1,136,135,137,-1,136,137,138,-1,138,137,139,-1,138,139,140,-1,140,139,141,-1,140,141,142,-1,142,141,143,-1,142,143,144,-1,144,143,145,-1,144,145,146,-1,146,145,147,-1,132,134,122,-1,126,128,130,-1,132,122,130,-1,130,122,124,-1,130,124,126,-1,134,136,122,-1,122,136,138,-1,122,138,140,-1,140,142,122,-1,122,142,144,-1,122,144,146,-1,148,149,150,-1,150,149,151,-1,150,151,152,-1,152,151,153,-1,152,153,154,-1,154,153,155,-1,154,155,156,-1,156,155,157,-1,156,157,158,-1,158,157,159,-1,158,159,160,-1,160,159,161,-1,160,161,162,-1,162,161,163,-1,162,163,164,-1,164,163,165,-1,164,165,166,-1,166,165,167,-1,166,167,168,-1,168,167,169,-1,168,169,170,-1,170,169,171,-1,170,171,172,-1,172,171,173,-1,158,160,148,-1,152,154,156,-1,158,148,156,-1,156,148,150,-1,156,150,152,-1,160,162,148,-1,148,162,164,-1,148,164,166,-1,166,168,148,-1,148,168,170,-1,148,170,172,-1,174,175,176,-1,176,175,177,-1,176,177,178,-1,178,177,179,-1,178,179,180,-1,180,179,181,-1,180,181,182,-1,182,181,183,-1,182,183,184,-1,184,183,185,-1,184,185,186,-1,186,185,187,-1,186,187,188,-1,188,187,189,-1,188,189,190,-1,190,189,191,-1,190,191,192,-1,192,191,193,-1,192,193,194,-1,194,193,195,-1,194,195,196,-1,196,195,197,-1,196,197,198,-1,198,197,199,-1,186,188,190,-1,174,176,198,-1,198,176,178,-1,186,190,184,-1,194,196,182,-1,182,196,198,-1,182,198,180,-1,180,198,178,-1,184,190,182,-1,182,190,192,-1,182,192,194,-1,200,201,202,-1,202,201,203,-1,202,203,204,-1,204,203,205,-1,204,205,206,-1,206,205,207,-1,206,207,208,-1,208,207,209,-1,208,209,210,-1,210,209,211,-1,210,211,212,-1,212,211,213,-1,212,213,214,-1,214,213,215,-1,214,215,216,-1,216,215,217,-1,216,217,218,-1,218,217,219,-1,218,219,220,-1,220,219,221,-1,220,221,222,-1,222,221,223,-1,222,223,224,-1,224,223,225,-1,212,214,216,-1,200,202,224,-1,224,202,204,-1,212,216,210,-1,220,222,208,-1,208,222,224,-1,208,224,206,-1,206,224,204,-1,210,216,208,-1,208,216,218,-1,208,218,220,-1,226,227,228,-1,228,227,229,-1,229,227,230,-1,230,227,231,-1,230,231,232,-1,232,231,233,-1,232,233,234,-1,232,234,235,-1,235,234,236,-1,235,236,237,-1,237,236,238,-1,237,238,239,-1,239,238,240,-1,239,240,241,-1,241,240,242,-1,241,242,243,-1,243,242,244,-1,243,244,245,-1,245,244,246,-1,245,246,247,-1,246,248,247,-1,247,248,249,-1,249,248,250,-1,249,250,251,-1,251,250,252,-1,251,252,253,-1,253,252,254,-1,253,254,255,-1,255,254,256,-1,255,256,257,-1,257,256,258,-1,257,258,259,-1,259,258,260,-1,259,260,261,-1,261,260,262,-1,261,262,263,-1,263,262,264,-1,264,262,265,-1,264,265,228,-1,228,265,226,-1,
        ]
    }
}
Shape{
    appearance Appearance {
        material  Material 	{
            diffuseColor 0.6470588235294118 0.5176470588235295 0.0
            specularColor 0.45098039215686275 0.3607843137254902 0.0
            ambientIntensity 0.2
            transparency 0
            shininess 0.5
        }
    }
    geometry IndexedFaceSet {
        ccw TRUE
        solid FALSE
        coord DEF co Coordinate {
            point [
                0.6398 -0.9882 -0.0079, 0.6496 -0.9882 -0.0079, 0.6496 -0.9882 0.0118, 0.7283 -0.9882 -0.0079, 0.7382 -0.9882 -0.0079, 0.7283 -0.9882 0.0118, 0.7382 -0.9882 0.0709, 0.6398 -0.9882 0.0709, 0.6398 -0.9882 0.0709
            ]
        }
        coordIndex [
            0,1,2,-1,3,4,5,-1,5,4,6,-1,5,6,2,-1,2,6,7,-1,2,7,0,-1,
        ]
    }
}
Shape{
    appearance Appearance {
        material  Material 	{
            diffuseColor 0.6666666666666666 0.6980392156862745 0.7686274509803922
            specularColor 0.3333333333333333 0.34901960784313724 0.3843137254901961
            ambientIntensity 0.2
            transparency 0
            shininess 0.5
        }
    }
    geometry IndexedFaceSet {
        ccw TRUE
        solid FALSE
        coord DEF co Coordinate {
            point [
                0.6693 -0.9541 -0.0079, 0.6611 -0.9604 -0.0079, 0.6398 -0.878 -0.0079, 0.6549 -0.9685 -0.0079, 0.6398 -0.9882 -0.0079, 0.6509 -0.978 -0.0079, 0.6496 -0.9882 -0.0079, 0.7231 -0.9685 -0.0079, 0.7382 -0.878 -0.0079, 0.727 -0.978 -0.0079, 0.7382 -0.9882 -0.0079, 0.7283 -0.9882 -0.0079, 0.6765 -0.8319 -0.0079, 0.687 -0.8307 -0.0079, 0.689 -0.9488 -0.0079, 0.6909 -0.8307 -0.0079, 0.7015 -0.8319 -0.0079, 0.6788 -0.9502 -0.0079, 0.6409 -0.8674 -0.0079, 0.6444 -0.8575 -0.0079, 0.7279 -0.8485 -0.0079, 0.6992 -0.9502 -0.0079, 0.7204 -0.841 -0.0079, 0.7114 -0.8354 -0.0079, 0.6501 -0.8485 -0.0079, 0.6576 -0.841 -0.0079, 0.6665 -0.8354 -0.0079, 0.7168 -0.9604 -0.0079, 0.7087 -0.9541 -0.0079, 0.737 -0.8674 -0.0079, 0.7335 -0.8575 -0.0079, 0.4429 -0.9882 0.0709, 0.5413 -0.9882 0.0709, 0.4429 -0.9843 0.0709, 0.5413 -0.9843 0.0709, 0.5413 -0.9843 0.0, 0.5413 -0.9882 -0.0079, 0.5413 -0.878 0.0, 0.5413 -0.878 -0.0079, 0.5402 -0.8674 -0.0079, 0.5402 -0.8674 0.0, 0.5367 -0.8575 -0.0079, 0.5367 -0.8575 0.0, 0.531 -0.8485 -0.0079, 0.531 -0.8485 0.0, 0.5236 -0.841 -0.0079, 0.5236 -0.841 0.0, 0.5146 -0.8354 -0.0079, 0.5146 -0.8354 0.0, 0.5046 -0.8319 -0.0079, 0.5046 -0.8319 0.0, 0.4941 -0.8307 -0.0079, 0.4941 -0.8307 0.0, 0.4902 -0.8307 -0.0079, 0.4902 -0.8307 0.0, 0.4796 -0.8319 -0.0079, 0.4796 -0.8319 0.0, 0.4697 -0.8354 -0.0079, 0.4697 -0.8354 0.0, 0.4607 -0.841 -0.0079, 0.4607 -0.841 0.0, 0.4532 -0.8485 -0.0079, 0.4532 -0.8485 0.0, 0.4476 -0.8575 -0.0079, 0.4476 -0.8575 0.0, 0.4441 -0.8674 -0.0079, 0.4441 -0.8674 0.0, 0.4429 -0.878 -0.0079, 0.4429 -0.878 0.0, 0.4429 -0.9843 0.0, 0.4429 -0.9882 -0.0079, 0.4429 -0.9882 -0.0079
            ]
        }
        coordIndex [
            0,1,2,-1,2,1,3,-1,2,3,4,-1,4,3,5,-1,4,5,6,-1,7,8,9,-1,9,8,10,-1,9,10,11,-1,12,13,14,-1,14,13,15,-1,14,15,16,-1,0,2,17,-1,17,2,18,-1,17,18,19,-1,20,21,22,-1,22,21,14,-1,22,14,23,-1,23,14,16,-1,19,24,17,-1,17,24,25,-1,17,25,14,-1,14,25,26,-1,14,26,12,-1,7,27,8,-1,8,27,28,-1,8,28,29,-1,29,28,21,-1,29,21,30,-1,30,21,20,-1,31,32,33,-1,33,32,34,-1,34,32,35,-1,35,32,36,-1,35,36,37,-1,37,36,38,-1,37,38,39,-1,37,39,40,-1,40,39,41,-1,40,41,42,-1,42,41,43,-1,42,43,44,-1,44,43,45,-1,44,45,46,-1,46,45,47,-1,46,47,48,-1,48,47,49,-1,48,49,50,-1,50,49,51,-1,50,51,52,-1,51,53,52,-1,52,53,54,-1,54,53,55,-1,54,55,56,-1,56,55,57,-1,56,57,58,-1,58,57,59,-1,58,59,60,-1,60,59,61,-1,60,61,62,-1,62,61,63,-1,62,63,64,-1,64,63,65,-1,64,65,66,-1,66,65,67,-1,66,67,68,-1,68,67,69,-1,69,67,70,-1,69,70,33,-1,33,70,31,-1,
        ]
    }
}
Shape{
    appearance Appearance {
        material  Material 	{
            diffuseColor 0.6470588235294118 0.5176470588235295 0.0
            specularColor 0.45098039215686275 0.3607843137254902 0.0
            ambientIntensity 0.2
            transparency 0
            shininess 0.5
        }
    }
    geometry IndexedFaceSet {
        ccw TRUE
        solid FALSE
        coord DEF co Coordinate {
            point [
                0.4429 -0.9882 -0.0079, 0.4528 -0.9882 -0.0079, 0.4528 -0.9882 0.0118, 0.5315 -0.9882 -0.0079, 0.5413 -0.9882 -0.0079, 0.5315 -0.9882 0.0118, 0.5413 -0.9882 0.0709, 0.4429 -0.9882 0.0709, 0.4429 -0.9882 0.0709
            ]
        }
        coordIndex [
            0,1,2,-1,3,4,5,-1,5,4,6,-1,5,6,2,-1,2,6,7,-1,2,7,0,-1,
        ]
    }
}
Shape{
    appearance Appearance {
        material  Material 	{
            diffuseColor 0.6666666666666666 0.6980392156862745 0.7686274509803922
            specularColor 0.3333333333333333 0.34901960784313724 0.3843137254901961
            ambientIntensity 0.2
            transparency 0
            shininess 0.5
        }
    }
    geometry IndexedFaceSet {
        ccw TRUE
        solid FALSE
        coord DEF co Coordinate {
            point [
                0.4724 -0.9541 -0.0079, 0.4643 -0.9604 -0.0079, 0.4429 -0.878 -0.0079, 0.458 -0.9685 -0.0079, 0.4429 -0.9882 -0.0079, 0.4541 -0.978 -0.0079, 0.4528 -0.9882 -0.0079, 0.5262 -0.9685 -0.0079, 0.5413 -0.878 -0.0079, 0.5302 -0.978 -0.0079, 0.5413 -0.9882 -0.0079, 0.5315 -0.9882 -0.0079, 0.4796 -0.8319 -0.0079, 0.4902 -0.8307 -0.0079, 0.4921 -0.9488 -0.0079, 0.4941 -0.8307 -0.0079, 0.5046 -0.8319 -0.0079, 0.4819 -0.9502 -0.0079, 0.4441 -0.8674 -0.0079, 0.4476 -0.8575 -0.0079, 0.531 -0.8485 -0.0079, 0.5023 -0.9502 -0.0079, 0.5236 -0.841 -0.0079, 0.5146 -0.8354 -0.0079, 0.4532 -0.8485 -0.0079, 0.4607 -0.841 -0.0079, 0.4697 -0.8354 -0.0079, 0.52 -0.9604 -0.0079, 0.5118 -0.9541 -0.0079, 0.5402 -0.8674 -0.0079, 0.5367 -0.8575 -0.0079, 0.2461 -0.9882 0.0709, 0.3445 -0.9882 0.0709, 0.2461 -0.9843 0.0709, 0.3445 -0.9843 0.0709, 0.3445 -0.9843 0.0, 0.3445 -0.9882 -0.0079, 0.3445 -0.878 0.0, 0.3445 -0.878 -0.0079, 0.3433 -0.8674 -0.0079, 0.3433 -0.8674 0.0, 0.3398 -0.8575 -0.0079, 0.3398 -0.8575 0.0, 0.3342 -0.8485 -0.0079, 0.3342 -0.8485 0.0, 0.3267 -0.841 -0.0079, 0.3267 -0.841 0.0, 0.3177 -0.8354 -0.0079, 0.3177 -0.8354 0.0, 0.3078 -0.8319 -0.0079, 0.3078 -0.8319 0.0, 0.2972 -0.8307 -0.0079, 0.2972 -0.8307 0.0, 0.2933 -0.8307 -0.0079, 0.2933 -0.8307 0.0, 0.2828 -0.8319 -0.0079, 0.2828 -0.8319 0.0, 0.2728 -0.8354 -0.0079, 0.2728 -0.8354 0.0, 0.2639 -0.841 -0.0079, 0.2639 -0.841 0.0, 0.2564 -0.8485 -0.0079, 0.2564 -0.8485 0.0, 0.2507 -0.8575 -0.0079, 0.2507 -0.8575 0.0, 0.2472 -0.8674 -0.0079, 0.2472 -0.8674 0.0, 0.2461 -0.878 -0.0079, 0.2461 -0.878 0.0, 0.2461 -0.9843 0.0, 0.2461 -0.9882 -0.0079, 0.2461 -0.9882 -0.0079
            ]
        }
        coordIndex [
            0,1,2,-1,2,1,3,-1,2,3,4,-1,4,3,5,-1,4,5,6,-1,7,8,9,-1,9,8,10,-1,9,10,11,-1,12,13,14,-1,14,13,15,-1,14,15,16,-1,0,2,17,-1,17,2,18,-1,17,18,19,-1,20,21,22,-1,22,21,14,-1,22,14,23,-1,23,14,16,-1,19,24,17,-1,17,24,25,-1,17,25,14,-1,14,25,26,-1,14,26,12,-1,7,27,8,-1,8,27,28,-1,8,28,29,-1,29,28,21,-1,29,21,30,-1,30,21,20,-1,31,32,33,-1,33,32,34,-1,34,32,35,-1,35,32,36,-1,35,36,37,-1,37,36,38,-1,37,38,39,-1,37,39,40,-1,40,39,41,-1,40,41,42,-1,42,41,43,-1,42,43,44,-1,44,43,45,-1,44,45,46,-1,46,45,47,-1,46,47,48,-1,48,47,49,-1,48,49,50,-1,50,49,51,-1,50,51,52,-1,51,53,52,-1,52,53,54,-1,54,53,55,-1,54,55,56,-1,56,55,57,-1,56,57,58,-1,58,57,59,-1,58,59,60,-1,60,59,61,-1,60,61,62,-1,62,61,63,-1,62,63,64,-1,64,63,65,-1,64,65,66,-1,66,65,67,-1,66,67,68,-1,68,67,69,-1,69,67,70,-1,69,70,33,-1,33,70,31,-1,
        ]
    }
}
Shape{
    appearance Appearance {
        material  Material 	{
            diffuseColor 0.6470588235294118 0.5176470588235295 0.0
            specularColor 0.45098039215686275 0.3607843137254902 0.0
            ambientIntensity 0.2
            transparency 0
            shininess 0.5
        }
    }
    geometry IndexedFaceSet {
        ccw TRUE
        solid FALSE
        coord DEF co Coordinate {
            point [
                0.2461 -0.9882 -0.0079, 0.2559 -0.9882 -0.0079, 0.2559 -0.9882 0.0118, 0.3346 -0.9882 -0.0079, 0.3445 -0.9882 -0.0079, 0.3346 -0.9882 0.0118, 0.3445 -0.9882 0.0709, 0.2461 -0.9882 0.0709, 0.2461 -0.9882 0.0709
            ]
        }
        coordIndex [
            0,1,2,-1,3,4,5,-1,5,4,6,-1,5,6,2,-1,2,6,7,-1,2,7,0,-1,
        ]
    }
}
Shape{
    appearance Appearance {
        material  Material 	{
            diffuseColor 0.6666666666666666 0.6980392156862745 0.7686274509803922
            specularColor 0.3333333333333333 0.34901960784313724 0.3843137254901961
            ambientIntensity 0.2
            transparency 0
            shininess 0.5
        }
    }
    geometry IndexedFaceSet {
        ccw TRUE
        solid FALSE
        coord DEF co Coordinate {
            point [
                0.3294 -0.9685 -0.0079, 0.3445 -0.878 -0.0079, 0.3333 -0.978 -0.0079, 0.3445 -0.9882 -0.0079, 0.3346 -0.9882 -0.0079, 0.2756 -0.9541 -0.0079, 0.2674 -0.9604 -0.0079, 0.2461 -0.878 -0.0079, 0.2612 -0.9685 -0.0079, 0.2461 -0.9882 -0.0079, 0.2572 -0.978 -0.0079, 0.2559 -0.9882 -0.0079, 0.2851 -0.9502 -0.0079, 0.2472 -0.8674 -0.0079, 0.2507 -0.8575 -0.0079, 0.3231 -0.9604 -0.0079, 0.315 -0.9541 -0.0079, 0.3433 -0.8674 -0.0079, 0.3055 -0.9502 -0.0079, 0.3398 -0.8575 -0.0079, 0.2828 -0.8319 -0.0079, 0.2933 -0.8307 -0.0079, 0.2953 -0.9488 -0.0079, 0.2972 -0.8307 -0.0079, 0.3078 -0.8319 -0.0079, 0.2564 -0.8485 -0.0079, 0.2639 -0.841 -0.0079, 0.2728 -0.8354 -0.0079, 0.3177 -0.8354 -0.0079, 0.3267 -0.841 -0.0079, 0.3342 -0.8485 -0.0079, 0.0492 -0.9882 0.0709, 0.1476 -0.9882 0.0709, 0.0492 -0.9843 0.0709, 0.1476 -0.9843 0.0709, 0.1476 -0.9843 0.0, 0.1476 -0.9882 -0.0079, 0.1476 -0.878 0.0, 0.1476 -0.878 -0.0079, 0.1465 -0.8674 -0.0079, 0.1465 -0.8674 0.0, 0.143 -0.8575 -0.0079, 0.143 -0.8575 0.0, 0.1373 -0.8485 -0.0079, 0.1373 -0.8485 0.0, 0.1298 -0.841 -0.0079, 0.1298 -0.841 0.0, 0.1209 -0.8354 -0.0079, 0.1209 -0.8354 0.0, 0.1109 -0.8319 -0.0079, 0.1109 -0.8319 0.0, 0.1004 -0.8307 -0.0079, 0.1004 -0.8307 0.0, 0.0965 -0.8307 -0.0079, 0.0965 -0.8307 0.0, 0.0859 -0.8319 -0.0079, 0.0859 -0.8319 0.0, 0.076 -0.8354 -0.0079, 0.076 -0.8354 0.0, 0.067 -0.841 -0.0079, 0.067 -0.841 0.0, 0.0595 -0.8485 -0.0079, 0.0595 -0.8485 0.0, 0.0539 -0.8575 -0.0079, 0.0539 -0.8575 0.0, 0.0504 -0.8674 -0.0079, 0.0504 -0.8674 0.0, 0.0492 -0.878 -0.0079, 0.0492 -0.878 0.0, 0.0492 -0.9843 0.0, 0.0492 -0.9882 -0.0079, 0.0492 -0.9882 -0.0079
            ]
        }
        coordIndex [
            0,1,2,-1,2,1,3,-1,2,3,4,-1,5,6,7,-1,7,6,8,-1,7,8,9,-1,9,8,10,-1,9,10,11,-1,5,7,12,-1,12,7,13,-1,12,13,14,-1,0,15,1,-1,1,15,16,-1,1,16,17,-1,17,16,18,-1,17,18,19,-1,20,21,22,-1,22,21,23,-1,22,23,24,-1,14,25,12,-1,12,25,26,-1,12,26,22,-1,22,26,27,-1,22,27,20,-1,24,28,22,-1,22,28,29,-1,22,29,18,-1,18,29,30,-1,18,30,19,-1,31,32,33,-1,33,32,34,-1,34,32,35,-1,35,32,36,-1,35,36,37,-1,37,36,38,-1,37,38,39,-1,37,39,40,-1,40,39,41,-1,40,41,42,-1,42,41,43,-1,42,43,44,-1,44,43,45,-1,44,45,46,-1,46,45,47,-1,46,47,48,-1,48,47,49,-1,48,49,50,-1,50,49,51,-1,50,51,52,-1,51,53,52,-1,52,53,54,-1,54,53,55,-1,54,55,56,-1,56,55,57,-1,56,57,58,-1,58,57,59,-1,58,59,60,-1,60,59,61,-1,60,61,62,-1,62,61,63,-1,62,63,64,-1,64,63,65,-1,64,65,66,-1,66,65,67,-1,66,67,68,-1,68,67,69,-1,69,67,70,-1,69,70,33,-1,33,70,31,-1,
        ]
    }
}
Shape{
    appearance Appearance {
        material  Material 	{
            diffuseColor 0.6470588235294118 0.5176470588235295 0.0
            specularColor 0.45098039215686275 0.3607843137254902 0.0
            ambientIntensity 0.2
            transparency 0
            shininess 0.5
        }
    }
    geometry IndexedFaceSet {
        ccw TRUE
        solid FALSE
        coord DEF co Coordinate {
            point [
                0.0492 -0.9882 -0.0079, 0.0591 -0.9882 -0.0079, 0.0591 -0.9882 0.0118, 0.1378 -0.9882 -0.0079, 0.1476 -0.9882 -0.0079, 0.1378 -0.9882 0.0118, 0.1476 -0.9882 0.0709, 0.0492 -0.9882 0.0709, 0.0492 -0.9882 0.0709
            ]
        }
        coordIndex [
            0,1,2,-1,3,4,5,-1,5,4,6,-1,5,6,2,-1,2,6,7,-1,2,7,0,-1,
        ]
    }
}
Shape{
    appearance Appearance {
        material  Material 	{
            diffuseColor 0.6666666666666666 0.6980392156862745 0.7686274509803922
            specularColor 0.3333333333333333 0.34901960784313724 0.3843137254901961
            ambientIntensity 0.2
            transparency 0
            shininess 0.5
        }
    }
    geometry IndexedFaceSet {
        ccw TRUE
        solid FALSE
        coord DEF co Coordinate {
            point [
                0.1325 -0.9685 -0.0079, 0.1476 -0.878 -0.0079, 0.1365 -0.978 -0.0079, 0.1476 -0.9882 -0.0079, 0.1378 -0.9882 -0.0079, 0.0859 -0.8319 -0.0079, 0.0965 -0.8307 -0.0079, 0.0984 -0.9488 -0.0079, 0.1004 -0.8307 -0.0079, 0.1109 -0.8319 -0.0079, 0.0539 -0.8575 -0.0079, 0.0595 -0.8485 -0.0079, 0.0882 -0.9502 -0.0079, 0.067 -0.841 -0.0079, 0.076 -0.8354 -0.0079, 0.0787 -0.9541 -0.0079, 0.0706 -0.9604 -0.0079, 0.0492 -0.878 -0.0079, 0.0643 -0.9685 -0.0079, 0.0492 -0.9882 -0.0079, 0.0604 -0.978 -0.0079, 0.0591 -0.9882 -0.0079, 0.1263 -0.9604 -0.0079, 0.1181 -0.9541 -0.0079, 0.1465 -0.8674 -0.0079, 0.1086 -0.9502 -0.0079, 0.143 -0.8575 -0.0079, 0.1209 -0.8354 -0.0079, 0.1298 -0.841 -0.0079, 0.1373 -0.8485 -0.0079, 0.0504 -0.8674 -0.0079, -0.1476 -0.9882 0.0709, -0.0492 -0.9882 0.0709, -0.1476 -0.9843 0.0709, -0.0492 -0.9843 0.0709, -0.0492 -0.9843 0.0, -0.0492 -0.9882 -0.0079, -0.0492 -0.878 0.0, -0.0492 -0.878 -0.0079, -0.0504 -0.8674 -0.0079, -0.0504 -0.8674 0.0, -0.0539 -0.8575 -0.0079, -0.0539 -0.8575 0.0, -0.0595 -0.8485 -0.0079, -0.0595 -0.8485 0.0, -0.067 -0.841 -0.0079, -0.067 -0.841 0.0, -0.076 -0.8354 -0.0079, -0.076 -0.8354 0.0, -0.0859 -0.8319 -0.0079, -0.0859 -0.8319 0.0, -0.0965 -0.8307 -0.0079, -0.0965 -0.8307 0.0, -0.1004 -0.8307 -0.0079, -0.1004 -0.8307 0.0, -0.1109 -0.8319 -0.0079, -0.1109 -0.8319 0.0, -0.1209 -0.8354 -0.0079, -0.1209 -0.8354 0.0, -0.1298 -0.841 -0.0079, -0.1298 -0.841 0.0, -0.1373 -0.8485 -0.0079, -0.1373 -0.8485 0.0, -0.143 -0.8575 -0.0079, -0.143 -0.8575 0.0, -0.1465 -0.8674 -0.0079, -0.1465 -0.8674 0.0, -0.1476 -0.878 -0.0079, -0.1476 -0.878 0.0, -0.1476 -0.9843 0.0, -0.1476 -0.9882 -0.0079, -0.1476 -0.9882 -0.0079
            ]
        }
        coordIndex [
            0,1,2,-1,2,1,3,-1,2,3,4,-1,5,6,7,-1,7,6,8,-1,7,8,9,-1,10,11,12,-1,12,11,13,-1,12,13,7,-1,7,13,14,-1,7,14,5,-1,15,16,17,-1,17,16,18,-1,17,18,19,-1,19,18,20,-1,19,20,21,-1,0,22,1,-1,1,22,23,-1,1,23,24,-1,24,23,25,-1,24,25,26,-1,9,27,7,-1,7,27,28,-1,7,28,25,-1,25,28,29,-1,25,29,26,-1,15,17,12,-1,12,17,30,-1,12,30,10,-1,31,32,33,-1,33,32,34,-1,34,32,35,-1,35,32,36,-1,35,36,37,-1,37,36,38,-1,37,38,39,-1,37,39,40,-1,40,39,41,-1,40,41,42,-1,42,41,43,-1,42,43,44,-1,44,43,45,-1,44,45,46,-1,46,45,47,-1,46,47,48,-1,48,47,49,-1,48,49,50,-1,50,49,51,-1,50,51,52,-1,51,53,52,-1,52,53,54,-1,54,53,55,-1,54,55,56,-1,56,55,57,-1,56,57,58,-1,58,57,59,-1,58,59,60,-1,60,59,61,-1,60,61,62,-1,62,61,63,-1,62,63,64,-1,64,63,65,-1,64,65,66,-1,66,65,67,-1,66,67,68,-1,68,67,69,-1,69,67,70,-1,69,70,33,-1,33,70,31,-1,
        ]
    }
}
Shape{
    appearance Appearance {
        material  Material 	{
            diffuseColor 0.6470588235294118 0.5176470588235295 0.0
            specularColor 0.45098039215686275 0.3607843137254902 0.0
            ambientIntensity 0.2
            transparency 0
            shininess 0.5
        }
    }
    geometry IndexedFaceSet {
        ccw TRUE
        solid FALSE
        coord DEF co Coordinate {
            point [
                -0.1476 -0.9882 -0.0079, -0.1378 -0.9882 -0.0079, -0.1378 -0.9882 0.0118, -0.0591 -0.9882 -0.0079, -0.0492 -0.9882 -0.0079, -0.0591 -0.9882 0.0118, -0.0492 -0.9882 0.0709, -0.1476 -0.9882 0.0709, -0.1476 -0.9882 0.0709
            ]
        }
        coordIndex [
            0,1,2,-1,3,4,5,-1,5,4,6,-1,5,6,2,-1,2,6,7,-1,2,7,0,-1,
        ]
    }
}
Shape{
    appearance Appearance {
        material  Material 	{
            diffuseColor 0.6666666666666666 0.6980392156862745 0.7686274509803922
            specularColor 0.3333333333333333 0.34901960784313724 0.3843137254901961
            ambientIntensity 0.2
            transparency 0
            shininess 0.5
        }
    }
    geometry IndexedFaceSet {
        ccw TRUE
        solid FALSE
        coord DEF co Coordinate {
            point [
                -0.0643 -0.9685 -0.0079, -0.0492 -0.878 -0.0079, -0.0604 -0.978 -0.0079, -0.0492 -0.9882 -0.0079, -0.0591 -0.9882 -0.0079, -0.1181 -0.9541 -0.0079, -0.1263 -0.9604 -0.0079, -0.1476 -0.878 -0.0079, -0.1325 -0.9685 -0.0079, -0.1476 -0.9882 -0.0079, -0.1365 -0.978 -0.0079, -0.1378 -0.9882 -0.0079, -0.1109 -0.8319 -0.0079, -0.1004 -0.8307 -0.0079, -0.0984 -0.9488 -0.0079, -0.0965 -0.8307 -0.0079, -0.0859 -0.8319 -0.0079, -0.143 -0.8575 -0.0079, -0.1373 -0.8485 -0.0079, -0.1086 -0.9502 -0.0079, -0.1298 -0.841 -0.0079, -0.1209 -0.8354 -0.0079, -0.1465 -0.8674 -0.0079, -0.0595 -0.8485 -0.0079, -0.0882 -0.9502 -0.0079, -0.067 -0.841 -0.0079, -0.076 -0.8354 -0.0079, -0.0706 -0.9604 -0.0079, -0.0787 -0.9541 -0.0079, -0.0504 -0.8674 -0.0079, -0.0539 -0.8575 -0.0079, -0.3445 -0.9882 0.0709, -0.2461 -0.9882 0.0709, -0.3445 -0.9843 0.0709, -0.2461 -0.9843 0.0709, -0.2461 -0.9843 0.0, -0.2461 -0.9882 -0.0079, -0.2461 -0.878 0.0, -0.2461 -0.878 -0.0079, -0.2472 -0.8674 -0.0079, -0.2472 -0.8674 0.0, -0.2507 -0.8575 -0.0079, -0.2507 -0.8575 0.0, -0.2564 -0.8485 -0.0079, -0.2564 -0.8485 0.0, -0.2639 -0.841 -0.0079, -0.2639 -0.841 0.0, -0.2728 -0.8354 -0.0079, -0.2728 -0.8354 0.0, -0.2828 -0.8319 -0.0079, -0.2828 -0.8319 0.0, -0.2933 -0.8307 -0.0079, -0.2933 -0.8307 0.0, -0.2972 -0.8307 -0.0079, -0.2972 -0.8307 0.0, -0.3078 -0.8319 -0.0079, -0.3078 -0.8319 0.0, -0.3177 -0.8354 -0.0079, -0.3177 -0.8354 0.0, -0.3267 -0.841 -0.0079, -0.3267 -0.841 0.0, -0.3342 -0.8485 -0.0079, -0.3342 -0.8485 0.0, -0.3398 -0.8575 -0.0079, -0.3398 -0.8575 0.0, -0.3433 -0.8674 -0.0079, -0.3433 -0.8674 0.0, -0.3445 -0.878 -0.0079, -0.3445 -0.878 0.0, -0.3445 -0.9843 0.0, -0.3445 -0.9882 -0.0079, -0.3445 -0.9882 -0.0079
            ]
        }
        coordIndex [
            0,1,2,-1,2,1,3,-1,2,3,4,-1,5,6,7,-1,7,6,8,-1,7,8,9,-1,9,8,10,-1,9,10,11,-1,12,13,14,-1,14,13,15,-1,14,15,16,-1,17,18,19,-1,19,18,20,-1,19,20,14,-1,14,20,21,-1,14,21,12,-1,5,7,19,-1,19,7,22,-1,19,22,17,-1,23,24,25,-1,25,24,14,-1,25,14,26,-1,26,14,16,-1,0,27,1,-1,1,27,28,-1,1,28,29,-1,29,28,24,-1,29,24,30,-1,30,24,23,-1,31,32,33,-1,33,32,34,-1,34,32,35,-1,35,32,36,-1,35,36,37,-1,37,36,38,-1,37,38,39,-1,37,39,40,-1,40,39,41,-1,40,41,42,-1,42,41,43,-1,42,43,44,-1,44,43,45,-1,44,45,46,-1,46,45,47,-1,46,47,48,-1,48,47,49,-1,48,49,50,-1,50,49,51,-1,50,51,52,-1,51,53,52,-1,52,53,54,-1,54,53,55,-1,54,55,56,-1,56,55,57,-1,56,57,58,-1,58,57,59,-1,58,59,60,-1,60,59,61,-1,60,61,62,-1,62,61,63,-1,62,63,64,-1,64,63,65,-1,64,65,66,-1,66,65,67,-1,66,67,68,-1,68,67,69,-1,69,67,70,-1,69,70,33,-1,33,70,31,-1,
        ]
    }
}
Shape{
    appearance Appearance {
        material  Material 	{
            diffuseColor 0.6470588235294118 0.5176470588235295 0.0
            specularColor 0.45098039215686275 0.3607843137254902 0.0
            ambientIntensity 0.2
            transparency 0
            shininess 0.5
        }
    }
    geometry IndexedFaceSet {
        ccw TRUE
        solid FALSE
        coord DEF co Coordinate {
            point [
                -0.3445 -0.9882 -0.0079, -0.3346 -0.9882 -0.0079, -0.3346 -0.9882 0.0118, -0.2559 -0.9882 -0.0079, -0.2461 -0.9882 -0.0079, -0.2559 -0.9882 0.0118, -0.2461 -0.9882 0.0709, -0.3445 -0.9882 0.0709, -0.3445 -0.9882 0.0709
            ]
        }
        coordIndex [
            0,1,2,-1,3,4,5,-1,5,4,6,-1,5,6,2,-1,2,6,7,-1,2,7,0,-1,
        ]
    }
}
Shape{
    appearance Appearance {
        material  Material 	{
            diffuseColor 0.6666666666666666 0.6980392156862745 0.7686274509803922
            specularColor 0.3333333333333333 0.34901960784313724 0.3843137254901961
            ambientIntensity 0.2
            transparency 0
            shininess 0.5
        }
    }
    geometry IndexedFaceSet {
        ccw TRUE
        solid FALSE
        coord DEF co Coordinate {
            point [
                -0.2612 -0.9685 -0.0079, -0.2461 -0.878 -0.0079, -0.2572 -0.978 -0.0079, -0.2461 -0.9882 -0.0079, -0.2559 -0.9882 -0.0079, -0.315 -0.9541 -0.0079, -0.3231 -0.9604 -0.0079, -0.3445 -0.878 -0.0079, -0.3294 -0.9685 -0.0079, -0.3445 -0.9882 -0.0079, -0.3333 -0.978 -0.0079, -0.3346 -0.9882 -0.0079, -0.3055 -0.9502 -0.0079, -0.3433 -0.8674 -0.0079, -0.3398 -0.8575 -0.0079, -0.2674 -0.9604 -0.0079, -0.2756 -0.9541 -0.0079, -0.2472 -0.8674 -0.0079, -0.2851 -0.9502 -0.0079, -0.2507 -0.8575 -0.0079, -0.3078 -0.8319 -0.0079, -0.2972 -0.8307 -0.0079, -0.2953 -0.9488 -0.0079, -0.2933 -0.8307 -0.0079, -0.2828 -0.8319 -0.0079, -0.3342 -0.8485 -0.0079, -0.3267 -0.841 -0.0079, -0.3177 -0.8354 -0.0079, -0.2728 -0.8354 -0.0079, -0.2639 -0.841 -0.0079, -0.2564 -0.8485 -0.0079, -0.5413 -0.9882 0.0709, -0.4429 -0.9882 0.0709, -0.5413 -0.9843 0.0709, -0.4429 -0.9843 0.0709, -0.4429 -0.9843 0.0, -0.4429 -0.9882 -0.0079, -0.4429 -0.878 0.0, -0.4429 -0.878 -0.0079, -0.4441 -0.8674 -0.0079, -0.4441 -0.8674 0.0, -0.4476 -0.8575 -0.0079, -0.4476 -0.8575 0.0, -0.4532 -0.8485 -0.0079, -0.4532 -0.8485 0.0, -0.4607 -0.841 -0.0079, -0.4607 -0.841 0.0, -0.4697 -0.8354 -0.0079, -0.4697 -0.8354 0.0, -0.4796 -0.8319 -0.0079, -0.4796 -0.8319 0.0, -0.4902 -0.8307 -0.0079, -0.4902 -0.8307 0.0, -0.4941 -0.8307 -0.0079, -0.4941 -0.8307 0.0, -0.5046 -0.8319 -0.0079, -0.5046 -0.8319 0.0, -0.5146 -0.8354 -0.0079, -0.5146 -0.8354 0.0, -0.5236 -0.841 -0.0079, -0.5236 -0.841 0.0, -0.531 -0.8485 -0.0079, -0.531 -0.8485 0.0, -0.5367 -0.8575 -0.0079, -0.5367 -0.8575 0.0, -0.5402 -0.8674 -0.0079, -0.5402 -0.8674 0.0, -0.5413 -0.878 -0.0079, -0.5413 -0.878 0.0, -0.5413 -0.9843 0.0, -0.5413 -0.9882 -0.0079, -0.5413 -0.9882 -0.0079
            ]
        }
        coordIndex [
            0,1,2,-1,2,1,3,-1,2,3,4,-1,5,6,7,-1,7,6,8,-1,7,8,9,-1,9,8,10,-1,9,10,11,-1,5,7,12,-1,12,7,13,-1,12,13,14,-1,0,15,1,-1,1,15,16,-1,1,16,17,-1,17,16,18,-1,17,18,19,-1,20,21,22,-1,22,21,23,-1,22,23,24,-1,14,25,12,-1,12,25,26,-1,12,26,22,-1,22,26,27,-1,22,27,20,-1,24,28,22,-1,22,28,29,-1,22,29,18,-1,18,29,30,-1,18,30,19,-1,31,32,33,-1,33,32,34,-1,34,32,35,-1,35,32,36,-1,35,36,37,-1,37,36,38,-1,37,38,39,-1,37,39,40,-1,40,39,41,-1,40,41,42,-1,42,41,43,-1,42,43,44,-1,44,43,45,-1,44,45,46,-1,46,45,47,-1,46,47,48,-1,48,47,49,-1,48,49,50,-1,50,49,51,-1,50,51,52,-1,51,53,52,-1,52,53,54,-1,54,53,55,-1,54,55,56,-1,56,55,57,-1,56,57,58,-1,58,57,59,-1,58,59,60,-1,60,59,61,-1,60,61,62,-1,62,61,63,-1,62,63,64,-1,64,63,65,-1,64,65,66,-1,66,65,67,-1,66,67,68,-1,68,67,69,-1,69,67,70,-1,69,70,33,-1,33,70,31,-1,
        ]
    }
}
Shape{
    appearance Appearance {
        material  Material 	{
            diffuseColor 0.6470588235294118 0.5176470588235295 0.0
            specularColor 0.45098039215686275 0.3607843137254902 0.0
            ambientIntensity 0.2
            transparency 0
            shininess 0.5
        }
    }
    geometry IndexedFaceSet {
        ccw TRUE
        solid FALSE
        coord DEF co Coordinate {
            point [
                -0.5413 -0.9882 -0.0079, -0.5315 -0.9882 -0.0079, -0.5315 -0.9882 0.0118, -0.4528 -0.9882 -0.0079, -0.4429 -0.9882 -0.0079, -0.4528 -0.9882 0.0118, -0.4429 -0.9882 0.0709, -0.5413 -0.9882 0.0709, -0.5413 -0.9882 0.0709
            ]
        }
        coordIndex [
            0,1,2,-1,3,4,5,-1,5,4,6,-1,5,6,2,-1,2,6,7,-1,2,7,0,-1,
        ]
    }
}
Shape{
    appearance Appearance {
        material  Material 	{
            diffuseColor 0.6666666666666666 0.6980392156862745 0.7686274509803922
            specularColor 0.3333333333333333 0.34901960784313724 0.3843137254901961
            ambientIntensity 0.2
            transparency 0
            shininess 0.5
        }
    }
    geometry IndexedFaceSet {
        ccw TRUE
        solid FALSE
        coord DEF co Coordinate {
            point [
                -0.5118 -0.9541 -0.0079, -0.52 -0.9604 -0.0079, -0.5413 -0.878 -0.0079, -0.5262 -0.9685 -0.0079, -0.5413 -0.9882 -0.0079, -0.5302 -0.978 -0.0079, -0.5315 -0.9882 -0.0079, -0.458 -0.9685 -0.0079, -0.4429 -0.878 -0.0079, -0.4541 -0.978 -0.0079, -0.4429 -0.9882 -0.0079, -0.4528 -0.9882 -0.0079, -0.5046 -0.8319 -0.0079, -0.4941 -0.8307 -0.0079, -0.4921 -0.9488 -0.0079, -0.4902 -0.8307 -0.0079, -0.4796 -0.8319 -0.0079, -0.5023 -0.9502 -0.0079, -0.5402 -0.8674 -0.0079, -0.5367 -0.8575 -0.0079, -0.4532 -0.8485 -0.0079, -0.4819 -0.9502 -0.0079, -0.4607 -0.841 -0.0079, -0.4697 -0.8354 -0.0079, -0.531 -0.8485 -0.0079, -0.5236 -0.841 -0.0079, -0.5146 -0.8354 -0.0079, -0.4643 -0.9604 -0.0079, -0.4724 -0.9541 -0.0079, -0.4441 -0.8674 -0.0079, -0.4476 -0.8575 -0.0079, -0.7382 -0.9882 0.0709, -0.6398 -0.9882 0.0709, -0.7382 -0.9843 0.0709, -0.6398 -0.9843 0.0709, -0.6398 -0.9843 0.0, -0.6398 -0.9882 -0.0079, -0.6398 -0.878 0.0, -0.6398 -0.878 -0.0079, -0.6409 -0.8674 -0.0079, -0.6409 -0.8674 0.0, -0.6444 -0.8575 -0.0079, -0.6444 -0.8575 0.0, -0.6501 -0.8485 -0.0079, -0.6501 -0.8485 0.0, -0.6576 -0.841 -0.0079, -0.6576 -0.841 0.0, -0.6665 -0.8354 -0.0079, -0.6665 -0.8354 0.0, -0.6765 -0.8319 -0.0079, -0.6765 -0.8319 0.0, -0.687 -0.8307 -0.0079, -0.687 -0.8307 0.0, -0.6909 -0.8307 -0.0079, -0.6909 -0.8307 0.0, -0.7015 -0.8319 -0.0079, -0.7015 -0.8319 0.0, -0.7114 -0.8354 -0.0079, -0.7114 -0.8354 0.0, -0.7204 -0.841 -0.0079, -0.7204 -0.841 0.0, -0.7279 -0.8485 -0.0079, -0.7279 -0.8485 0.0, -0.7335 -0.8575 -0.0079, -0.7335 -0.8575 0.0, -0.737 -0.8674 -0.0079, -0.737 -0.8674 0.0, -0.7382 -0.878 -0.0079, -0.7382 -0.878 0.0, -0.7382 -0.9843 0.0, -0.7382 -0.9882 -0.0079, -0.7382 -0.9882 -0.0079
            ]
        }
        coordIndex [
            0,1,2,-1,2,1,3,-1,2,3,4,-1,4,3,5,-1,4,5,6,-1,7,8,9,-1,9,8,10,-1,9,10,11,-1,12,13,14,-1,14,13,15,-1,14,15,16,-1,0,2,17,-1,17,2,18,-1,17,18,19,-1,20,21,22,-1,22,21,14,-1,22,14,23,-1,23,14,16,-1,19,24,17,-1,17,24,25,-1,17,25,14,-1,14,25,26,-1,14,26,12,-1,7,27,8,-1,8,27,28,-1,8,28,29,-1,29,28,21,-1,29,21,30,-1,30,21,20,-1,31,32,33,-1,33,32,34,-1,34,32,35,-1,35,32,36,-1,35,36,37,-1,37,36,38,-1,37,38,39,-1,37,39,40,-1,40,39,41,-1,40,41,42,-1,42,41,43,-1,42,43,44,-1,44,43,45,-1,44,45,46,-1,46,45,47,-1,46,47,48,-1,48,47,49,-1,48,49,50,-1,50,49,51,-1,50,51,52,-1,51,53,52,-1,52,53,54,-1,54,53,55,-1,54,55,56,-1,56,55,57,-1,56,57,58,-1,58,57,59,-1,58,59,60,-1,60,59,61,-1,60,61,62,-1,62,61,63,-1,62,63,64,-1,64,63,65,-1,64,65,66,-1,66,65,67,-1,66,67,68,-1,68,67,69,-1,69,67,70,-1,69,70,33,-1,33,70,31,-1,
        ]
    }
}
Shape{
    appearance Appearance {
        material  Material 	{
            diffuseColor 0.6470588235294118 0.5176470588235295 0.0
            specularColor 0.45098039215686275 0.3607843137254902 0.0
            ambientIntensity 0.2
            transparency 0
            shininess 0.5
        }
    }
    geometry IndexedFaceSet {
        ccw TRUE
        solid FALSE
        coord DEF co Coordinate {
            point [
                -0.7382 -0.9882 -0.0079, -0.7283 -0.9882 -0.0079, -0.7283 -0.9882 0.0118, -0.6496 -0.9882 -0.0079, -0.6398 -0.9882 -0.0079, -0.6496 -0.9882 0.0118, -0.6398 -0.9882 0.0709, -0.7382 -0.9882 0.0709, -0.7382 -0.9882 0.0709
            ]
        }
        coordIndex [
            0,1,2,-1,3,4,5,-1,5,4,6,-1,5,6,2,-1,2,6,7,-1,2,7,0,-1,
        ]
    }
}
Shape{
    appearance Appearance {
        material  Material 	{
            diffuseColor 0.6666666666666666 0.6980392156862745 0.7686274509803922
            specularColor 0.3333333333333333 0.34901960784313724 0.3843137254901961
            ambientIntensity 0.2
            transparency 0
            shininess 0.5
        }
    }
    geometry IndexedFaceSet {
        ccw TRUE
        solid FALSE
        coord DEF co Coordinate {
            point [
                -0.6549 -0.9685 -0.0079, -0.6398 -0.878 -0.0079, -0.6509 -0.978 -0.0079, -0.6398 -0.9882 -0.0079, -0.6496 -0.9882 -0.0079, -0.6992 -0.9502 -0.0079, -0.7204 -0.841 -0.0079, -0.689 -0.9488 -0.0079, -0.7114 -0.8354 -0.0079, -0.7015 -0.8319 -0.0079, -0.7087 -0.9541 -0.0079, -0.7382 -0.878 -0.0079, -0.737 -0.8674 -0.0079, -0.7335 -0.8575 -0.0079, -0.7279 -0.8485 -0.0079, -0.7168 -0.9604 -0.0079, -0.7231 -0.9685 -0.0079, -0.7382 -0.9882 -0.0079, -0.727 -0.978 -0.0079, -0.7283 -0.9882 -0.0079, -0.6909 -0.8307 -0.0079, -0.687 -0.8307 -0.0079, -0.6765 -0.8319 -0.0079, -0.6611 -0.9604 -0.0079, -0.6693 -0.9541 -0.0079, -0.6409 -0.8674 -0.0079, -0.6788 -0.9502 -0.0079, -0.6444 -0.8575 -0.0079, -0.6665 -0.8354 -0.0079, -0.6576 -0.841 -0.0079, -0.6501 -0.8485 -0.0079, -0.7283 -0.9882 0.0118, -0.727 -0.978 0.0118, -0.7231 -0.9685 0.0118, -0.7168 -0.9604 0.0118, -0.7087 -0.9541 0.0118, -0.6992 -0.9502 0.0118, -0.689 -0.9488 0.0118, -0.6788 -0.9502 0.0118, -0.6693 -0.9541 0.0118, -0.6611 -0.9604 0.0118, -0.6549 -0.9685 0.0118, -0.6509 -0.978 0.0118, -0.6496 -0.9882 0.0118, -0.5315 -0.9882 0.0118, -0.5315 -0.9882 -0.0079, -0.5302 -0.978 0.0118, -0.5302 -0.978 -0.0079, -0.5262 -0.9685 0.0118, -0.5262 -0.9685 -0.0079, -0.52 -0.9604 0.0118, -0.52 -0.9604 -0.0079, -0.5118 -0.9541 0.0118, -0.5118 -0.9541 -0.0079, -0.5023 -0.9502 0.0118, -0.5023 -0.9502 -0.0079, -0.4921 -0.9488 0.0118, -0.4921 -0.9488 -0.0079, -0.4819 -0.9502 0.0118, -0.4819 -0.9502 -0.0079, -0.4724 -0.9541 0.0118, -0.4724 -0.9541 -0.0079, -0.4643 -0.9604 0.0118, -0.4643 -0.9604 -0.0079, -0.458 -0.9685 0.0118, -0.458 -0.9685 -0.0079, -0.4541 -0.978 0.0118, -0.4541 -0.978 -0.0079, -0.4528 -0.9882 0.0118, -0.4528 -0.9882 -0.0079, -0.3346 -0.9882 0.0118, -0.3346 -0.9882 -0.0079, -0.3333 -0.978 0.0118, -0.3333 -0.978 -0.0079, -0.3294 -0.9685 0.0118, -0.3294 -0.9685 -0.0079, -0.3231 -0.9604 0.0118, -0.3231 -0.9604 -0.0079, -0.315 -0.9541 0.0118, -0.315 -0.9541 -0.0079, -0.3055 -0.9502 0.0118, -0.3055 -0.9502 -0.0079, -0.2953 -0.9488 0.0118, -0.2953 -0.9488 -0.0079, -0.2851 -0.9502 0.0118, -0.2851 -0.9502 -0.0079, -0.2756 -0.9541 0.0118, -0.2756 -0.9541 -0.0079, -0.2674 -0.9604 0.0118, -0.2674 -0.9604 -0.0079, -0.2612 -0.9685 0.0118, -0.2612 -0.9685 -0.0079, -0.2572 -0.978 0.0118, -0.2572 -0.978 -0.0079, -0.2559 -0.9882 0.0118, -0.2559 -0.9882 -0.0079, -0.1378 -0.9882 0.0118, -0.1378 -0.9882 -0.0079, -0.1365 -0.978 0.0118, -0.1365 -0.978 -0.0079, -0.1325 -0.9685 0.0118, -0.1325 -0.9685 -0.0079, -0.1263 -0.9604 0.0118, -0.1263 -0.9604 -0.0079, -0.1181 -0.9541 0.0118, -0.1181 -0.9541 -0.0079, -0.1086 -0.9502 0.0118, -0.1086 -0.9502 -0.0079, -0.0984 -0.9488 0.0118, -0.0984 -0.9488 -0.0079, -0.0882 -0.9502 0.0118, -0.0882 -0.9502 -0.0079, -0.0787 -0.9541 0.0118, -0.0787 -0.9541 -0.0079, -0.0706 -0.9604 0.0118, -0.0706 -0.9604 -0.0079, -0.0643 -0.9685 0.0118, -0.0643 -0.9685 -0.0079, -0.0604 -0.978 0.0118, -0.0604 -0.978 -0.0079, -0.0591 -0.9882 0.0118, -0.0591 -0.9882 -0.0079, 0.0591 -0.9882 0.0118, 0.0591 -0.9882 -0.0079, 0.0604 -0.978 0.0118, 0.0604 -0.978 -0.0079, 0.0643 -0.9685 0.0118, 0.0643 -0.9685 -0.0079, 0.0706 -0.9604 0.0118, 0.0706 -0.9604 -0.0079, 0.0787 -0.9541 0.0118, 0.0787 -0.9541 -0.0079, 0.0882 -0.9502 0.0118, 0.0882 -0.9502 -0.0079, 0.0984 -0.9488 0.0118, 0.0984 -0.9488 -0.0079, 0.1086 -0.9502 0.0118, 0.1086 -0.9502 -0.0079, 0.1181 -0.9541 0.0118, 0.1181 -0.9541 -0.0079, 0.1263 -0.9604 0.0118, 0.1263 -0.9604 -0.0079, 0.1325 -0.9685 0.0118, 0.1325 -0.9685 -0.0079, 0.1365 -0.978 0.0118, 0.1365 -0.978 -0.0079, 0.1378 -0.9882 0.0118, 0.1378 -0.9882 -0.0079, 0.2559 -0.9882 0.0118, 0.2559 -0.9882 -0.0079, 0.2572 -0.978 0.0118, 0.2572 -0.978 -0.0079, 0.2612 -0.9685 0.0118, 0.2612 -0.9685 -0.0079, 0.2674 -0.9604 0.0118, 0.2674 -0.9604 -0.0079, 0.2756 -0.9541 0.0118, 0.2756 -0.9541 -0.0079, 0.2851 -0.9502 0.0118, 0.2851 -0.9502 -0.0079, 0.2953 -0.9488 0.0118, 0.2953 -0.9488 -0.0079, 0.3055 -0.9502 0.0118, 0.3055 -0.9502 -0.0079, 0.315 -0.9541 0.0118, 0.315 -0.9541 -0.0079, 0.3231 -0.9604 0.0118, 0.3231 -0.9604 -0.0079, 0.3294 -0.9685 0.0118, 0.3294 -0.9685 -0.0079, 0.3333 -0.978 0.0118, 0.3333 -0.978 -0.0079, 0.3346 -0.9882 0.0118, 0.3346 -0.9882 -0.0079, 0.4528 -0.9882 0.0118, 0.4528 -0.9882 -0.0079, 0.4541 -0.978 0.0118, 0.4541 -0.978 -0.0079, 0.458 -0.9685 0.0118, 0.458 -0.9685 -0.0079, 0.4643 -0.9604 0.0118, 0.4643 -0.9604 -0.0079, 0.4724 -0.9541 0.0118, 0.4724 -0.9541 -0.0079, 0.4819 -0.9502 0.0118, 0.4819 -0.9502 -0.0079, 0.4921 -0.9488 0.0118, 0.4921 -0.9488 -0.0079, 0.5023 -0.9502 0.0118, 0.5023 -0.9502 -0.0079, 0.5118 -0.9541 0.0118, 0.5118 -0.9541 -0.0079, 0.52 -0.9604 0.0118, 0.52 -0.9604 -0.0079, 0.5262 -0.9685 0.0118, 0.5262 -0.9685 -0.0079, 0.5302 -0.978 0.0118, 0.5302 -0.978 -0.0079, 0.5315 -0.9882 0.0118, 0.5315 -0.9882 -0.0079, 0.6496 -0.9882 0.0118, 0.6496 -0.9882 -0.0079, 0.6509 -0.978 0.0118, 0.6509 -0.978 -0.0079, 0.6549 -0.9685 0.0118, 0.6549 -0.9685 -0.0079, 0.6611 -0.9604 0.0118, 0.6611 -0.9604 -0.0079, 0.6693 -0.9541 0.0118, 0.6693 -0.9541 -0.0079, 0.6788 -0.9502 0.0118, 0.6788 -0.9502 -0.0079, 0.689 -0.9488 0.0118, 0.689 -0.9488 -0.0079, 0.6992 -0.9502 0.0118, 0.6992 -0.9502 -0.0079, 0.7087 -0.9541 0.0118, 0.7087 -0.9541 -0.0079, 0.7168 -0.9604 0.0118, 0.7168 -0.9604 -0.0079, 0.7231 -0.9685 0.0118, 0.7231 -0.9685 -0.0079, 0.727 -0.978 0.0118, 0.727 -0.978 -0.0079, 0.7283 -0.9882 0.0118, 0.7283 -0.9882 -0.0079, -0.7283 0.6363 0.0, -0.7283 0.6693 0.0, -0.7283 0.6363 -0.0079, -0.7283 0.6693 -0.0079, -0.6693 -0.7283 -0.0079, -0.6693 -0.7283 0.0, -0.6824 -0.7269 0.0, -0.6824 -0.7269 -0.0079, -0.6949 -0.7225 0.0, -0.6949 -0.7225 -0.0079, -0.7061 -0.7155 0.0, -0.7061 -0.7155 -0.0079, -0.7155 -0.7061 0.0, -0.7155 -0.7061 -0.0079, -0.7225 -0.6949 0.0, -0.7225 -0.6949 -0.0079, -0.7269 -0.6824 0.0, -0.7269 -0.6824 -0.0079, -0.7283 -0.6693 -0.0, -0.7283 -0.6693 -0.0079, 0.6693 -0.7283 -0.0079, 0.6693 -0.7283 0.0, 0.7283 -0.6693 -0.0079, 0.7283 -0.6693 0.0, 0.7269 -0.6824 0.0, 0.7269 -0.6824 -0.0079, 0.7225 -0.6949 0.0, 0.7225 -0.6949 -0.0079, 0.7155 -0.7061 0.0, 0.7155 -0.7061 -0.0079, 0.7061 -0.7155 0.0, 0.7061 -0.7155 -0.0079, 0.6949 -0.7225 0.0, 0.6949 -0.7225 -0.0079, 0.6824 -0.7269 0.0, 0.6824 -0.7269 -0.0079, 0.7283 0.6693 -0.0079, 0.7283 0.6693 0.0, 0.6693 0.7283 -0.0079, 0.6693 0.7283 0.0, 0.6824 0.7269 0.0, 0.6824 0.7269 -0.0079, 0.6949 0.7225 0.0, 0.6949 0.7225 -0.0079, 0.7061 0.7155 0.0, 0.7061 0.7155 -0.0079, 0.7155 0.7061 0.0, 0.7155 0.7061 -0.0079, 0.7225 0.6949 0.0, 0.7225 0.6949 -0.0079, 0.7269 0.6824 0.0, 0.7269 0.6824 -0.0079, -0.6693 0.7283 -0.0079, -0.6693 0.7283 0.0, -0.7269 0.6824 0.0, -0.7269 0.6824 -0.0079, -0.7225 0.6949 0.0, -0.7225 0.6949 -0.0079, -0.7155 0.7061 0.0, -0.7155 0.7061 -0.0079, -0.7061 0.7155 0.0, -0.7061 0.7155 -0.0079, -0.6949 0.7225 0.0, -0.6949 0.7225 -0.0079, -0.6824 0.7269 0.0, -0.6824 0.7269 -0.0079, -0.712 0.6341 0.0, -0.712 0.6341 -0.0079, -0.6967 0.6278 0.0, -0.6967 0.6278 -0.0079, -0.6836 0.6178 0.0, -0.6836 0.6178 -0.0079, -0.6735 0.6047 0.0, -0.6735 0.6047 -0.0079, -0.6672 0.5894 0.0, -0.6672 0.5894 -0.0079, -0.6651 0.573 0.0, -0.6651 0.573 -0.0079, -0.6672 0.5567 0.0, -0.6672 0.5567 -0.0079, -0.6735 0.5414 0.0, -0.6735 0.5414 -0.0079, -0.6836 0.5283 0.0, -0.6836 0.5283 -0.0079, -0.6967 0.5182 0.0, -0.6967 0.5182 -0.0079, -0.712 0.5119 0.0, -0.712 0.5119 -0.0079, -0.7283 0.5098 -0.0, -0.7283 0.5098 -0.0079, -0.7283 0.5098 -0.0079
            ]
        }
        coordIndex [
            0,1,2,-1,2,1,3,-1,2,3,4,-1,5,6,7,-1,7,6,8,-1,7,8,9,-1,10,11,5,-1,5,11,12,-1,12,13,5,-1,5,13,14,-1,5,14,6,-1,10,15,11,-1,11,15,16,-1,11,16,17,-1,17,16,18,-1,17,18,19,-1,9,20,7,-1,7,20,21,-1,7,21,22,-1,0,23,1,-1,1,23,24,-1,1,24,25,-1,25,24,26,-1,25,26,27,-1,22,28,7,-1,7,28,29,-1,7,29,26,-1,26,29,30,-1,26,30,27,-1,31,19,32,-1,32,19,18,-1,32,18,33,-1,33,18,16,-1,33,16,34,-1,34,16,15,-1,34,15,35,-1,35,15,10,-1,35,10,36,-1,36,10,5,-1,36,5,37,-1,37,5,7,-1,37,7,38,-1,38,7,26,-1,38,26,39,-1,39,26,24,-1,39,24,40,-1,40,24,23,-1,40,23,41,-1,41,23,0,-1,41,0,42,-1,42,0,2,-1,42,2,43,-1,43,2,4,-1,43,31,32,-1,32,33,43,-1,43,33,34,-1,43,34,42,-1,34,35,36,-1,39,40,34,-1,34,40,41,-1,34,41,42,-1,36,37,34,-1,34,37,38,-1,34,38,39,-1,44,45,46,-1,46,45,47,-1,46,47,48,-1,48,47,49,-1,48,49,50,-1,50,49,51,-1,50,51,52,-1,52,51,53,-1,52,53,54,-1,54,53,55,-1,54,55,56,-1,56,55,57,-1,56,57,58,-1,58,57,59,-1,58,59,60,-1,60,59,61,-1,60,61,62,-1,62,61,63,-1,62,63,64,-1,64,63,65,-1,64,65,66,-1,66,65,67,-1,66,67,68,-1,68,67,69,-1,68,44,46,-1,46,48,68,-1,68,48,50,-1,68,50,66,-1,50,52,54,-1,60,62,50,-1,50,62,64,-1,50,64,66,-1,54,56,50,-1,50,56,58,-1,50,58,60,-1,70,71,72,-1,72,71,73,-1,72,73,74,-1,74,73,75,-1,74,75,76,-1,76,75,77,-1,76,77,78,-1,78,77,79,-1,78,79,80,-1,80,79,81,-1,80,81,82,-1,82,81,83,-1,82,83,84,-1,84,83,85,-1,84,85,86,-1,86,85,87,-1,86,87,88,-1,88,87,89,-1,88,89,90,-1,90,89,91,-1,90,91,92,-1,92,91,93,-1,92,93,94,-1,94,93,95,-1,94,70,92,-1,92,70,72,-1,78,80,76,-1,76,80,82,-1,82,84,76,-1,76,84,86,-1,76,86,88,-1,72,74,92,-1,92,74,76,-1,92,76,90,-1,90,76,88,-1,96,97,98,-1,98,97,99,-1,98,99,100,-1,100,99,101,-1,100,101,102,-1,102,101,103,-1,102,103,104,-1,104,103,105,-1,104,105,106,-1,106,105,107,-1,106,107,108,-1,108,107,109,-1,108,109,110,-1,110,109,111,-1,110,111,112,-1,112,111,113,-1,112,113,114,-1,114,113,115,-1,114,115,116,-1,116,115,117,-1,116,117,118,-1,118,117,119,-1,118,119,120,-1,120,119,121,-1,98,112,96,-1,96,112,114,-1,114,116,96,-1,96,116,118,-1,96,118,120,-1,98,100,112,-1,112,100,102,-1,112,102,104,-1,106,108,104,-1,104,108,110,-1,104,110,112,-1,122,123,124,-1,124,123,125,-1,124,125,126,-1,126,125,127,-1,126,127,128,-1,128,127,129,-1,128,129,130,-1,130,129,131,-1,130,131,132,-1,132,131,133,-1,132,133,134,-1,134,133,135,-1,134,135,136,-1,136,135,137,-1,136,137,138,-1,138,137,139,-1,138,139,140,-1,140,139,141,-1,140,141,142,-1,142,141,143,-1,142,143,144,-1,144,143,145,-1,144,145,146,-1,146,145,147,-1,146,122,144,-1,144,122,124,-1,144,124,126,-1,130,138,140,-1,132,134,130,-1,130,134,136,-1,130,136,138,-1,126,128,144,-1,144,128,130,-1,144,130,142,-1,142,130,140,-1,148,149,150,-1,150,149,151,-1,150,151,152,-1,152,151,153,-1,152,153,154,-1,154,153,155,-1,154,155,156,-1,156,155,157,-1,156,157,158,-1,158,157,159,-1,158,159,160,-1,160,159,161,-1,160,161,162,-1,162,161,163,-1,162,163,164,-1,164,163,165,-1,164,165,166,-1,166,165,167,-1,166,167,168,-1,168,167,169,-1,168,169,170,-1,170,169,171,-1,170,171,172,-1,172,171,173,-1,172,148,170,-1,170,148,150,-1,156,158,154,-1,154,158,160,-1,160,162,154,-1,154,162,164,-1,154,164,166,-1,150,152,170,-1,170,152,154,-1,170,154,168,-1,168,154,166,-1,174,175,176,-1,176,175,177,-1,176,177,178,-1,178,177,179,-1,178,179,180,-1,180,179,181,-1,180,181,182,-1,182,181,183,-1,182,183,184,-1,184,183,185,-1,184,185,186,-1,186,185,187,-1,186,187,188,-1,188,187,189,-1,188,189,190,-1,190,189,191,-1,190,191,192,-1,192,191,193,-1,192,193,194,-1,194,193,195,-1,194,195,196,-1,196,195,197,-1,196,197,198,-1,198,197,199,-1,198,174,176,-1,176,178,198,-1,198,178,180,-1,198,180,196,-1,180,182,184,-1,190,192,180,-1,180,192,194,-1,180,194,196,-1,184,186,180,-1,180,186,188,-1,180,188,190,-1,200,201,202,-1,202,201,203,-1,202,203,204,-1,204,203,205,-1,204,205,206,-1,206,205,207,-1,206,207,208,-1,208,207,209,-1,208,209,210,-1,210,209,211,-1,210,211,212,-1,212,211,213,-1,212,213,214,-1,214,213,215,-1,214,215,216,-1,216,215,217,-1,216,217,218,-1,218,217,219,-1,218,219,220,-1,220,219,221,-1,220,221,222,-1,222,221,223,-1,222,223,224,-1,224,223,225,-1,224,200,202,-1,202,204,224,-1,224,204,206,-1,224,206,222,-1,206,208,210,-1,216,218,206,-1,206,218,220,-1,206,220,222,-1,210,212,206,-1,206,212,214,-1,206,214,216,-1,226,227,228,-1,228,227,229,-1,230,231,232,-1,230,232,233,-1,233,232,234,-1,233,234,235,-1,235,234,236,-1,235,236,237,-1,237,236,238,-1,237,238,239,-1,239,238,240,-1,239,240,241,-1,241,240,242,-1,241,242,243,-1,243,242,244,-1,243,244,245,-1,246,247,230,-1,230,247,231,-1,248,249,250,-1,248,250,251,-1,251,250,252,-1,251,252,253,-1,253,252,254,-1,253,254,255,-1,255,254,256,-1,255,256,257,-1,257,256,258,-1,257,258,259,-1,259,258,260,-1,259,260,261,-1,261,260,247,-1,261,247,246,-1,262,263,248,-1,248,263,249,-1,264,265,266,-1,264,266,267,-1,267,266,268,-1,267,268,269,-1,269,268,270,-1,269,270,271,-1,271,270,272,-1,271,272,273,-1,273,272,274,-1,273,274,275,-1,275,274,276,-1,275,276,277,-1,277,276,263,-1,277,263,262,-1,278,279,264,-1,264,279,265,-1,229,227,280,-1,229,280,281,-1,281,280,282,-1,281,282,283,-1,283,282,284,-1,283,284,285,-1,285,284,286,-1,285,286,287,-1,287,286,288,-1,287,288,289,-1,289,288,290,-1,289,290,291,-1,291,290,279,-1,291,279,278,-1,226,228,292,-1,292,228,293,-1,292,293,294,-1,294,293,295,-1,294,295,296,-1,296,295,297,-1,296,297,298,-1,298,297,299,-1,298,299,300,-1,300,299,301,-1,300,301,302,-1,302,301,303,-1,302,303,304,-1,304,303,305,-1,304,305,306,-1,306,305,307,-1,306,307,308,-1,308,307,309,-1,308,309,310,-1,310,309,311,-1,310,311,312,-1,312,311,313,-1,312,313,314,-1,314,313,315,-1,
        ]
    }
}
Shape{
    appearance Appearance {
        material  Material 	{
            diffuseColor 0.2235294117647059 0.2235294117647059 0.2235294117647059
            specularColor 0.11372549019607843 0.11372549019607843 0.11372549019607843
            ambientIntensity 0.2
            transparency 0
            shininess 0.5
        }
    }
    geometry IndexedFaceSet {
        ccw TRUE
        solid FALSE
        coord DEF co Coordinate {
            point [
                -0.3622 0.3816 -0.0075, -0.4391 0.1848 -0.0075, -0.3622 0.3816 -0.0079, -0.4391 0.1848 -0.0079, -0.4103 0.1848 -0.0075, -0.4103 0.1848 -0.0079, -0.3903 0.24 -0.0075, -0.3903 0.24 -0.0079, -0.309 0.24 -0.0075, -0.309 0.24 -0.0079, -0.2902 0.1848 -0.0075, -0.2902 0.1848 -0.0079, -0.2614 0.1848 -0.0075, -0.2614 0.1848 -0.0079, -0.3358 0.3816 -0.0075, -0.3358 0.3816 -0.0079, -0.3157 0.2616 -0.0075, -0.3815 0.2616 -0.0075, -0.345 0.3438 -0.0075, -0.3469 0.3507 -0.0075, -0.3482 0.3576 -0.0075, -0.3488 0.3576 -0.0075, -0.3501 0.3507 -0.0075, -0.3519 0.3438 -0.0075, -0.3157 0.2616 -0.0079, -0.3815 0.2616 -0.0079, -0.345 0.3438 -0.0079, -0.3469 0.3507 -0.0079, -0.3482 0.3576 -0.0079, -0.3488 0.3576 -0.0079, -0.3501 0.3507 -0.0079, -0.3519 0.3438 -0.0079, -0.1421 0.1848 -0.0075, -0.0886 0.1848 -0.0075, -0.1421 0.1848 -0.0079, -0.0886 0.1848 -0.0079, -0.0886 0.3816 -0.0075, -0.0886 0.3816 -0.0079, -0.1441 0.3816 -0.0075, -0.1441 0.3816 -0.0079, -0.247 0.2857 -0.0075, -0.247 0.2857 -0.0079, -0.2456 0.3041 -0.0079, -0.2456 0.3041 -0.0075, -0.2403 0.3235 -0.0079, -0.2403 0.3235 -0.0075, -0.2312 0.3405 -0.0079, -0.2312 0.3405 -0.0075, -0.2173 0.3559 -0.0079, -0.2173 0.3559 -0.0075, -0.217 0.3562 -0.0079, -0.217 0.3562 -0.0075, -0.1956 0.3705 -0.0079, -0.1956 0.3705 -0.0075, -0.1726 0.3786 -0.0079, -0.1726 0.3786 -0.0075, -0.1665 0.1869 -0.0079, -0.1665 0.1869 -0.0075, -0.1891 0.1937 -0.0079, -0.1891 0.1937 -0.0075, -0.2097 0.2056 -0.0079, -0.2097 0.2056 -0.0075, -0.2259 0.2211 -0.0079, -0.2259 0.2211 -0.0075, -0.2372 0.2388 -0.0079, -0.2372 0.2388 -0.0075, -0.2443 0.2594 -0.0079, -0.2443 0.2594 -0.0075, -0.2075 0.3324 -0.0075, -0.1979 0.3426 -0.0075, -0.1836 0.3519 -0.0075, -0.1673 0.3576 -0.0075, -0.144 0.36 -0.0075, -0.115 0.36 -0.0075, -0.115 0.2064 -0.0075, -0.1429 0.2064 -0.0075, -0.1637 0.2083 -0.0075, -0.1803 0.2135 -0.0075, -0.1937 0.2215 -0.0075, -0.2047 0.2324 -0.0075, -0.213 0.246 -0.0075, -0.2188 0.2645 -0.0075, -0.2206 0.2851 -0.0075, -0.2189 0.3047 -0.0075, -0.2143 0.3203 -0.0075, -0.144 0.36 -0.0079, -0.115 0.36 -0.0079, -0.1673 0.3576 -0.0079, -0.1836 0.3519 -0.0079, -0.1979 0.3426 -0.0079, -0.2075 0.3324 -0.0079, -0.2143 0.3203 -0.0079, -0.2189 0.3047 -0.0079, -0.2206 0.2851 -0.0079, -0.2188 0.2645 -0.0079, -0.213 0.246 -0.0079, -0.2047 0.2324 -0.0079, -0.1937 0.2215 -0.0079, -0.1803 0.2135 -0.0079, -0.1637 0.2083 -0.0079, -0.1429 0.2064 -0.0079, -0.115 0.2064 -0.0079, -0.0502 0.2064 -0.0075, -0.0502 0.1848 -0.0075, -0.0502 0.2064 -0.0079, -0.0502 0.1848 -0.0079, 0.0555 0.1848 -0.0075, 0.0555 0.1848 -0.0079, 0.0555 0.3816 -0.0075, 0.0555 0.3816 -0.0079, -0.0454 0.3816 -0.0075, -0.0454 0.3816 -0.0079, -0.0454 0.36 -0.0075, -0.0454 0.36 -0.0079, 0.0291 0.36 -0.0075, 0.0291 0.36 -0.0079, 0.0291 0.2952 -0.0075, 0.0291 0.2952 -0.0079, -0.0406 0.2952 -0.0075, -0.0406 0.2952 -0.0079, -0.0406 0.2736 -0.0075, -0.0406 0.2736 -0.0079, 0.0291 0.2736 -0.0075, 0.0291 0.2736 -0.0079, 0.0291 0.2064 -0.0075, 0.0291 0.2064 -0.0079, 0.0939 0.2166 -0.0075, 0.0939 0.195 -0.0075, 0.0939 0.2166 -0.0079, 0.0939 0.195 -0.0079, 0.1149 0.1864 -0.0075, 0.148 0.1824 -0.0075, 0.148 0.1824 -0.0079, 0.1427 0.1825 -0.0079, 0.1427 0.1825 -0.0075, 0.1347 0.1836 -0.0079, 0.1149 0.1864 -0.0079, 0.1596 0.1836 -0.0079, 0.1723 0.1849 -0.0075, 0.1723 0.1849 -0.0079, 0.1914 0.1915 -0.0075, 0.1914 0.1915 -0.0079, 0.2072 0.2016 -0.0075, 0.2072 0.2016 -0.0079, 0.222 0.2172 -0.0075, 0.222 0.2172 -0.0079, 0.2325 0.2359 -0.0075, 0.2325 0.2359 -0.0079, 0.2384 0.2567 -0.0075, 0.2384 0.2567 -0.0079, 0.2403 0.2795 -0.0075, 0.2403 0.2795 -0.0079, 0.1402 0.384 -0.0075, 0.1402 0.384 -0.0079, 0.1599 0.3825 -0.0079, 0.1599 0.3825 -0.0075, 0.1818 0.3761 -0.0079, 0.1818 0.3761 -0.0075, 0.2005 0.3654 -0.0079, 0.2005 0.3654 -0.0075, 0.2183 0.3483 -0.0079, 0.2183 0.3483 -0.0075, 0.2299 0.3299 -0.0079, 0.2299 0.3299 -0.0075, 0.2375 0.3075 -0.0079, 0.2375 0.3075 -0.0075, 0.0939 0.3762 -0.0075, 0.0939 0.3762 -0.0079, 0.1166 0.3824 -0.0079, 0.1166 0.3824 -0.0075, 0.0939 0.3498 -0.0075, 0.0939 0.3498 -0.0079, 0.14 0.3624 -0.0075, 0.14 0.3624 -0.0079, 0.116 0.3593 -0.0079, 0.116 0.3593 -0.0075, 0.2139 0.2811 -0.0075, 0.2139 0.2811 -0.0079, 0.213 0.2964 -0.0079, 0.213 0.2964 -0.0075, 0.2077 0.3175 -0.0079, 0.2077 0.3175 -0.0075, 0.1996 0.3327 -0.0079, 0.1996 0.3327 -0.0075, 0.1877 0.3458 -0.0079, 0.1877 0.3458 -0.0075, 0.1741 0.3549 -0.0079, 0.1741 0.3549 -0.0075, 0.1594 0.3603 -0.0079, 0.1594 0.3603 -0.0075, 0.1444 0.204 -0.0075, 0.1444 0.204 -0.0079, 0.1628 0.2061 -0.0079, 0.1628 0.2061 -0.0075, 0.1771 0.2113 -0.0079, 0.1771 0.2113 -0.0075, 0.1892 0.2195 -0.0079, 0.1892 0.2195 -0.0075, 0.1984 0.2292 -0.0079, 0.1984 0.2292 -0.0075, 0.2066 0.2429 -0.0079, 0.2066 0.2429 -0.0075, 0.2119 0.2598 -0.0079, 0.2119 0.2598 -0.0075, 0.0974 0.2147 -0.0079, 0.0974 0.2147 -0.0075, 0.1183 0.2069 -0.0079, 0.1183 0.2069 -0.0075, 0.2571 0.2064 -0.0075, 0.2571 0.1848 -0.0075, 0.2571 0.2064 -0.0079, 0.2571 0.1848 -0.0079, 0.3579 0.1848 -0.0075, 0.3579 0.1848 -0.0079, 0.3579 0.3816 -0.0075, 0.3579 0.3816 -0.0079, 0.3315 0.3816 -0.0075, 0.3315 0.3816 -0.0079, 0.3315 0.2064 -0.0075, 0.3315 0.2064 -0.0079, 0.3315 0.2064 -0.0079
            ]
        }
        coordIndex [
            0,1,2,-1,2,1,3,-1,1,4,3,-1,3,4,5,-1,4,6,5,-1,5,6,7,-1,6,8,7,-1,7,8,9,-1,8,10,9,-1,9,10,11,-1,10,12,11,-1,11,12,13,-1,12,14,13,-1,13,14,15,-1,14,0,15,-1,15,0,2,-1,16,8,17,-1,17,8,6,-1,18,14,16,-1,16,14,12,-1,16,12,8,-1,8,12,10,-1,18,19,14,-1,14,19,20,-1,14,20,0,-1,0,20,21,-1,0,21,22,-1,22,23,0,-1,0,23,17,-1,0,17,1,-1,1,17,6,-1,1,6,4,-1,16,17,24,-1,24,17,25,-1,18,16,26,-1,26,16,24,-1,18,26,27,-1,18,27,19,-1,19,27,28,-1,19,28,20,-1,21,20,29,-1,29,20,28,-1,21,29,30,-1,21,30,22,-1,22,30,31,-1,22,31,23,-1,17,23,25,-1,25,23,31,-1,32,33,34,-1,34,33,35,-1,33,36,35,-1,35,36,37,-1,36,38,37,-1,37,38,39,-1,40,41,42,-1,40,42,43,-1,43,42,44,-1,43,44,45,-1,45,44,46,-1,45,46,47,-1,47,46,48,-1,47,48,49,-1,49,48,50,-1,49,50,51,-1,51,50,52,-1,51,52,53,-1,53,52,54,-1,53,54,55,-1,55,54,39,-1,55,39,38,-1,32,34,56,-1,32,56,57,-1,57,56,58,-1,57,58,59,-1,59,58,60,-1,59,60,61,-1,61,60,62,-1,61,62,63,-1,63,62,64,-1,63,64,65,-1,65,64,66,-1,65,66,67,-1,67,66,41,-1,67,41,40,-1,45,47,68,-1,68,47,49,-1,68,49,69,-1,69,49,51,-1,69,51,70,-1,70,51,53,-1,70,53,71,-1,71,53,55,-1,71,55,72,-1,72,55,38,-1,72,38,73,-1,73,38,36,-1,73,36,74,-1,74,36,33,-1,74,33,75,-1,75,33,32,-1,75,32,76,-1,76,32,57,-1,76,57,77,-1,77,57,59,-1,77,59,78,-1,78,59,61,-1,78,61,79,-1,79,61,63,-1,79,63,80,-1,80,63,65,-1,80,65,81,-1,81,65,67,-1,81,67,82,-1,82,67,40,-1,82,40,83,-1,83,40,43,-1,83,43,84,-1,84,43,45,-1,84,45,68,-1,72,73,85,-1,85,73,86,-1,72,85,87,-1,72,87,71,-1,71,87,88,-1,71,88,70,-1,70,88,89,-1,70,89,69,-1,69,89,90,-1,69,90,68,-1,68,90,91,-1,68,91,84,-1,84,91,92,-1,84,92,83,-1,83,92,93,-1,83,93,82,-1,82,93,94,-1,82,94,81,-1,81,94,95,-1,81,95,80,-1,80,95,96,-1,80,96,79,-1,79,96,97,-1,79,97,78,-1,78,97,98,-1,78,98,77,-1,77,98,99,-1,77,99,76,-1,76,99,100,-1,76,100,75,-1,74,75,101,-1,101,75,100,-1,73,74,86,-1,86,74,101,-1,102,103,104,-1,104,103,105,-1,103,106,105,-1,105,106,107,-1,106,108,107,-1,107,108,109,-1,108,110,109,-1,109,110,111,-1,110,112,111,-1,111,112,113,-1,112,114,113,-1,113,114,115,-1,114,116,115,-1,115,116,117,-1,116,118,117,-1,117,118,119,-1,118,120,119,-1,119,120,121,-1,120,122,121,-1,121,122,123,-1,122,124,123,-1,123,124,125,-1,124,102,125,-1,125,102,104,-1,106,103,102,-1,102,124,106,-1,106,124,122,-1,106,122,108,-1,112,110,114,-1,114,110,108,-1,114,108,116,-1,116,108,122,-1,116,122,118,-1,118,122,120,-1,126,127,128,-1,128,127,129,-1,129,127,130,-1,131,132,133,-1,131,133,134,-1,134,133,135,-1,134,135,130,-1,130,135,136,-1,130,136,129,-1,132,131,137,-1,137,131,138,-1,137,138,139,-1,139,138,140,-1,139,140,141,-1,141,140,142,-1,141,142,143,-1,143,142,144,-1,143,144,145,-1,145,144,146,-1,145,146,147,-1,147,146,148,-1,147,148,149,-1,149,148,150,-1,149,150,151,-1,152,153,154,-1,152,154,155,-1,155,154,156,-1,155,156,157,-1,157,156,158,-1,157,158,159,-1,159,158,160,-1,159,160,161,-1,161,160,162,-1,161,162,163,-1,163,162,164,-1,163,164,165,-1,165,164,151,-1,165,151,150,-1,166,167,168,-1,166,168,169,-1,169,168,153,-1,169,153,152,-1,166,170,167,-1,167,170,171,-1,172,173,174,-1,172,174,175,-1,175,174,171,-1,175,171,170,-1,176,177,178,-1,176,178,179,-1,179,178,180,-1,179,180,181,-1,181,180,182,-1,181,182,183,-1,183,182,184,-1,183,184,185,-1,185,184,186,-1,185,186,187,-1,187,186,188,-1,187,188,189,-1,189,188,173,-1,189,173,172,-1,190,191,192,-1,190,192,193,-1,193,192,194,-1,193,194,195,-1,195,194,196,-1,195,196,197,-1,197,196,198,-1,197,198,199,-1,199,198,200,-1,199,200,201,-1,201,200,202,-1,201,202,203,-1,203,202,177,-1,203,177,176,-1,126,128,204,-1,126,204,205,-1,205,204,206,-1,205,206,207,-1,207,206,191,-1,207,191,190,-1,193,131,190,-1,190,131,134,-1,190,134,207,-1,207,134,130,-1,207,130,205,-1,205,130,127,-1,205,127,126,-1,170,166,175,-1,175,166,169,-1,175,169,172,-1,172,169,152,-1,172,152,189,-1,189,152,155,-1,189,155,187,-1,187,155,157,-1,187,157,185,-1,185,157,159,-1,185,159,183,-1,183,159,161,-1,183,161,181,-1,181,161,163,-1,181,163,179,-1,179,163,165,-1,179,165,176,-1,176,165,150,-1,176,150,203,-1,203,150,148,-1,203,148,201,-1,201,148,146,-1,201,146,199,-1,199,146,144,-1,199,144,197,-1,197,144,142,-1,197,142,195,-1,195,142,140,-1,195,140,193,-1,193,140,138,-1,193,138,131,-1,208,209,210,-1,210,209,211,-1,209,212,211,-1,211,212,213,-1,212,214,213,-1,213,214,215,-1,214,216,215,-1,215,216,217,-1,216,218,217,-1,217,218,219,-1,218,208,219,-1,219,208,210,-1,216,214,218,-1,218,214,212,-1,218,212,208,-1,208,212,209,-1,
        ]
    }
}
Shape{
    appearance Appearance {
        material  Material 	{
            diffuseColor 0.6666666666666666 0.6980392156862745 0.7686274509803922
            specularColor 0.3333333333333333 0.34901960784313724 0.3843137254901961
            ambientIntensity 0.2
            transparency 0
            shininess 0.5
        }
    }
    geometry IndexedFaceSet {
        ccw TRUE
        solid FALSE
        coord DEF co Coordinate {
            point [
                -0.3157 0.2616 -0.0079, -0.3815 0.2616 -0.0079, -0.345 0.3438 -0.0079, -0.3519 0.3438 -0.0079, -0.3469 0.3507 -0.0079, -0.3501 0.3507 -0.0079, -0.3482 0.3576 -0.0079, -0.3488 0.3576 -0.0079, -0.115 0.36 -0.0079, -0.115 0.2064 -0.0079, -0.144 0.36 -0.0079, -0.1429 0.2064 -0.0079, -0.1637 0.2083 -0.0079, -0.2206 0.2851 -0.0079, -0.2189 0.3047 -0.0079, -0.2143 0.3203 -0.0079, -0.1673 0.3576 -0.0079, -0.1803 0.2135 -0.0079, -0.1937 0.2215 -0.0079, -0.2047 0.2324 -0.0079, -0.213 0.246 -0.0079, -0.2188 0.2645 -0.0079, -0.2075 0.3324 -0.0079, -0.1979 0.3426 -0.0079, -0.1836 0.3519 -0.0079, -0.1836 0.3519 -0.0079
            ]
        }
        coordIndex [
            0,1,2,-1,2,1,3,-1,2,3,4,-1,4,3,5,-1,4,5,6,-1,6,5,7,-1,8,9,10,-1,10,9,11,-1,10,11,12,-1,13,14,10,-1,10,14,15,-1,10,15,16,-1,12,17,10,-1,10,17,18,-1,10,18,19,-1,19,20,10,-1,10,20,21,-1,10,21,13,-1,22,23,15,-1,15,23,24,-1,15,24,16,-1,
        ]
    }
}