ISO-10303-21;
HEADER;
/* Generated by software containing ST-Developer
 * from STEP Tools, Inc. (www.steptools.com) 
 */
/* OPTION: using custom renumber hook */

FILE_DESCRIPTION(
/* description */ ('STEP AP214'),
/* implementation_level */ '2;1');

FILE_NAME(
/* name */ 'CLP-108-02-F-D',
/* time_stamp */ '2025-12-31T14:06:10+01:00',
/* author */ ('License CC BY-ND 4.0'),
/* organization */ ('CADENAS'),
/* preprocessor_version */ 'ST-DEVELOPER v20',
/* originating_system */ 'PARTsolutions',
/* authorisation */ '  ');

FILE_SCHEMA (('AUTOMOTIVE_DESIGN {1 0 10303 214 3 1 1}'));
ENDSEC;

DATA;
#10=PROPERTY_DEFINITION_REPRESENTATION(#14,#12);
#11=PROPERTY_DEFINITION_REPRESENTATION(#15,#13);
#12=REPRESENTATION('',(#16),#4693);
#13=REPRESENTATION('',(#17),#4693);
#14=PROPERTY_DEFINITION('pmi validation property','',#4705);
#15=PROPERTY_DEFINITION('pmi validation property','',#4705);
#16=VALUE_REPRESENTATION_ITEM('number of annotations',COUNT_MEASURE(0.));
#17=VALUE_REPRESENTATION_ITEM('number of views',COUNT_MEASURE(0.));
#18=CIRCLE('',#3065,0.01);
#19=CIRCLE('',#3066,0.01);
#20=CIRCLE('',#3068,0.01);
#21=CIRCLE('',#3069,0.01);
#22=CIRCLE('',#3071,0.01);
#23=CIRCLE('',#3072,0.01);
#24=CIRCLE('',#3074,0.01);
#25=CIRCLE('',#3075,0.01);
#26=CIRCLE('',#3077,0.01);
#27=CIRCLE('',#3078,0.01);
#28=CIRCLE('',#3080,0.01);
#29=CIRCLE('',#3081,0.01);
#30=CIRCLE('',#3083,0.01);
#31=CIRCLE('',#3084,0.01);
#32=CIRCLE('',#3086,0.01);
#33=CIRCLE('',#3087,0.01);
#34=CIRCLE('',#3091,0.005);
#35=CIRCLE('',#3092,0.005);
#36=CIRCLE('',#3094,0.005);
#37=CIRCLE('',#3095,0.005);
#38=CIRCLE('',#3097,0.005);
#39=CIRCLE('',#3098,0.005);
#40=CIRCLE('',#3100,0.005);
#41=CIRCLE('',#3101,0.005);
#42=CIRCLE('',#3103,0.005);
#43=CIRCLE('',#3104,0.005);
#44=CIRCLE('',#3106,0.005);
#45=CIRCLE('',#3107,0.005);
#46=CIRCLE('',#3109,0.005);
#47=CIRCLE('',#3110,0.005);
#48=CIRCLE('',#3112,0.005);
#49=CIRCLE('',#3113,0.005);
#50=CYLINDRICAL_SURFACE('',#3064,0.01);
#51=CYLINDRICAL_SURFACE('',#3067,0.01);
#52=CYLINDRICAL_SURFACE('',#3070,0.01);
#53=CYLINDRICAL_SURFACE('',#3073,0.01);
#54=CYLINDRICAL_SURFACE('',#3076,0.01);
#55=CYLINDRICAL_SURFACE('',#3079,0.01);
#56=CYLINDRICAL_SURFACE('',#3082,0.01);
#57=CYLINDRICAL_SURFACE('',#3085,0.01);
#58=CYLINDRICAL_SURFACE('',#3090,0.005);
#59=CYLINDRICAL_SURFACE('',#3093,0.005);
#60=CYLINDRICAL_SURFACE('',#3096,0.005);
#61=CYLINDRICAL_SURFACE('',#3099,0.005);
#62=CYLINDRICAL_SURFACE('',#3102,0.005);
#63=CYLINDRICAL_SURFACE('',#3105,0.005);
#64=CYLINDRICAL_SURFACE('',#3108,0.005);
#65=CYLINDRICAL_SURFACE('',#3111,0.005);
#66=CONTEXT_DEPENDENT_SHAPE_REPRESENTATION(#72,#4707);
#67=CONTEXT_DEPENDENT_SHAPE_REPRESENTATION(#73,#4709);
#68=CONTEXT_DEPENDENT_SHAPE_REPRESENTATION(#74,#4710);
#69=NEXT_ASSEMBLY_USAGE_OCCURRENCE('NAUO1','CLP-108-2-F-DTRM',
'CLP-108-2-F-DTRM',#4711,#4712,'');
#70=NEXT_ASSEMBLY_USAGE_OCCURRENCE('NAUO2','C-106-22-1-F-08_Pin',
'C-106-22-1-F-08_Pin',#4711,#4713,'');
#71=NEXT_ASSEMBLY_USAGE_OCCURRENCE('NAUO3','C-106-22-1-F-08_Pin',
'C-106-22-1-F-08_Pin',#4711,#4713,'');
#72=(
REPRESENTATION_RELATIONSHIP(' ',' ',#2962,#2961)
REPRESENTATION_RELATIONSHIP_WITH_TRANSFORMATION(#75)
SHAPE_REPRESENTATION_RELATIONSHIP()
);
#73=(
REPRESENTATION_RELATIONSHIP(' ',' ',#2963,#2961)
REPRESENTATION_RELATIONSHIP_WITH_TRANSFORMATION(#76)
SHAPE_REPRESENTATION_RELATIONSHIP()
);
#74=(
REPRESENTATION_RELATIONSHIP(' ',' ',#2963,#2961)
REPRESENTATION_RELATIONSHIP_WITH_TRANSFORMATION(#77)
SHAPE_REPRESENTATION_RELATIONSHIP()
);
#75=ITEM_DEFINED_TRANSFORMATION(' ',' ',#2964,#3039);
#76=ITEM_DEFINED_TRANSFORMATION(' ',' ',#2964,#3138);
#77=ITEM_DEFINED_TRANSFORMATION(' ',' ',#2964,#3139);
#78=SHAPE_REPRESENTATION_RELATIONSHIP('','',#2962,#80);
#79=SHAPE_REPRESENTATION_RELATIONSHIP('','',#2963,#81);
#80=ADVANCED_BREP_SHAPE_REPRESENTATION('',(#2956),#4694);
#81=ADVANCED_BREP_SHAPE_REPRESENTATION('',(#2957),#4695);
#82=ORIENTED_EDGE('',*,*,#898,.T.);
#83=ORIENTED_EDGE('',*,*,#899,.T.);
#84=ORIENTED_EDGE('',*,*,#900,.F.);
#85=ORIENTED_EDGE('',*,*,#901,.F.);
#86=ORIENTED_EDGE('',*,*,#902,.T.);
#87=ORIENTED_EDGE('',*,*,#903,.T.);
#88=ORIENTED_EDGE('',*,*,#904,.T.);
#89=ORIENTED_EDGE('',*,*,#905,.T.);
#90=ORIENTED_EDGE('',*,*,#906,.T.);
#91=ORIENTED_EDGE('',*,*,#907,.T.);
#92=ORIENTED_EDGE('',*,*,#908,.F.);
#93=ORIENTED_EDGE('',*,*,#909,.T.);
#94=ORIENTED_EDGE('',*,*,#908,.T.);
#95=ORIENTED_EDGE('',*,*,#910,.T.);
#96=ORIENTED_EDGE('',*,*,#911,.F.);
#97=ORIENTED_EDGE('',*,*,#912,.T.);
#98=ORIENTED_EDGE('',*,*,#911,.T.);
#99=ORIENTED_EDGE('',*,*,#913,.T.);
#100=ORIENTED_EDGE('',*,*,#914,.F.);
#101=ORIENTED_EDGE('',*,*,#915,.T.);
#102=ORIENTED_EDGE('',*,*,#916,.T.);
#103=ORIENTED_EDGE('',*,*,#917,.T.);
#104=ORIENTED_EDGE('',*,*,#918,.F.);
#105=ORIENTED_EDGE('',*,*,#919,.T.);
#106=ORIENTED_EDGE('',*,*,#918,.T.);
#107=ORIENTED_EDGE('',*,*,#920,.T.);
#108=ORIENTED_EDGE('',*,*,#921,.F.);
#109=ORIENTED_EDGE('',*,*,#922,.T.);
#110=ORIENTED_EDGE('',*,*,#921,.T.);
#111=ORIENTED_EDGE('',*,*,#923,.T.);
#112=ORIENTED_EDGE('',*,*,#924,.F.);
#113=ORIENTED_EDGE('',*,*,#925,.T.);
#114=ORIENTED_EDGE('',*,*,#926,.T.);
#115=ORIENTED_EDGE('',*,*,#927,.T.);
#116=ORIENTED_EDGE('',*,*,#928,.F.);
#117=ORIENTED_EDGE('',*,*,#929,.T.);
#118=ORIENTED_EDGE('',*,*,#928,.T.);
#119=ORIENTED_EDGE('',*,*,#930,.T.);
#120=ORIENTED_EDGE('',*,*,#931,.F.);
#121=ORIENTED_EDGE('',*,*,#932,.T.);
#122=ORIENTED_EDGE('',*,*,#931,.T.);
#123=ORIENTED_EDGE('',*,*,#933,.T.);
#124=ORIENTED_EDGE('',*,*,#934,.F.);
#125=ORIENTED_EDGE('',*,*,#935,.T.);
#126=ORIENTED_EDGE('',*,*,#936,.T.);
#127=ORIENTED_EDGE('',*,*,#937,.T.);
#128=ORIENTED_EDGE('',*,*,#938,.F.);
#129=ORIENTED_EDGE('',*,*,#939,.T.);
#130=ORIENTED_EDGE('',*,*,#938,.T.);
#131=ORIENTED_EDGE('',*,*,#940,.T.);
#132=ORIENTED_EDGE('',*,*,#941,.F.);
#133=ORIENTED_EDGE('',*,*,#942,.T.);
#134=ORIENTED_EDGE('',*,*,#941,.T.);
#135=ORIENTED_EDGE('',*,*,#943,.T.);
#136=ORIENTED_EDGE('',*,*,#944,.F.);
#137=ORIENTED_EDGE('',*,*,#945,.T.);
#138=ORIENTED_EDGE('',*,*,#946,.T.);
#139=ORIENTED_EDGE('',*,*,#947,.T.);
#140=ORIENTED_EDGE('',*,*,#948,.F.);
#141=ORIENTED_EDGE('',*,*,#949,.T.);
#142=ORIENTED_EDGE('',*,*,#948,.T.);
#143=ORIENTED_EDGE('',*,*,#950,.T.);
#144=ORIENTED_EDGE('',*,*,#951,.F.);
#145=ORIENTED_EDGE('',*,*,#952,.T.);
#146=ORIENTED_EDGE('',*,*,#951,.T.);
#147=ORIENTED_EDGE('',*,*,#953,.T.);
#148=ORIENTED_EDGE('',*,*,#954,.F.);
#149=ORIENTED_EDGE('',*,*,#955,.T.);
#150=ORIENTED_EDGE('',*,*,#956,.T.);
#151=ORIENTED_EDGE('',*,*,#957,.T.);
#152=ORIENTED_EDGE('',*,*,#958,.F.);
#153=ORIENTED_EDGE('',*,*,#959,.T.);
#154=ORIENTED_EDGE('',*,*,#958,.T.);
#155=ORIENTED_EDGE('',*,*,#960,.T.);
#156=ORIENTED_EDGE('',*,*,#961,.F.);
#157=ORIENTED_EDGE('',*,*,#962,.T.);
#158=ORIENTED_EDGE('',*,*,#961,.T.);
#159=ORIENTED_EDGE('',*,*,#963,.T.);
#160=ORIENTED_EDGE('',*,*,#964,.F.);
#161=ORIENTED_EDGE('',*,*,#965,.T.);
#162=ORIENTED_EDGE('',*,*,#966,.T.);
#163=ORIENTED_EDGE('',*,*,#967,.T.);
#164=ORIENTED_EDGE('',*,*,#968,.F.);
#165=ORIENTED_EDGE('',*,*,#969,.T.);
#166=ORIENTED_EDGE('',*,*,#968,.T.);
#167=ORIENTED_EDGE('',*,*,#970,.T.);
#168=ORIENTED_EDGE('',*,*,#971,.F.);
#169=ORIENTED_EDGE('',*,*,#972,.T.);
#170=ORIENTED_EDGE('',*,*,#971,.T.);
#171=ORIENTED_EDGE('',*,*,#973,.T.);
#172=ORIENTED_EDGE('',*,*,#974,.F.);
#173=ORIENTED_EDGE('',*,*,#975,.T.);
#174=ORIENTED_EDGE('',*,*,#976,.T.);
#175=ORIENTED_EDGE('',*,*,#977,.T.);
#176=ORIENTED_EDGE('',*,*,#978,.F.);
#177=ORIENTED_EDGE('',*,*,#979,.T.);
#178=ORIENTED_EDGE('',*,*,#978,.T.);
#179=ORIENTED_EDGE('',*,*,#980,.T.);
#180=ORIENTED_EDGE('',*,*,#981,.F.);
#181=ORIENTED_EDGE('',*,*,#982,.T.);
#182=ORIENTED_EDGE('',*,*,#981,.T.);
#183=ORIENTED_EDGE('',*,*,#983,.T.);
#184=ORIENTED_EDGE('',*,*,#984,.F.);
#185=ORIENTED_EDGE('',*,*,#985,.T.);
#186=ORIENTED_EDGE('',*,*,#986,.T.);
#187=ORIENTED_EDGE('',*,*,#987,.T.);
#188=ORIENTED_EDGE('',*,*,#988,.F.);
#189=ORIENTED_EDGE('',*,*,#989,.T.);
#190=ORIENTED_EDGE('',*,*,#988,.T.);
#191=ORIENTED_EDGE('',*,*,#990,.T.);
#192=ORIENTED_EDGE('',*,*,#991,.F.);
#193=ORIENTED_EDGE('',*,*,#992,.T.);
#194=ORIENTED_EDGE('',*,*,#991,.T.);
#195=ORIENTED_EDGE('',*,*,#993,.T.);
#196=ORIENTED_EDGE('',*,*,#994,.F.);
#197=ORIENTED_EDGE('',*,*,#995,.T.);
#198=ORIENTED_EDGE('',*,*,#996,.T.);
#199=ORIENTED_EDGE('',*,*,#997,.T.);
#200=ORIENTED_EDGE('',*,*,#998,.F.);
#201=ORIENTED_EDGE('',*,*,#999,.T.);
#202=ORIENTED_EDGE('',*,*,#998,.T.);
#203=ORIENTED_EDGE('',*,*,#1000,.T.);
#204=ORIENTED_EDGE('',*,*,#1001,.F.);
#205=ORIENTED_EDGE('',*,*,#1002,.T.);
#206=ORIENTED_EDGE('',*,*,#1001,.T.);
#207=ORIENTED_EDGE('',*,*,#1003,.T.);
#208=ORIENTED_EDGE('',*,*,#1004,.F.);
#209=ORIENTED_EDGE('',*,*,#1005,.T.);
#210=ORIENTED_EDGE('',*,*,#1006,.T.);
#211=ORIENTED_EDGE('',*,*,#1007,.T.);
#212=ORIENTED_EDGE('',*,*,#1008,.F.);
#213=ORIENTED_EDGE('',*,*,#1009,.T.);
#214=ORIENTED_EDGE('',*,*,#1008,.T.);
#215=ORIENTED_EDGE('',*,*,#1010,.T.);
#216=ORIENTED_EDGE('',*,*,#1011,.F.);
#217=ORIENTED_EDGE('',*,*,#1012,.T.);
#218=ORIENTED_EDGE('',*,*,#1011,.T.);
#219=ORIENTED_EDGE('',*,*,#1013,.T.);
#220=ORIENTED_EDGE('',*,*,#1014,.F.);
#221=ORIENTED_EDGE('',*,*,#1015,.T.);
#222=ORIENTED_EDGE('',*,*,#1016,.T.);
#223=ORIENTED_EDGE('',*,*,#1017,.T.);
#224=ORIENTED_EDGE('',*,*,#1018,.F.);
#225=ORIENTED_EDGE('',*,*,#1019,.T.);
#226=ORIENTED_EDGE('',*,*,#1018,.T.);
#227=ORIENTED_EDGE('',*,*,#1020,.T.);
#228=ORIENTED_EDGE('',*,*,#1021,.F.);
#229=ORIENTED_EDGE('',*,*,#1022,.T.);
#230=ORIENTED_EDGE('',*,*,#1021,.T.);
#231=ORIENTED_EDGE('',*,*,#1023,.T.);
#232=ORIENTED_EDGE('',*,*,#1024,.F.);
#233=ORIENTED_EDGE('',*,*,#1025,.T.);
#234=ORIENTED_EDGE('',*,*,#1026,.T.);
#235=ORIENTED_EDGE('',*,*,#1027,.T.);
#236=ORIENTED_EDGE('',*,*,#1028,.F.);
#237=ORIENTED_EDGE('',*,*,#1029,.T.);
#238=ORIENTED_EDGE('',*,*,#1028,.T.);
#239=ORIENTED_EDGE('',*,*,#1030,.T.);
#240=ORIENTED_EDGE('',*,*,#1031,.F.);
#241=ORIENTED_EDGE('',*,*,#1032,.T.);
#242=ORIENTED_EDGE('',*,*,#1031,.T.);
#243=ORIENTED_EDGE('',*,*,#1033,.T.);
#244=ORIENTED_EDGE('',*,*,#1034,.F.);
#245=ORIENTED_EDGE('',*,*,#1035,.T.);
#246=ORIENTED_EDGE('',*,*,#1036,.T.);
#247=ORIENTED_EDGE('',*,*,#1037,.T.);
#248=ORIENTED_EDGE('',*,*,#1038,.F.);
#249=ORIENTED_EDGE('',*,*,#1039,.T.);
#250=ORIENTED_EDGE('',*,*,#1038,.T.);
#251=ORIENTED_EDGE('',*,*,#1040,.T.);
#252=ORIENTED_EDGE('',*,*,#1041,.F.);
#253=ORIENTED_EDGE('',*,*,#1042,.T.);
#254=ORIENTED_EDGE('',*,*,#1041,.T.);
#255=ORIENTED_EDGE('',*,*,#1043,.T.);
#256=ORIENTED_EDGE('',*,*,#1044,.F.);
#257=ORIENTED_EDGE('',*,*,#1045,.T.);
#258=ORIENTED_EDGE('',*,*,#1046,.T.);
#259=ORIENTED_EDGE('',*,*,#1047,.T.);
#260=ORIENTED_EDGE('',*,*,#1048,.F.);
#261=ORIENTED_EDGE('',*,*,#1049,.T.);
#262=ORIENTED_EDGE('',*,*,#1048,.T.);
#263=ORIENTED_EDGE('',*,*,#1050,.T.);
#264=ORIENTED_EDGE('',*,*,#1051,.F.);
#265=ORIENTED_EDGE('',*,*,#1052,.T.);
#266=ORIENTED_EDGE('',*,*,#1051,.T.);
#267=ORIENTED_EDGE('',*,*,#1053,.T.);
#268=ORIENTED_EDGE('',*,*,#1054,.F.);
#269=ORIENTED_EDGE('',*,*,#1055,.T.);
#270=ORIENTED_EDGE('',*,*,#1056,.T.);
#271=ORIENTED_EDGE('',*,*,#1057,.T.);
#272=ORIENTED_EDGE('',*,*,#1058,.F.);
#273=ORIENTED_EDGE('',*,*,#1059,.T.);
#274=ORIENTED_EDGE('',*,*,#1058,.T.);
#275=ORIENTED_EDGE('',*,*,#1060,.T.);
#276=ORIENTED_EDGE('',*,*,#1061,.F.);
#277=ORIENTED_EDGE('',*,*,#1062,.T.);
#278=ORIENTED_EDGE('',*,*,#1061,.T.);
#279=ORIENTED_EDGE('',*,*,#1063,.T.);
#280=ORIENTED_EDGE('',*,*,#1064,.F.);
#281=ORIENTED_EDGE('',*,*,#1065,.T.);
#282=ORIENTED_EDGE('',*,*,#914,.T.);
#283=ORIENTED_EDGE('',*,*,#1066,.T.);
#284=ORIENTED_EDGE('',*,*,#906,.F.);
#285=ORIENTED_EDGE('',*,*,#1067,.T.);
#286=ORIENTED_EDGE('',*,*,#924,.T.);
#287=ORIENTED_EDGE('',*,*,#1068,.T.);
#288=ORIENTED_EDGE('',*,*,#916,.F.);
#289=ORIENTED_EDGE('',*,*,#1069,.T.);
#290=ORIENTED_EDGE('',*,*,#934,.T.);
#291=ORIENTED_EDGE('',*,*,#1070,.T.);
#292=ORIENTED_EDGE('',*,*,#926,.F.);
#293=ORIENTED_EDGE('',*,*,#1071,.T.);
#294=ORIENTED_EDGE('',*,*,#944,.T.);
#295=ORIENTED_EDGE('',*,*,#1072,.T.);
#296=ORIENTED_EDGE('',*,*,#936,.F.);
#297=ORIENTED_EDGE('',*,*,#1073,.T.);
#298=ORIENTED_EDGE('',*,*,#954,.T.);
#299=ORIENTED_EDGE('',*,*,#1074,.T.);
#300=ORIENTED_EDGE('',*,*,#946,.F.);
#301=ORIENTED_EDGE('',*,*,#1075,.T.);
#302=ORIENTED_EDGE('',*,*,#964,.T.);
#303=ORIENTED_EDGE('',*,*,#1076,.T.);
#304=ORIENTED_EDGE('',*,*,#956,.F.);
#305=ORIENTED_EDGE('',*,*,#1077,.T.);
#306=ORIENTED_EDGE('',*,*,#974,.T.);
#307=ORIENTED_EDGE('',*,*,#1078,.T.);
#308=ORIENTED_EDGE('',*,*,#966,.F.);
#309=ORIENTED_EDGE('',*,*,#1079,.T.);
#310=ORIENTED_EDGE('',*,*,#984,.T.);
#311=ORIENTED_EDGE('',*,*,#1080,.T.);
#312=ORIENTED_EDGE('',*,*,#976,.F.);
#313=ORIENTED_EDGE('',*,*,#1081,.T.);
#314=ORIENTED_EDGE('',*,*,#994,.T.);
#315=ORIENTED_EDGE('',*,*,#1082,.T.);
#316=ORIENTED_EDGE('',*,*,#986,.F.);
#317=ORIENTED_EDGE('',*,*,#1083,.T.);
#318=ORIENTED_EDGE('',*,*,#1004,.T.);
#319=ORIENTED_EDGE('',*,*,#1084,.T.);
#320=ORIENTED_EDGE('',*,*,#996,.F.);
#321=ORIENTED_EDGE('',*,*,#1085,.T.);
#322=ORIENTED_EDGE('',*,*,#1014,.T.);
#323=ORIENTED_EDGE('',*,*,#1086,.T.);
#324=ORIENTED_EDGE('',*,*,#1006,.F.);
#325=ORIENTED_EDGE('',*,*,#1087,.T.);
#326=ORIENTED_EDGE('',*,*,#1024,.T.);
#327=ORIENTED_EDGE('',*,*,#1088,.T.);
#328=ORIENTED_EDGE('',*,*,#1016,.F.);
#329=ORIENTED_EDGE('',*,*,#1089,.T.);
#330=ORIENTED_EDGE('',*,*,#1034,.T.);
#331=ORIENTED_EDGE('',*,*,#1090,.T.);
#332=ORIENTED_EDGE('',*,*,#1026,.F.);
#333=ORIENTED_EDGE('',*,*,#1091,.T.);
#334=ORIENTED_EDGE('',*,*,#1044,.T.);
#335=ORIENTED_EDGE('',*,*,#1092,.T.);
#336=ORIENTED_EDGE('',*,*,#1036,.F.);
#337=ORIENTED_EDGE('',*,*,#1093,.T.);
#338=ORIENTED_EDGE('',*,*,#1054,.T.);
#339=ORIENTED_EDGE('',*,*,#1094,.T.);
#340=ORIENTED_EDGE('',*,*,#1046,.F.);
#341=ORIENTED_EDGE('',*,*,#1095,.T.);
#342=ORIENTED_EDGE('',*,*,#1064,.T.);
#343=ORIENTED_EDGE('',*,*,#1096,.T.);
#344=ORIENTED_EDGE('',*,*,#1056,.F.);
#345=ORIENTED_EDGE('',*,*,#1097,.T.);
#346=ORIENTED_EDGE('',*,*,#1098,.F.);
#347=ORIENTED_EDGE('',*,*,#1099,.F.);
#348=ORIENTED_EDGE('',*,*,#1100,.F.);
#349=ORIENTED_EDGE('',*,*,#1101,.T.);
#350=ORIENTED_EDGE('',*,*,#1102,.F.);
#351=ORIENTED_EDGE('',*,*,#1103,.F.);
#352=ORIENTED_EDGE('',*,*,#1104,.T.);
#353=ORIENTED_EDGE('',*,*,#1105,.T.);
#354=ORIENTED_EDGE('',*,*,#1106,.F.);
#355=ORIENTED_EDGE('',*,*,#1105,.F.);
#356=ORIENTED_EDGE('',*,*,#1107,.F.);
#357=ORIENTED_EDGE('',*,*,#899,.F.);
#358=ORIENTED_EDGE('',*,*,#1108,.F.);
#359=ORIENTED_EDGE('',*,*,#903,.F.);
#360=ORIENTED_EDGE('',*,*,#1109,.F.);
#361=ORIENTED_EDGE('',*,*,#1101,.F.);
#362=ORIENTED_EDGE('',*,*,#1109,.T.);
#363=ORIENTED_EDGE('',*,*,#902,.F.);
#364=ORIENTED_EDGE('',*,*,#1110,.F.);
#365=ORIENTED_EDGE('',*,*,#1102,.T.);
#366=ORIENTED_EDGE('',*,*,#1107,.T.);
#367=ORIENTED_EDGE('',*,*,#1104,.F.);
#368=ORIENTED_EDGE('',*,*,#1111,.F.);
#369=ORIENTED_EDGE('',*,*,#900,.T.);
#370=ORIENTED_EDGE('',*,*,#1059,.F.);
#371=ORIENTED_EDGE('',*,*,#1062,.F.);
#372=ORIENTED_EDGE('',*,*,#1065,.F.);
#373=ORIENTED_EDGE('',*,*,#1097,.F.);
#374=ORIENTED_EDGE('',*,*,#1049,.F.);
#375=ORIENTED_EDGE('',*,*,#1052,.F.);
#376=ORIENTED_EDGE('',*,*,#1055,.F.);
#377=ORIENTED_EDGE('',*,*,#1095,.F.);
#378=ORIENTED_EDGE('',*,*,#1039,.F.);
#379=ORIENTED_EDGE('',*,*,#1042,.F.);
#380=ORIENTED_EDGE('',*,*,#1045,.F.);
#381=ORIENTED_EDGE('',*,*,#1093,.F.);
#382=ORIENTED_EDGE('',*,*,#1029,.F.);
#383=ORIENTED_EDGE('',*,*,#1032,.F.);
#384=ORIENTED_EDGE('',*,*,#1035,.F.);
#385=ORIENTED_EDGE('',*,*,#1091,.F.);
#386=ORIENTED_EDGE('',*,*,#1019,.F.);
#387=ORIENTED_EDGE('',*,*,#1022,.F.);
#388=ORIENTED_EDGE('',*,*,#1025,.F.);
#389=ORIENTED_EDGE('',*,*,#1089,.F.);
#390=ORIENTED_EDGE('',*,*,#1009,.F.);
#391=ORIENTED_EDGE('',*,*,#1012,.F.);
#392=ORIENTED_EDGE('',*,*,#1015,.F.);
#393=ORIENTED_EDGE('',*,*,#1087,.F.);
#394=ORIENTED_EDGE('',*,*,#999,.F.);
#395=ORIENTED_EDGE('',*,*,#1002,.F.);
#396=ORIENTED_EDGE('',*,*,#1005,.F.);
#397=ORIENTED_EDGE('',*,*,#1085,.F.);
#398=ORIENTED_EDGE('',*,*,#989,.F.);
#399=ORIENTED_EDGE('',*,*,#992,.F.);
#400=ORIENTED_EDGE('',*,*,#995,.F.);
#401=ORIENTED_EDGE('',*,*,#1083,.F.);
#402=ORIENTED_EDGE('',*,*,#979,.F.);
#403=ORIENTED_EDGE('',*,*,#982,.F.);
#404=ORIENTED_EDGE('',*,*,#985,.F.);
#405=ORIENTED_EDGE('',*,*,#1081,.F.);
#406=ORIENTED_EDGE('',*,*,#969,.F.);
#407=ORIENTED_EDGE('',*,*,#972,.F.);
#408=ORIENTED_EDGE('',*,*,#975,.F.);
#409=ORIENTED_EDGE('',*,*,#1079,.F.);
#410=ORIENTED_EDGE('',*,*,#959,.F.);
#411=ORIENTED_EDGE('',*,*,#962,.F.);
#412=ORIENTED_EDGE('',*,*,#965,.F.);
#413=ORIENTED_EDGE('',*,*,#1077,.F.);
#414=ORIENTED_EDGE('',*,*,#949,.F.);
#415=ORIENTED_EDGE('',*,*,#952,.F.);
#416=ORIENTED_EDGE('',*,*,#955,.F.);
#417=ORIENTED_EDGE('',*,*,#1075,.F.);
#418=ORIENTED_EDGE('',*,*,#939,.F.);
#419=ORIENTED_EDGE('',*,*,#942,.F.);
#420=ORIENTED_EDGE('',*,*,#945,.F.);
#421=ORIENTED_EDGE('',*,*,#1073,.F.);
#422=ORIENTED_EDGE('',*,*,#929,.F.);
#423=ORIENTED_EDGE('',*,*,#932,.F.);
#424=ORIENTED_EDGE('',*,*,#935,.F.);
#425=ORIENTED_EDGE('',*,*,#1071,.F.);
#426=ORIENTED_EDGE('',*,*,#919,.F.);
#427=ORIENTED_EDGE('',*,*,#922,.F.);
#428=ORIENTED_EDGE('',*,*,#925,.F.);
#429=ORIENTED_EDGE('',*,*,#1069,.F.);
#430=ORIENTED_EDGE('',*,*,#909,.F.);
#431=ORIENTED_EDGE('',*,*,#912,.F.);
#432=ORIENTED_EDGE('',*,*,#915,.F.);
#433=ORIENTED_EDGE('',*,*,#1067,.F.);
#434=ORIENTED_EDGE('',*,*,#1110,.T.);
#435=ORIENTED_EDGE('',*,*,#901,.T.);
#436=ORIENTED_EDGE('',*,*,#1111,.T.);
#437=ORIENTED_EDGE('',*,*,#1103,.T.);
#438=ORIENTED_EDGE('',*,*,#1066,.F.);
#439=ORIENTED_EDGE('',*,*,#913,.F.);
#440=ORIENTED_EDGE('',*,*,#910,.F.);
#441=ORIENTED_EDGE('',*,*,#907,.F.);
#442=ORIENTED_EDGE('',*,*,#1068,.F.);
#443=ORIENTED_EDGE('',*,*,#923,.F.);
#444=ORIENTED_EDGE('',*,*,#920,.F.);
#445=ORIENTED_EDGE('',*,*,#917,.F.);
#446=ORIENTED_EDGE('',*,*,#1070,.F.);
#447=ORIENTED_EDGE('',*,*,#933,.F.);
#448=ORIENTED_EDGE('',*,*,#930,.F.);
#449=ORIENTED_EDGE('',*,*,#927,.F.);
#450=ORIENTED_EDGE('',*,*,#1072,.F.);
#451=ORIENTED_EDGE('',*,*,#943,.F.);
#452=ORIENTED_EDGE('',*,*,#940,.F.);
#453=ORIENTED_EDGE('',*,*,#937,.F.);
#454=ORIENTED_EDGE('',*,*,#1074,.F.);
#455=ORIENTED_EDGE('',*,*,#953,.F.);
#456=ORIENTED_EDGE('',*,*,#950,.F.);
#457=ORIENTED_EDGE('',*,*,#947,.F.);
#458=ORIENTED_EDGE('',*,*,#1076,.F.);
#459=ORIENTED_EDGE('',*,*,#963,.F.);
#460=ORIENTED_EDGE('',*,*,#960,.F.);
#461=ORIENTED_EDGE('',*,*,#957,.F.);
#462=ORIENTED_EDGE('',*,*,#1078,.F.);
#463=ORIENTED_EDGE('',*,*,#973,.F.);
#464=ORIENTED_EDGE('',*,*,#970,.F.);
#465=ORIENTED_EDGE('',*,*,#967,.F.);
#466=ORIENTED_EDGE('',*,*,#1080,.F.);
#467=ORIENTED_EDGE('',*,*,#983,.F.);
#468=ORIENTED_EDGE('',*,*,#980,.F.);
#469=ORIENTED_EDGE('',*,*,#977,.F.);
#470=ORIENTED_EDGE('',*,*,#1082,.F.);
#471=ORIENTED_EDGE('',*,*,#993,.F.);
#472=ORIENTED_EDGE('',*,*,#990,.F.);
#473=ORIENTED_EDGE('',*,*,#987,.F.);
#474=ORIENTED_EDGE('',*,*,#1084,.F.);
#475=ORIENTED_EDGE('',*,*,#1003,.F.);
#476=ORIENTED_EDGE('',*,*,#1000,.F.);
#477=ORIENTED_EDGE('',*,*,#997,.F.);
#478=ORIENTED_EDGE('',*,*,#1086,.F.);
#479=ORIENTED_EDGE('',*,*,#1013,.F.);
#480=ORIENTED_EDGE('',*,*,#1010,.F.);
#481=ORIENTED_EDGE('',*,*,#1007,.F.);
#482=ORIENTED_EDGE('',*,*,#1088,.F.);
#483=ORIENTED_EDGE('',*,*,#1023,.F.);
#484=ORIENTED_EDGE('',*,*,#1020,.F.);
#485=ORIENTED_EDGE('',*,*,#1017,.F.);
#486=ORIENTED_EDGE('',*,*,#1090,.F.);
#487=ORIENTED_EDGE('',*,*,#1033,.F.);
#488=ORIENTED_EDGE('',*,*,#1030,.F.);
#489=ORIENTED_EDGE('',*,*,#1027,.F.);
#490=ORIENTED_EDGE('',*,*,#1092,.F.);
#491=ORIENTED_EDGE('',*,*,#1043,.F.);
#492=ORIENTED_EDGE('',*,*,#1040,.F.);
#493=ORIENTED_EDGE('',*,*,#1037,.F.);
#494=ORIENTED_EDGE('',*,*,#1094,.F.);
#495=ORIENTED_EDGE('',*,*,#1053,.F.);
#496=ORIENTED_EDGE('',*,*,#1050,.F.);
#497=ORIENTED_EDGE('',*,*,#1047,.F.);
#498=ORIENTED_EDGE('',*,*,#1096,.F.);
#499=ORIENTED_EDGE('',*,*,#1063,.F.);
#500=ORIENTED_EDGE('',*,*,#1060,.F.);
#501=ORIENTED_EDGE('',*,*,#1057,.F.);
#502=ORIENTED_EDGE('',*,*,#1099,.T.);
#503=ORIENTED_EDGE('',*,*,#1112,.T.);
#504=ORIENTED_EDGE('',*,*,#905,.F.);
#505=ORIENTED_EDGE('',*,*,#1113,.F.);
#506=ORIENTED_EDGE('',*,*,#1098,.T.);
#507=ORIENTED_EDGE('',*,*,#1106,.T.);
#508=ORIENTED_EDGE('',*,*,#898,.F.);
#509=ORIENTED_EDGE('',*,*,#1112,.F.);
#510=ORIENTED_EDGE('',*,*,#1100,.T.);
#511=ORIENTED_EDGE('',*,*,#1113,.T.);
#512=ORIENTED_EDGE('',*,*,#904,.F.);
#513=ORIENTED_EDGE('',*,*,#1108,.T.);
#514=ORIENTED_EDGE('',*,*,#1114,.F.);
#515=ORIENTED_EDGE('',*,*,#1115,.F.);
#516=ORIENTED_EDGE('',*,*,#1116,.F.);
#517=ORIENTED_EDGE('',*,*,#1117,.T.);
#518=ORIENTED_EDGE('',*,*,#1118,.F.);
#519=ORIENTED_EDGE('',*,*,#1119,.T.);
#520=ORIENTED_EDGE('',*,*,#1120,.F.);
#521=ORIENTED_EDGE('',*,*,#1121,.F.);
#522=ORIENTED_EDGE('',*,*,#1122,.F.);
#523=ORIENTED_EDGE('',*,*,#1123,.T.);
#524=ORIENTED_EDGE('',*,*,#1124,.F.);
#525=ORIENTED_EDGE('',*,*,#1125,.F.);
#526=ORIENTED_EDGE('',*,*,#1126,.F.);
#527=ORIENTED_EDGE('',*,*,#1127,.T.);
#528=ORIENTED_EDGE('',*,*,#1128,.F.);
#529=ORIENTED_EDGE('',*,*,#1129,.F.);
#530=ORIENTED_EDGE('',*,*,#1130,.F.);
#531=ORIENTED_EDGE('',*,*,#1131,.T.);
#532=ORIENTED_EDGE('',*,*,#1132,.F.);
#533=ORIENTED_EDGE('',*,*,#1133,.F.);
#534=ORIENTED_EDGE('',*,*,#1134,.F.);
#535=ORIENTED_EDGE('',*,*,#1135,.T.);
#536=ORIENTED_EDGE('',*,*,#1136,.F.);
#537=ORIENTED_EDGE('',*,*,#1137,.F.);
#538=ORIENTED_EDGE('',*,*,#1138,.F.);
#539=ORIENTED_EDGE('',*,*,#1139,.T.);
#540=ORIENTED_EDGE('',*,*,#1140,.F.);
#541=ORIENTED_EDGE('',*,*,#1141,.F.);
#542=ORIENTED_EDGE('',*,*,#1142,.F.);
#543=ORIENTED_EDGE('',*,*,#1143,.T.);
#544=ORIENTED_EDGE('',*,*,#1144,.T.);
#545=ORIENTED_EDGE('',*,*,#1145,.F.);
#546=ORIENTED_EDGE('',*,*,#1146,.F.);
#547=ORIENTED_EDGE('',*,*,#1147,.F.);
#548=ORIENTED_EDGE('',*,*,#1148,.F.);
#549=ORIENTED_EDGE('',*,*,#1115,.T.);
#550=ORIENTED_EDGE('',*,*,#1149,.F.);
#551=ORIENTED_EDGE('',*,*,#1121,.T.);
#552=ORIENTED_EDGE('',*,*,#1150,.T.);
#553=ORIENTED_EDGE('',*,*,#1151,.F.);
#554=ORIENTED_EDGE('',*,*,#1152,.F.);
#555=ORIENTED_EDGE('',*,*,#1125,.T.);
#556=ORIENTED_EDGE('',*,*,#1153,.T.);
#557=ORIENTED_EDGE('',*,*,#1154,.F.);
#558=ORIENTED_EDGE('',*,*,#1155,.F.);
#559=ORIENTED_EDGE('',*,*,#1129,.T.);
#560=ORIENTED_EDGE('',*,*,#1156,.T.);
#561=ORIENTED_EDGE('',*,*,#1157,.F.);
#562=ORIENTED_EDGE('',*,*,#1158,.F.);
#563=ORIENTED_EDGE('',*,*,#1133,.T.);
#564=ORIENTED_EDGE('',*,*,#1159,.T.);
#565=ORIENTED_EDGE('',*,*,#1160,.F.);
#566=ORIENTED_EDGE('',*,*,#1161,.F.);
#567=ORIENTED_EDGE('',*,*,#1137,.T.);
#568=ORIENTED_EDGE('',*,*,#1162,.T.);
#569=ORIENTED_EDGE('',*,*,#1163,.F.);
#570=ORIENTED_EDGE('',*,*,#1164,.F.);
#571=ORIENTED_EDGE('',*,*,#1141,.T.);
#572=ORIENTED_EDGE('',*,*,#1165,.T.);
#573=ORIENTED_EDGE('',*,*,#1166,.F.);
#574=ORIENTED_EDGE('',*,*,#1167,.F.);
#575=ORIENTED_EDGE('',*,*,#1145,.T.);
#576=ORIENTED_EDGE('',*,*,#1168,.T.);
#577=ORIENTED_EDGE('',*,*,#1169,.F.);
#578=ORIENTED_EDGE('',*,*,#1170,.F.);
#579=ORIENTED_EDGE('',*,*,#1171,.F.);
#580=ORIENTED_EDGE('',*,*,#1172,.F.);
#581=ORIENTED_EDGE('',*,*,#1147,.T.);
#582=ORIENTED_EDGE('',*,*,#1173,.F.);
#583=ORIENTED_EDGE('',*,*,#1151,.T.);
#584=ORIENTED_EDGE('',*,*,#1174,.F.);
#585=ORIENTED_EDGE('',*,*,#1175,.F.);
#586=ORIENTED_EDGE('',*,*,#1176,.F.);
#587=ORIENTED_EDGE('',*,*,#1154,.T.);
#588=ORIENTED_EDGE('',*,*,#1177,.F.);
#589=ORIENTED_EDGE('',*,*,#1178,.F.);
#590=ORIENTED_EDGE('',*,*,#1179,.F.);
#591=ORIENTED_EDGE('',*,*,#1157,.T.);
#592=ORIENTED_EDGE('',*,*,#1180,.F.);
#593=ORIENTED_EDGE('',*,*,#1181,.F.);
#594=ORIENTED_EDGE('',*,*,#1182,.F.);
#595=ORIENTED_EDGE('',*,*,#1160,.T.);
#596=ORIENTED_EDGE('',*,*,#1183,.F.);
#597=ORIENTED_EDGE('',*,*,#1184,.F.);
#598=ORIENTED_EDGE('',*,*,#1185,.F.);
#599=ORIENTED_EDGE('',*,*,#1163,.T.);
#600=ORIENTED_EDGE('',*,*,#1186,.F.);
#601=ORIENTED_EDGE('',*,*,#1187,.F.);
#602=ORIENTED_EDGE('',*,*,#1188,.F.);
#603=ORIENTED_EDGE('',*,*,#1166,.T.);
#604=ORIENTED_EDGE('',*,*,#1189,.F.);
#605=ORIENTED_EDGE('',*,*,#1190,.F.);
#606=ORIENTED_EDGE('',*,*,#1191,.F.);
#607=ORIENTED_EDGE('',*,*,#1169,.T.);
#608=ORIENTED_EDGE('',*,*,#1192,.T.);
#609=ORIENTED_EDGE('',*,*,#1193,.F.);
#610=ORIENTED_EDGE('',*,*,#1194,.F.);
#611=ORIENTED_EDGE('',*,*,#1195,.F.);
#612=ORIENTED_EDGE('',*,*,#1196,.F.);
#613=ORIENTED_EDGE('',*,*,#1171,.T.);
#614=ORIENTED_EDGE('',*,*,#1197,.F.);
#615=ORIENTED_EDGE('',*,*,#1175,.T.);
#616=ORIENTED_EDGE('',*,*,#1198,.F.);
#617=ORIENTED_EDGE('',*,*,#1199,.F.);
#618=ORIENTED_EDGE('',*,*,#1200,.F.);
#619=ORIENTED_EDGE('',*,*,#1178,.T.);
#620=ORIENTED_EDGE('',*,*,#1201,.F.);
#621=ORIENTED_EDGE('',*,*,#1202,.F.);
#622=ORIENTED_EDGE('',*,*,#1203,.F.);
#623=ORIENTED_EDGE('',*,*,#1181,.T.);
#624=ORIENTED_EDGE('',*,*,#1204,.F.);
#625=ORIENTED_EDGE('',*,*,#1205,.F.);
#626=ORIENTED_EDGE('',*,*,#1206,.F.);
#627=ORIENTED_EDGE('',*,*,#1184,.T.);
#628=ORIENTED_EDGE('',*,*,#1207,.F.);
#629=ORIENTED_EDGE('',*,*,#1208,.F.);
#630=ORIENTED_EDGE('',*,*,#1209,.F.);
#631=ORIENTED_EDGE('',*,*,#1187,.T.);
#632=ORIENTED_EDGE('',*,*,#1210,.F.);
#633=ORIENTED_EDGE('',*,*,#1211,.F.);
#634=ORIENTED_EDGE('',*,*,#1212,.F.);
#635=ORIENTED_EDGE('',*,*,#1190,.T.);
#636=ORIENTED_EDGE('',*,*,#1213,.F.);
#637=ORIENTED_EDGE('',*,*,#1214,.F.);
#638=ORIENTED_EDGE('',*,*,#1215,.F.);
#639=ORIENTED_EDGE('',*,*,#1193,.T.);
#640=ORIENTED_EDGE('',*,*,#1216,.T.);
#641=ORIENTED_EDGE('',*,*,#1217,.F.);
#642=ORIENTED_EDGE('',*,*,#1218,.F.);
#643=ORIENTED_EDGE('',*,*,#1219,.T.);
#644=ORIENTED_EDGE('',*,*,#1220,.F.);
#645=ORIENTED_EDGE('',*,*,#1199,.T.);
#646=ORIENTED_EDGE('',*,*,#1221,.F.);
#647=ORIENTED_EDGE('',*,*,#1222,.T.);
#648=ORIENTED_EDGE('',*,*,#1223,.F.);
#649=ORIENTED_EDGE('',*,*,#1202,.T.);
#650=ORIENTED_EDGE('',*,*,#1224,.F.);
#651=ORIENTED_EDGE('',*,*,#1225,.T.);
#652=ORIENTED_EDGE('',*,*,#1226,.F.);
#653=ORIENTED_EDGE('',*,*,#1205,.T.);
#654=ORIENTED_EDGE('',*,*,#1227,.F.);
#655=ORIENTED_EDGE('',*,*,#1228,.T.);
#656=ORIENTED_EDGE('',*,*,#1229,.F.);
#657=ORIENTED_EDGE('',*,*,#1208,.T.);
#658=ORIENTED_EDGE('',*,*,#1230,.F.);
#659=ORIENTED_EDGE('',*,*,#1231,.T.);
#660=ORIENTED_EDGE('',*,*,#1232,.F.);
#661=ORIENTED_EDGE('',*,*,#1211,.T.);
#662=ORIENTED_EDGE('',*,*,#1233,.F.);
#663=ORIENTED_EDGE('',*,*,#1234,.T.);
#664=ORIENTED_EDGE('',*,*,#1235,.F.);
#665=ORIENTED_EDGE('',*,*,#1214,.T.);
#666=ORIENTED_EDGE('',*,*,#1236,.F.);
#667=ORIENTED_EDGE('',*,*,#1237,.T.);
#668=ORIENTED_EDGE('',*,*,#1238,.F.);
#669=ORIENTED_EDGE('',*,*,#1217,.T.);
#670=ORIENTED_EDGE('',*,*,#1239,.T.);
#671=ORIENTED_EDGE('',*,*,#1240,.F.);
#672=ORIENTED_EDGE('',*,*,#1241,.F.);
#673=ORIENTED_EDGE('',*,*,#1195,.T.);
#674=ORIENTED_EDGE('',*,*,#1242,.F.);
#675=ORIENTED_EDGE('',*,*,#1243,.F.);
#676=ORIENTED_EDGE('',*,*,#1244,.F.);
#677=ORIENTED_EDGE('',*,*,#1245,.T.);
#678=ORIENTED_EDGE('',*,*,#1246,.F.);
#679=ORIENTED_EDGE('',*,*,#1247,.F.);
#680=ORIENTED_EDGE('',*,*,#1248,.F.);
#681=ORIENTED_EDGE('',*,*,#1249,.T.);
#682=ORIENTED_EDGE('',*,*,#1250,.F.);
#683=ORIENTED_EDGE('',*,*,#1251,.F.);
#684=ORIENTED_EDGE('',*,*,#1252,.F.);
#685=ORIENTED_EDGE('',*,*,#1253,.T.);
#686=ORIENTED_EDGE('',*,*,#1254,.F.);
#687=ORIENTED_EDGE('',*,*,#1255,.F.);
#688=ORIENTED_EDGE('',*,*,#1256,.F.);
#689=ORIENTED_EDGE('',*,*,#1257,.T.);
#690=ORIENTED_EDGE('',*,*,#1258,.F.);
#691=ORIENTED_EDGE('',*,*,#1259,.F.);
#692=ORIENTED_EDGE('',*,*,#1260,.F.);
#693=ORIENTED_EDGE('',*,*,#1261,.T.);
#694=ORIENTED_EDGE('',*,*,#1262,.F.);
#695=ORIENTED_EDGE('',*,*,#1263,.F.);
#696=ORIENTED_EDGE('',*,*,#1264,.F.);
#697=ORIENTED_EDGE('',*,*,#1265,.T.);
#698=ORIENTED_EDGE('',*,*,#1266,.F.);
#699=ORIENTED_EDGE('',*,*,#1267,.F.);
#700=ORIENTED_EDGE('',*,*,#1268,.F.);
#701=ORIENTED_EDGE('',*,*,#1269,.T.);
#702=ORIENTED_EDGE('',*,*,#1270,.T.);
#703=ORIENTED_EDGE('',*,*,#1271,.F.);
#704=ORIENTED_EDGE('',*,*,#1272,.F.);
#705=ORIENTED_EDGE('',*,*,#1273,.T.);
#706=ORIENTED_EDGE('',*,*,#1267,.T.);
#707=ORIENTED_EDGE('',*,*,#1274,.T.);
#708=ORIENTED_EDGE('',*,*,#1117,.F.);
#709=ORIENTED_EDGE('',*,*,#1275,.T.);
#710=ORIENTED_EDGE('',*,*,#1119,.F.);
#711=ORIENTED_EDGE('',*,*,#1276,.T.);
#712=ORIENTED_EDGE('',*,*,#1263,.T.);
#713=ORIENTED_EDGE('',*,*,#1277,.T.);
#714=ORIENTED_EDGE('',*,*,#1123,.F.);
#715=ORIENTED_EDGE('',*,*,#1278,.T.);
#716=ORIENTED_EDGE('',*,*,#1259,.T.);
#717=ORIENTED_EDGE('',*,*,#1279,.T.);
#718=ORIENTED_EDGE('',*,*,#1127,.F.);
#719=ORIENTED_EDGE('',*,*,#1280,.T.);
#720=ORIENTED_EDGE('',*,*,#1255,.T.);
#721=ORIENTED_EDGE('',*,*,#1281,.T.);
#722=ORIENTED_EDGE('',*,*,#1131,.F.);
#723=ORIENTED_EDGE('',*,*,#1282,.T.);
#724=ORIENTED_EDGE('',*,*,#1251,.T.);
#725=ORIENTED_EDGE('',*,*,#1283,.T.);
#726=ORIENTED_EDGE('',*,*,#1135,.F.);
#727=ORIENTED_EDGE('',*,*,#1284,.T.);
#728=ORIENTED_EDGE('',*,*,#1247,.T.);
#729=ORIENTED_EDGE('',*,*,#1285,.T.);
#730=ORIENTED_EDGE('',*,*,#1139,.F.);
#731=ORIENTED_EDGE('',*,*,#1286,.T.);
#732=ORIENTED_EDGE('',*,*,#1243,.T.);
#733=ORIENTED_EDGE('',*,*,#1287,.T.);
#734=ORIENTED_EDGE('',*,*,#1143,.F.);
#735=ORIENTED_EDGE('',*,*,#1288,.T.);
#736=ORIENTED_EDGE('',*,*,#1271,.T.);
#737=ORIENTED_EDGE('',*,*,#1289,.F.);
#738=ORIENTED_EDGE('',*,*,#1290,.T.);
#739=ORIENTED_EDGE('',*,*,#1269,.F.);
#740=ORIENTED_EDGE('',*,*,#1291,.F.);
#741=ORIENTED_EDGE('',*,*,#1240,.T.);
#742=ORIENTED_EDGE('',*,*,#1116,.T.);
#743=ORIENTED_EDGE('',*,*,#1148,.T.);
#744=ORIENTED_EDGE('',*,*,#1172,.T.);
#745=ORIENTED_EDGE('',*,*,#1196,.T.);
#746=ORIENTED_EDGE('',*,*,#1241,.T.);
#747=ORIENTED_EDGE('',*,*,#1291,.T.);
#748=ORIENTED_EDGE('',*,*,#1268,.T.);
#749=ORIENTED_EDGE('',*,*,#1275,.F.);
#750=ORIENTED_EDGE('',*,*,#1290,.F.);
#751=ORIENTED_EDGE('',*,*,#1239,.F.);
#752=ORIENTED_EDGE('',*,*,#1216,.F.);
#753=ORIENTED_EDGE('',*,*,#1192,.F.);
#754=ORIENTED_EDGE('',*,*,#1168,.F.);
#755=ORIENTED_EDGE('',*,*,#1144,.F.);
#756=ORIENTED_EDGE('',*,*,#1289,.T.);
#757=ORIENTED_EDGE('',*,*,#1270,.F.);
#758=ORIENTED_EDGE('',*,*,#1191,.T.);
#759=ORIENTED_EDGE('',*,*,#1215,.T.);
#760=ORIENTED_EDGE('',*,*,#1238,.T.);
#761=ORIENTED_EDGE('',*,*,#1292,.T.);
#762=ORIENTED_EDGE('',*,*,#1272,.T.);
#763=ORIENTED_EDGE('',*,*,#1288,.F.);
#764=ORIENTED_EDGE('',*,*,#1142,.T.);
#765=ORIENTED_EDGE('',*,*,#1167,.T.);
#766=ORIENTED_EDGE('',*,*,#1189,.T.);
#767=ORIENTED_EDGE('',*,*,#1165,.F.);
#768=ORIENTED_EDGE('',*,*,#1140,.T.);
#769=ORIENTED_EDGE('',*,*,#1287,.F.);
#770=ORIENTED_EDGE('',*,*,#1242,.T.);
#771=ORIENTED_EDGE('',*,*,#1293,.T.);
#772=ORIENTED_EDGE('',*,*,#1236,.T.);
#773=ORIENTED_EDGE('',*,*,#1213,.T.);
#774=ORIENTED_EDGE('',*,*,#1293,.F.);
#775=ORIENTED_EDGE('',*,*,#1273,.F.);
#776=ORIENTED_EDGE('',*,*,#1292,.F.);
#777=ORIENTED_EDGE('',*,*,#1237,.F.);
#778=ORIENTED_EDGE('',*,*,#1188,.T.);
#779=ORIENTED_EDGE('',*,*,#1212,.T.);
#780=ORIENTED_EDGE('',*,*,#1235,.T.);
#781=ORIENTED_EDGE('',*,*,#1294,.T.);
#782=ORIENTED_EDGE('',*,*,#1244,.T.);
#783=ORIENTED_EDGE('',*,*,#1286,.F.);
#784=ORIENTED_EDGE('',*,*,#1138,.T.);
#785=ORIENTED_EDGE('',*,*,#1164,.T.);
#786=ORIENTED_EDGE('',*,*,#1186,.T.);
#787=ORIENTED_EDGE('',*,*,#1162,.F.);
#788=ORIENTED_EDGE('',*,*,#1136,.T.);
#789=ORIENTED_EDGE('',*,*,#1285,.F.);
#790=ORIENTED_EDGE('',*,*,#1246,.T.);
#791=ORIENTED_EDGE('',*,*,#1295,.T.);
#792=ORIENTED_EDGE('',*,*,#1233,.T.);
#793=ORIENTED_EDGE('',*,*,#1210,.T.);
#794=ORIENTED_EDGE('',*,*,#1295,.F.);
#795=ORIENTED_EDGE('',*,*,#1245,.F.);
#796=ORIENTED_EDGE('',*,*,#1294,.F.);
#797=ORIENTED_EDGE('',*,*,#1234,.F.);
#798=ORIENTED_EDGE('',*,*,#1185,.T.);
#799=ORIENTED_EDGE('',*,*,#1209,.T.);
#800=ORIENTED_EDGE('',*,*,#1232,.T.);
#801=ORIENTED_EDGE('',*,*,#1296,.T.);
#802=ORIENTED_EDGE('',*,*,#1248,.T.);
#803=ORIENTED_EDGE('',*,*,#1284,.F.);
#804=ORIENTED_EDGE('',*,*,#1134,.T.);
#805=ORIENTED_EDGE('',*,*,#1161,.T.);
#806=ORIENTED_EDGE('',*,*,#1183,.T.);
#807=ORIENTED_EDGE('',*,*,#1159,.F.);
#808=ORIENTED_EDGE('',*,*,#1132,.T.);
#809=ORIENTED_EDGE('',*,*,#1283,.F.);
#810=ORIENTED_EDGE('',*,*,#1250,.T.);
#811=ORIENTED_EDGE('',*,*,#1297,.T.);
#812=ORIENTED_EDGE('',*,*,#1230,.T.);
#813=ORIENTED_EDGE('',*,*,#1207,.T.);
#814=ORIENTED_EDGE('',*,*,#1297,.F.);
#815=ORIENTED_EDGE('',*,*,#1249,.F.);
#816=ORIENTED_EDGE('',*,*,#1296,.F.);
#817=ORIENTED_EDGE('',*,*,#1231,.F.);
#818=ORIENTED_EDGE('',*,*,#1182,.T.);
#819=ORIENTED_EDGE('',*,*,#1206,.T.);
#820=ORIENTED_EDGE('',*,*,#1229,.T.);
#821=ORIENTED_EDGE('',*,*,#1298,.T.);
#822=ORIENTED_EDGE('',*,*,#1252,.T.);
#823=ORIENTED_EDGE('',*,*,#1282,.F.);
#824=ORIENTED_EDGE('',*,*,#1130,.T.);
#825=ORIENTED_EDGE('',*,*,#1158,.T.);
#826=ORIENTED_EDGE('',*,*,#1180,.T.);
#827=ORIENTED_EDGE('',*,*,#1156,.F.);
#828=ORIENTED_EDGE('',*,*,#1128,.T.);
#829=ORIENTED_EDGE('',*,*,#1281,.F.);
#830=ORIENTED_EDGE('',*,*,#1254,.T.);
#831=ORIENTED_EDGE('',*,*,#1299,.T.);
#832=ORIENTED_EDGE('',*,*,#1227,.T.);
#833=ORIENTED_EDGE('',*,*,#1204,.T.);
#834=ORIENTED_EDGE('',*,*,#1299,.F.);
#835=ORIENTED_EDGE('',*,*,#1253,.F.);
#836=ORIENTED_EDGE('',*,*,#1298,.F.);
#837=ORIENTED_EDGE('',*,*,#1228,.F.);
#838=ORIENTED_EDGE('',*,*,#1179,.T.);
#839=ORIENTED_EDGE('',*,*,#1203,.T.);
#840=ORIENTED_EDGE('',*,*,#1226,.T.);
#841=ORIENTED_EDGE('',*,*,#1300,.T.);
#842=ORIENTED_EDGE('',*,*,#1256,.T.);
#843=ORIENTED_EDGE('',*,*,#1280,.F.);
#844=ORIENTED_EDGE('',*,*,#1126,.T.);
#845=ORIENTED_EDGE('',*,*,#1155,.T.);
#846=ORIENTED_EDGE('',*,*,#1177,.T.);
#847=ORIENTED_EDGE('',*,*,#1153,.F.);
#848=ORIENTED_EDGE('',*,*,#1124,.T.);
#849=ORIENTED_EDGE('',*,*,#1279,.F.);
#850=ORIENTED_EDGE('',*,*,#1258,.T.);
#851=ORIENTED_EDGE('',*,*,#1301,.T.);
#852=ORIENTED_EDGE('',*,*,#1224,.T.);
#853=ORIENTED_EDGE('',*,*,#1201,.T.);
#854=ORIENTED_EDGE('',*,*,#1301,.F.);
#855=ORIENTED_EDGE('',*,*,#1257,.F.);
#856=ORIENTED_EDGE('',*,*,#1300,.F.);
#857=ORIENTED_EDGE('',*,*,#1225,.F.);
#858=ORIENTED_EDGE('',*,*,#1176,.T.);
#859=ORIENTED_EDGE('',*,*,#1200,.T.);
#860=ORIENTED_EDGE('',*,*,#1223,.T.);
#861=ORIENTED_EDGE('',*,*,#1302,.T.);
#862=ORIENTED_EDGE('',*,*,#1260,.T.);
#863=ORIENTED_EDGE('',*,*,#1278,.F.);
#864=ORIENTED_EDGE('',*,*,#1122,.T.);
#865=ORIENTED_EDGE('',*,*,#1152,.T.);
#866=ORIENTED_EDGE('',*,*,#1174,.T.);
#867=ORIENTED_EDGE('',*,*,#1150,.F.);
#868=ORIENTED_EDGE('',*,*,#1120,.T.);
#869=ORIENTED_EDGE('',*,*,#1277,.F.);
#870=ORIENTED_EDGE('',*,*,#1262,.T.);
#871=ORIENTED_EDGE('',*,*,#1303,.T.);
#872=ORIENTED_EDGE('',*,*,#1221,.T.);
#873=ORIENTED_EDGE('',*,*,#1198,.T.);
#874=ORIENTED_EDGE('',*,*,#1303,.F.);
#875=ORIENTED_EDGE('',*,*,#1261,.F.);
#876=ORIENTED_EDGE('',*,*,#1302,.F.);
#877=ORIENTED_EDGE('',*,*,#1222,.F.);
#878=ORIENTED_EDGE('',*,*,#1218,.T.);
#879=ORIENTED_EDGE('',*,*,#1194,.T.);
#880=ORIENTED_EDGE('',*,*,#1170,.T.);
#881=ORIENTED_EDGE('',*,*,#1146,.T.);
#882=ORIENTED_EDGE('',*,*,#1114,.T.);
#883=ORIENTED_EDGE('',*,*,#1274,.F.);
#884=ORIENTED_EDGE('',*,*,#1266,.T.);
#885=ORIENTED_EDGE('',*,*,#1304,.T.);
#886=ORIENTED_EDGE('',*,*,#1173,.T.);
#887=ORIENTED_EDGE('',*,*,#1197,.T.);
#888=ORIENTED_EDGE('',*,*,#1220,.T.);
#889=ORIENTED_EDGE('',*,*,#1305,.T.);
#890=ORIENTED_EDGE('',*,*,#1264,.T.);
#891=ORIENTED_EDGE('',*,*,#1276,.F.);
#892=ORIENTED_EDGE('',*,*,#1118,.T.);
#893=ORIENTED_EDGE('',*,*,#1149,.T.);
#894=ORIENTED_EDGE('',*,*,#1304,.F.);
#895=ORIENTED_EDGE('',*,*,#1265,.F.);
#896=ORIENTED_EDGE('',*,*,#1305,.F.);
#897=ORIENTED_EDGE('',*,*,#1219,.F.);
#898=EDGE_CURVE('',#1306,#1307,#1578,.T.);
#899=EDGE_CURVE('',#1307,#1308,#1579,.T.);
#900=EDGE_CURVE('',#1309,#1308,#1580,.T.);
#901=EDGE_CURVE('',#1310,#1309,#1581,.T.);
#902=EDGE_CURVE('',#1310,#1311,#1582,.T.);
#903=EDGE_CURVE('',#1311,#1312,#1583,.T.);
#904=EDGE_CURVE('',#1312,#1313,#1584,.T.);
#905=EDGE_CURVE('',#1313,#1306,#1585,.T.);
#906=EDGE_CURVE('',#1314,#1315,#1586,.T.);
#907=EDGE_CURVE('',#1315,#1316,#1587,.T.);
#908=EDGE_CURVE('',#1317,#1316,#1588,.T.);
#909=EDGE_CURVE('',#1317,#1314,#1589,.T.);
#910=EDGE_CURVE('',#1316,#1318,#1590,.T.);
#911=EDGE_CURVE('',#1319,#1318,#1591,.T.);
#912=EDGE_CURVE('',#1319,#1317,#1592,.T.);
#913=EDGE_CURVE('',#1318,#1320,#1593,.T.);
#914=EDGE_CURVE('',#1321,#1320,#1594,.T.);
#915=EDGE_CURVE('',#1321,#1319,#1595,.T.);
#916=EDGE_CURVE('',#1322,#1323,#1596,.T.);
#917=EDGE_CURVE('',#1323,#1324,#1597,.T.);
#918=EDGE_CURVE('',#1325,#1324,#1598,.T.);
#919=EDGE_CURVE('',#1325,#1322,#1599,.T.);
#920=EDGE_CURVE('',#1324,#1326,#1600,.T.);
#921=EDGE_CURVE('',#1327,#1326,#1601,.T.);
#922=EDGE_CURVE('',#1327,#1325,#1602,.T.);
#923=EDGE_CURVE('',#1326,#1328,#1603,.T.);
#924=EDGE_CURVE('',#1329,#1328,#1604,.T.);
#925=EDGE_CURVE('',#1329,#1327,#1605,.T.);
#926=EDGE_CURVE('',#1330,#1331,#1606,.T.);
#927=EDGE_CURVE('',#1331,#1332,#1607,.T.);
#928=EDGE_CURVE('',#1333,#1332,#1608,.T.);
#929=EDGE_CURVE('',#1333,#1330,#1609,.T.);
#930=EDGE_CURVE('',#1332,#1334,#1610,.T.);
#931=EDGE_CURVE('',#1335,#1334,#1611,.T.);
#932=EDGE_CURVE('',#1335,#1333,#1612,.T.);
#933=EDGE_CURVE('',#1334,#1336,#1613,.T.);
#934=EDGE_CURVE('',#1337,#1336,#1614,.T.);
#935=EDGE_CURVE('',#1337,#1335,#1615,.T.);
#936=EDGE_CURVE('',#1338,#1339,#1616,.T.);
#937=EDGE_CURVE('',#1339,#1340,#1617,.T.);
#938=EDGE_CURVE('',#1341,#1340,#1618,.T.);
#939=EDGE_CURVE('',#1341,#1338,#1619,.T.);
#940=EDGE_CURVE('',#1340,#1342,#1620,.T.);
#941=EDGE_CURVE('',#1343,#1342,#1621,.T.);
#942=EDGE_CURVE('',#1343,#1341,#1622,.T.);
#943=EDGE_CURVE('',#1342,#1344,#1623,.T.);
#944=EDGE_CURVE('',#1345,#1344,#1624,.T.);
#945=EDGE_CURVE('',#1345,#1343,#1625,.T.);
#946=EDGE_CURVE('',#1346,#1347,#1626,.T.);
#947=EDGE_CURVE('',#1347,#1348,#1627,.T.);
#948=EDGE_CURVE('',#1349,#1348,#1628,.T.);
#949=EDGE_CURVE('',#1349,#1346,#1629,.T.);
#950=EDGE_CURVE('',#1348,#1350,#1630,.T.);
#951=EDGE_CURVE('',#1351,#1350,#1631,.T.);
#952=EDGE_CURVE('',#1351,#1349,#1632,.T.);
#953=EDGE_CURVE('',#1350,#1352,#1633,.T.);
#954=EDGE_CURVE('',#1353,#1352,#1634,.T.);
#955=EDGE_CURVE('',#1353,#1351,#1635,.T.);
#956=EDGE_CURVE('',#1354,#1355,#1636,.T.);
#957=EDGE_CURVE('',#1355,#1356,#1637,.T.);
#958=EDGE_CURVE('',#1357,#1356,#1638,.T.);
#959=EDGE_CURVE('',#1357,#1354,#1639,.T.);
#960=EDGE_CURVE('',#1356,#1358,#1640,.T.);
#961=EDGE_CURVE('',#1359,#1358,#1641,.T.);
#962=EDGE_CURVE('',#1359,#1357,#1642,.T.);
#963=EDGE_CURVE('',#1358,#1360,#1643,.T.);
#964=EDGE_CURVE('',#1361,#1360,#1644,.T.);
#965=EDGE_CURVE('',#1361,#1359,#1645,.T.);
#966=EDGE_CURVE('',#1362,#1363,#1646,.T.);
#967=EDGE_CURVE('',#1363,#1364,#1647,.T.);
#968=EDGE_CURVE('',#1365,#1364,#1648,.T.);
#969=EDGE_CURVE('',#1365,#1362,#1649,.T.);
#970=EDGE_CURVE('',#1364,#1366,#1650,.T.);
#971=EDGE_CURVE('',#1367,#1366,#1651,.T.);
#972=EDGE_CURVE('',#1367,#1365,#1652,.T.);
#973=EDGE_CURVE('',#1366,#1368,#1653,.T.);
#974=EDGE_CURVE('',#1369,#1368,#1654,.T.);
#975=EDGE_CURVE('',#1369,#1367,#1655,.T.);
#976=EDGE_CURVE('',#1370,#1371,#1656,.T.);
#977=EDGE_CURVE('',#1371,#1372,#1657,.T.);
#978=EDGE_CURVE('',#1373,#1372,#1658,.T.);
#979=EDGE_CURVE('',#1373,#1370,#1659,.T.);
#980=EDGE_CURVE('',#1372,#1374,#1660,.T.);
#981=EDGE_CURVE('',#1375,#1374,#1661,.T.);
#982=EDGE_CURVE('',#1375,#1373,#1662,.T.);
#983=EDGE_CURVE('',#1374,#1376,#1663,.T.);
#984=EDGE_CURVE('',#1377,#1376,#1664,.T.);
#985=EDGE_CURVE('',#1377,#1375,#1665,.T.);
#986=EDGE_CURVE('',#1378,#1379,#1666,.T.);
#987=EDGE_CURVE('',#1379,#1380,#1667,.T.);
#988=EDGE_CURVE('',#1381,#1380,#1668,.T.);
#989=EDGE_CURVE('',#1381,#1378,#1669,.T.);
#990=EDGE_CURVE('',#1380,#1382,#1670,.T.);
#991=EDGE_CURVE('',#1383,#1382,#1671,.T.);
#992=EDGE_CURVE('',#1383,#1381,#1672,.T.);
#993=EDGE_CURVE('',#1382,#1384,#1673,.T.);
#994=EDGE_CURVE('',#1385,#1384,#1674,.T.);
#995=EDGE_CURVE('',#1385,#1383,#1675,.T.);
#996=EDGE_CURVE('',#1386,#1387,#1676,.T.);
#997=EDGE_CURVE('',#1387,#1388,#1677,.T.);
#998=EDGE_CURVE('',#1389,#1388,#1678,.T.);
#999=EDGE_CURVE('',#1389,#1386,#1679,.T.);
#1000=EDGE_CURVE('',#1388,#1390,#1680,.T.);
#1001=EDGE_CURVE('',#1391,#1390,#1681,.T.);
#1002=EDGE_CURVE('',#1391,#1389,#1682,.T.);
#1003=EDGE_CURVE('',#1390,#1392,#1683,.T.);
#1004=EDGE_CURVE('',#1393,#1392,#1684,.T.);
#1005=EDGE_CURVE('',#1393,#1391,#1685,.T.);
#1006=EDGE_CURVE('',#1394,#1395,#1686,.T.);
#1007=EDGE_CURVE('',#1395,#1396,#1687,.T.);
#1008=EDGE_CURVE('',#1397,#1396,#1688,.T.);
#1009=EDGE_CURVE('',#1397,#1394,#1689,.T.);
#1010=EDGE_CURVE('',#1396,#1398,#1690,.T.);
#1011=EDGE_CURVE('',#1399,#1398,#1691,.T.);
#1012=EDGE_CURVE('',#1399,#1397,#1692,.T.);
#1013=EDGE_CURVE('',#1398,#1400,#1693,.T.);
#1014=EDGE_CURVE('',#1401,#1400,#1694,.T.);
#1015=EDGE_CURVE('',#1401,#1399,#1695,.T.);
#1016=EDGE_CURVE('',#1402,#1403,#1696,.T.);
#1017=EDGE_CURVE('',#1403,#1404,#1697,.T.);
#1018=EDGE_CURVE('',#1405,#1404,#1698,.T.);
#1019=EDGE_CURVE('',#1405,#1402,#1699,.T.);
#1020=EDGE_CURVE('',#1404,#1406,#1700,.T.);
#1021=EDGE_CURVE('',#1407,#1406,#1701,.T.);
#1022=EDGE_CURVE('',#1407,#1405,#1702,.T.);
#1023=EDGE_CURVE('',#1406,#1408,#1703,.T.);
#1024=EDGE_CURVE('',#1409,#1408,#1704,.T.);
#1025=EDGE_CURVE('',#1409,#1407,#1705,.T.);
#1026=EDGE_CURVE('',#1410,#1411,#1706,.T.);
#1027=EDGE_CURVE('',#1411,#1412,#1707,.T.);
#1028=EDGE_CURVE('',#1413,#1412,#1708,.T.);
#1029=EDGE_CURVE('',#1413,#1410,#1709,.T.);
#1030=EDGE_CURVE('',#1412,#1414,#1710,.T.);
#1031=EDGE_CURVE('',#1415,#1414,#1711,.T.);
#1032=EDGE_CURVE('',#1415,#1413,#1712,.T.);
#1033=EDGE_CURVE('',#1414,#1416,#1713,.T.);
#1034=EDGE_CURVE('',#1417,#1416,#1714,.T.);
#1035=EDGE_CURVE('',#1417,#1415,#1715,.T.);
#1036=EDGE_CURVE('',#1418,#1419,#1716,.T.);
#1037=EDGE_CURVE('',#1419,#1420,#1717,.T.);
#1038=EDGE_CURVE('',#1421,#1420,#1718,.T.);
#1039=EDGE_CURVE('',#1421,#1418,#1719,.T.);
#1040=EDGE_CURVE('',#1420,#1422,#1720,.T.);
#1041=EDGE_CURVE('',#1423,#1422,#1721,.T.);
#1042=EDGE_CURVE('',#1423,#1421,#1722,.T.);
#1043=EDGE_CURVE('',#1422,#1424,#1723,.T.);
#1044=EDGE_CURVE('',#1425,#1424,#1724,.T.);
#1045=EDGE_CURVE('',#1425,#1423,#1725,.T.);
#1046=EDGE_CURVE('',#1426,#1427,#1726,.T.);
#1047=EDGE_CURVE('',#1427,#1428,#1727,.T.);
#1048=EDGE_CURVE('',#1429,#1428,#1728,.T.);
#1049=EDGE_CURVE('',#1429,#1426,#1729,.T.);
#1050=EDGE_CURVE('',#1428,#1430,#1730,.T.);
#1051=EDGE_CURVE('',#1431,#1430,#1731,.T.);
#1052=EDGE_CURVE('',#1431,#1429,#1732,.T.);
#1053=EDGE_CURVE('',#1430,#1432,#1733,.T.);
#1054=EDGE_CURVE('',#1433,#1432,#1734,.T.);
#1055=EDGE_CURVE('',#1433,#1431,#1735,.T.);
#1056=EDGE_CURVE('',#1434,#1435,#1736,.T.);
#1057=EDGE_CURVE('',#1435,#1436,#1737,.T.);
#1058=EDGE_CURVE('',#1437,#1436,#1738,.T.);
#1059=EDGE_CURVE('',#1437,#1434,#1739,.T.);
#1060=EDGE_CURVE('',#1436,#1438,#1740,.T.);
#1061=EDGE_CURVE('',#1439,#1438,#1741,.T.);
#1062=EDGE_CURVE('',#1439,#1437,#1742,.T.);
#1063=EDGE_CURVE('',#1438,#1440,#1743,.T.);
#1064=EDGE_CURVE('',#1441,#1440,#1744,.T.);
#1065=EDGE_CURVE('',#1441,#1439,#1745,.T.);
#1066=EDGE_CURVE('',#1320,#1315,#1746,.T.);
#1067=EDGE_CURVE('',#1314,#1321,#1747,.T.);
#1068=EDGE_CURVE('',#1328,#1323,#1748,.T.);
#1069=EDGE_CURVE('',#1322,#1329,#1749,.T.);
#1070=EDGE_CURVE('',#1336,#1331,#1750,.T.);
#1071=EDGE_CURVE('',#1330,#1337,#1751,.T.);
#1072=EDGE_CURVE('',#1344,#1339,#1752,.T.);
#1073=EDGE_CURVE('',#1338,#1345,#1753,.T.);
#1074=EDGE_CURVE('',#1352,#1347,#1754,.T.);
#1075=EDGE_CURVE('',#1346,#1353,#1755,.T.);
#1076=EDGE_CURVE('',#1360,#1355,#1756,.T.);
#1077=EDGE_CURVE('',#1354,#1361,#1757,.T.);
#1078=EDGE_CURVE('',#1368,#1363,#1758,.T.);
#1079=EDGE_CURVE('',#1362,#1369,#1759,.T.);
#1080=EDGE_CURVE('',#1376,#1371,#1760,.T.);
#1081=EDGE_CURVE('',#1370,#1377,#1761,.T.);
#1082=EDGE_CURVE('',#1384,#1379,#1762,.T.);
#1083=EDGE_CURVE('',#1378,#1385,#1763,.T.);
#1084=EDGE_CURVE('',#1392,#1387,#1764,.T.);
#1085=EDGE_CURVE('',#1386,#1393,#1765,.T.);
#1086=EDGE_CURVE('',#1400,#1395,#1766,.T.);
#1087=EDGE_CURVE('',#1394,#1401,#1767,.T.);
#1088=EDGE_CURVE('',#1408,#1403,#1768,.T.);
#1089=EDGE_CURVE('',#1402,#1409,#1769,.T.);
#1090=EDGE_CURVE('',#1416,#1411,#1770,.T.);
#1091=EDGE_CURVE('',#1410,#1417,#1771,.T.);
#1092=EDGE_CURVE('',#1424,#1419,#1772,.T.);
#1093=EDGE_CURVE('',#1418,#1425,#1773,.T.);
#1094=EDGE_CURVE('',#1432,#1427,#1774,.T.);
#1095=EDGE_CURVE('',#1426,#1433,#1775,.T.);
#1096=EDGE_CURVE('',#1440,#1435,#1776,.T.);
#1097=EDGE_CURVE('',#1434,#1441,#1777,.T.);
#1098=EDGE_CURVE('',#1442,#1443,#1778,.T.);
#1099=EDGE_CURVE('',#1444,#1442,#1779,.T.);
#1100=EDGE_CURVE('',#1445,#1444,#1780,.T.);
#1101=EDGE_CURVE('',#1445,#1446,#1781,.T.);
#1102=EDGE_CURVE('',#1447,#1446,#1782,.T.);
#1103=EDGE_CURVE('',#1448,#1447,#1783,.T.);
#1104=EDGE_CURVE('',#1448,#1449,#1784,.T.);
#1105=EDGE_CURVE('',#1449,#1443,#1785,.T.);
#1106=EDGE_CURVE('',#1443,#1307,#1786,.T.);
#1107=EDGE_CURVE('',#1308,#1449,#1787,.T.);
#1108=EDGE_CURVE('',#1312,#1445,#1788,.T.);
#1109=EDGE_CURVE('',#1446,#1311,#1789,.T.);
#1110=EDGE_CURVE('',#1447,#1310,#1790,.T.);
#1111=EDGE_CURVE('',#1309,#1448,#1791,.T.);
#1112=EDGE_CURVE('',#1442,#1306,#1792,.T.);
#1113=EDGE_CURVE('',#1444,#1313,#1793,.T.);
#1114=EDGE_CURVE('',#1450,#1451,#1794,.T.);
#1115=EDGE_CURVE('',#1452,#1450,#1795,.T.);
#1116=EDGE_CURVE('',#1453,#1452,#1796,.T.);
#1117=EDGE_CURVE('',#1453,#1451,#1797,.T.);
#1118=EDGE_CURVE('',#1454,#1455,#1798,.T.);
#1119=EDGE_CURVE('',#1454,#1456,#1799,.T.);
#1120=EDGE_CURVE('',#1457,#1456,#1800,.T.);
#1121=EDGE_CURVE('',#1455,#1457,#1801,.T.);
#1122=EDGE_CURVE('',#1458,#1459,#1802,.T.);
#1123=EDGE_CURVE('',#1458,#1460,#1803,.T.);
#1124=EDGE_CURVE('',#1461,#1460,#1804,.T.);
#1125=EDGE_CURVE('',#1459,#1461,#1805,.T.);
#1126=EDGE_CURVE('',#1462,#1463,#1806,.T.);
#1127=EDGE_CURVE('',#1462,#1464,#1807,.T.);
#1128=EDGE_CURVE('',#1465,#1464,#1808,.T.);
#1129=EDGE_CURVE('',#1463,#1465,#1809,.T.);
#1130=EDGE_CURVE('',#1466,#1467,#1810,.T.);
#1131=EDGE_CURVE('',#1466,#1468,#1811,.T.);
#1132=EDGE_CURVE('',#1469,#1468,#1812,.T.);
#1133=EDGE_CURVE('',#1467,#1469,#1813,.T.);
#1134=EDGE_CURVE('',#1470,#1471,#1814,.T.);
#1135=EDGE_CURVE('',#1470,#1472,#1815,.T.);
#1136=EDGE_CURVE('',#1473,#1472,#1816,.T.);
#1137=EDGE_CURVE('',#1471,#1473,#1817,.T.);
#1138=EDGE_CURVE('',#1474,#1475,#1818,.T.);
#1139=EDGE_CURVE('',#1474,#1476,#1819,.T.);
#1140=EDGE_CURVE('',#1477,#1476,#1820,.T.);
#1141=EDGE_CURVE('',#1475,#1477,#1821,.T.);
#1142=EDGE_CURVE('',#1478,#1479,#1822,.T.);
#1143=EDGE_CURVE('',#1478,#1480,#1823,.T.);
#1144=EDGE_CURVE('',#1480,#1481,#1824,.T.);
#1145=EDGE_CURVE('',#1479,#1481,#1825,.T.);
#1146=EDGE_CURVE('',#1482,#1450,#1826,.T.);
#1147=EDGE_CURVE('',#1483,#1482,#1827,.T.);
#1148=EDGE_CURVE('',#1452,#1483,#1828,.T.);
#1149=EDGE_CURVE('',#1455,#1484,#1829,.T.);
#1150=EDGE_CURVE('',#1457,#1485,#1830,.T.);
#1151=EDGE_CURVE('',#1484,#1485,#1831,.T.);
#1152=EDGE_CURVE('',#1459,#1486,#1832,.T.);
#1153=EDGE_CURVE('',#1461,#1487,#1833,.T.);
#1154=EDGE_CURVE('',#1486,#1487,#1834,.T.);
#1155=EDGE_CURVE('',#1463,#1488,#1835,.T.);
#1156=EDGE_CURVE('',#1465,#1489,#1836,.T.);
#1157=EDGE_CURVE('',#1488,#1489,#1837,.T.);
#1158=EDGE_CURVE('',#1467,#1490,#1838,.T.);
#1159=EDGE_CURVE('',#1469,#1491,#1839,.T.);
#1160=EDGE_CURVE('',#1490,#1491,#1840,.T.);
#1161=EDGE_CURVE('',#1471,#1492,#1841,.T.);
#1162=EDGE_CURVE('',#1473,#1493,#1842,.T.);
#1163=EDGE_CURVE('',#1492,#1493,#1843,.T.);
#1164=EDGE_CURVE('',#1475,#1494,#1844,.T.);
#1165=EDGE_CURVE('',#1477,#1495,#1845,.T.);
#1166=EDGE_CURVE('',#1494,#1495,#1846,.T.);
#1167=EDGE_CURVE('',#1479,#1496,#1847,.T.);
#1168=EDGE_CURVE('',#1481,#1497,#1848,.T.);
#1169=EDGE_CURVE('',#1496,#1497,#1849,.T.);
#1170=EDGE_CURVE('',#1498,#1482,#1850,.T.);
#1171=EDGE_CURVE('',#1499,#1498,#1851,.T.);
#1172=EDGE_CURVE('',#1483,#1499,#1852,.T.);
#1173=EDGE_CURVE('',#1484,#1500,#1853,.T.);
#1174=EDGE_CURVE('',#1501,#1485,#1854,.T.);
#1175=EDGE_CURVE('',#1500,#1501,#1855,.T.);
#1176=EDGE_CURVE('',#1486,#1502,#1856,.T.);
#1177=EDGE_CURVE('',#1503,#1487,#1857,.T.);
#1178=EDGE_CURVE('',#1502,#1503,#1858,.T.);
#1179=EDGE_CURVE('',#1488,#1504,#1859,.T.);
#1180=EDGE_CURVE('',#1505,#1489,#1860,.T.);
#1181=EDGE_CURVE('',#1504,#1505,#1861,.T.);
#1182=EDGE_CURVE('',#1490,#1506,#1862,.T.);
#1183=EDGE_CURVE('',#1507,#1491,#1863,.T.);
#1184=EDGE_CURVE('',#1506,#1507,#1864,.T.);
#1185=EDGE_CURVE('',#1492,#1508,#1865,.T.);
#1186=EDGE_CURVE('',#1509,#1493,#1866,.T.);
#1187=EDGE_CURVE('',#1508,#1509,#1867,.T.);
#1188=EDGE_CURVE('',#1494,#1510,#1868,.T.);
#1189=EDGE_CURVE('',#1511,#1495,#1869,.T.);
#1190=EDGE_CURVE('',#1510,#1511,#1870,.T.);
#1191=EDGE_CURVE('',#1496,#1512,#1871,.T.);
#1192=EDGE_CURVE('',#1497,#1513,#1872,.T.);
#1193=EDGE_CURVE('',#1512,#1513,#1873,.T.);
#1194=EDGE_CURVE('',#1514,#1498,#18,.T.);
#1195=EDGE_CURVE('',#1515,#1514,#1874,.T.);
#1196=EDGE_CURVE('',#1499,#1515,#19,.T.);
#1197=EDGE_CURVE('',#1500,#1516,#20,.T.);
#1198=EDGE_CURVE('',#1517,#1501,#21,.T.);
#1199=EDGE_CURVE('',#1516,#1517,#1875,.T.);
#1200=EDGE_CURVE('',#1502,#1518,#22,.T.);
#1201=EDGE_CURVE('',#1519,#1503,#23,.T.);
#1202=EDGE_CURVE('',#1518,#1519,#1876,.T.);
#1203=EDGE_CURVE('',#1504,#1520,#24,.T.);
#1204=EDGE_CURVE('',#1521,#1505,#25,.T.);
#1205=EDGE_CURVE('',#1520,#1521,#1877,.T.);
#1206=EDGE_CURVE('',#1506,#1522,#26,.T.);
#1207=EDGE_CURVE('',#1523,#1507,#27,.T.);
#1208=EDGE_CURVE('',#1522,#1523,#1878,.T.);
#1209=EDGE_CURVE('',#1508,#1524,#28,.T.);
#1210=EDGE_CURVE('',#1525,#1509,#29,.T.);
#1211=EDGE_CURVE('',#1524,#1525,#1879,.T.);
#1212=EDGE_CURVE('',#1510,#1526,#30,.T.);
#1213=EDGE_CURVE('',#1527,#1511,#31,.T.);
#1214=EDGE_CURVE('',#1526,#1527,#1880,.T.);
#1215=EDGE_CURVE('',#1512,#1528,#32,.T.);
#1216=EDGE_CURVE('',#1513,#1529,#33,.T.);
#1217=EDGE_CURVE('',#1528,#1529,#1881,.T.);
#1218=EDGE_CURVE('',#1530,#1514,#1882,.T.);
#1219=EDGE_CURVE('',#1530,#1531,#1883,.T.);
#1220=EDGE_CURVE('',#1516,#1531,#1884,.T.);
#1221=EDGE_CURVE('',#1532,#1517,#1885,.T.);
#1222=EDGE_CURVE('',#1532,#1533,#1886,.T.);
#1223=EDGE_CURVE('',#1518,#1533,#1887,.T.);
#1224=EDGE_CURVE('',#1534,#1519,#1888,.T.);
#1225=EDGE_CURVE('',#1534,#1535,#1889,.T.);
#1226=EDGE_CURVE('',#1520,#1535,#1890,.T.);
#1227=EDGE_CURVE('',#1536,#1521,#1891,.T.);
#1228=EDGE_CURVE('',#1536,#1537,#1892,.T.);
#1229=EDGE_CURVE('',#1522,#1537,#1893,.T.);
#1230=EDGE_CURVE('',#1538,#1523,#1894,.T.);
#1231=EDGE_CURVE('',#1538,#1539,#1895,.T.);
#1232=EDGE_CURVE('',#1524,#1539,#1896,.T.);
#1233=EDGE_CURVE('',#1540,#1525,#1897,.T.);
#1234=EDGE_CURVE('',#1540,#1541,#1898,.T.);
#1235=EDGE_CURVE('',#1526,#1541,#1899,.T.);
#1236=EDGE_CURVE('',#1542,#1527,#1900,.T.);
#1237=EDGE_CURVE('',#1542,#1543,#1901,.T.);
#1238=EDGE_CURVE('',#1528,#1543,#1902,.T.);
#1239=EDGE_CURVE('',#1529,#1544,#1903,.T.);
#1240=EDGE_CURVE('',#1545,#1544,#1904,.T.);
#1241=EDGE_CURVE('',#1515,#1545,#1905,.T.);
#1242=EDGE_CURVE('',#1546,#1547,#1906,.T.);
#1243=EDGE_CURVE('',#1548,#1546,#1907,.T.);
#1244=EDGE_CURVE('',#1549,#1548,#1908,.T.);
#1245=EDGE_CURVE('',#1549,#1550,#1909,.T.);
#1246=EDGE_CURVE('',#1551,#1550,#1910,.T.);
#1247=EDGE_CURVE('',#1552,#1551,#1911,.T.);
#1248=EDGE_CURVE('',#1553,#1552,#1912,.T.);
#1249=EDGE_CURVE('',#1553,#1554,#1913,.T.);
#1250=EDGE_CURVE('',#1555,#1554,#1914,.T.);
#1251=EDGE_CURVE('',#1556,#1555,#1915,.T.);
#1252=EDGE_CURVE('',#1557,#1556,#1916,.T.);
#1253=EDGE_CURVE('',#1557,#1558,#1917,.T.);
#1254=EDGE_CURVE('',#1559,#1558,#1918,.T.);
#1255=EDGE_CURVE('',#1560,#1559,#1919,.T.);
#1256=EDGE_CURVE('',#1561,#1560,#1920,.T.);
#1257=EDGE_CURVE('',#1561,#1562,#1921,.T.);
#1258=EDGE_CURVE('',#1563,#1562,#1922,.T.);
#1259=EDGE_CURVE('',#1564,#1563,#1923,.T.);
#1260=EDGE_CURVE('',#1565,#1564,#1924,.T.);
#1261=EDGE_CURVE('',#1565,#1566,#1925,.T.);
#1262=EDGE_CURVE('',#1567,#1566,#1926,.T.);
#1263=EDGE_CURVE('',#1568,#1567,#1927,.T.);
#1264=EDGE_CURVE('',#1569,#1568,#1928,.T.);
#1265=EDGE_CURVE('',#1569,#1570,#1929,.T.);
#1266=EDGE_CURVE('',#1571,#1570,#1930,.T.);
#1267=EDGE_CURVE('',#1572,#1571,#1931,.T.);
#1268=EDGE_CURVE('',#1573,#1572,#1932,.T.);
#1269=EDGE_CURVE('',#1573,#1574,#1933,.T.);
#1270=EDGE_CURVE('',#1574,#1575,#1934,.T.);
#1271=EDGE_CURVE('',#1576,#1575,#1935,.T.);
#1272=EDGE_CURVE('',#1577,#1576,#1936,.T.);
#1273=EDGE_CURVE('',#1577,#1547,#1937,.T.);
#1274=EDGE_CURVE('',#1571,#1451,#34,.T.);
#1275=EDGE_CURVE('',#1453,#1572,#35,.T.);
#1276=EDGE_CURVE('',#1454,#1568,#36,.T.);
#1277=EDGE_CURVE('',#1567,#1456,#37,.T.);
#1278=EDGE_CURVE('',#1458,#1564,#38,.T.);
#1279=EDGE_CURVE('',#1563,#1460,#39,.T.);
#1280=EDGE_CURVE('',#1462,#1560,#40,.T.);
#1281=EDGE_CURVE('',#1559,#1464,#41,.T.);
#1282=EDGE_CURVE('',#1466,#1556,#42,.T.);
#1283=EDGE_CURVE('',#1555,#1468,#43,.T.);
#1284=EDGE_CURVE('',#1470,#1552,#44,.T.);
#1285=EDGE_CURVE('',#1551,#1472,#45,.T.);
#1286=EDGE_CURVE('',#1474,#1548,#46,.T.);
#1287=EDGE_CURVE('',#1546,#1476,#47,.T.);
#1288=EDGE_CURVE('',#1478,#1576,#48,.T.);
#1289=EDGE_CURVE('',#1480,#1575,#49,.T.);
#1290=EDGE_CURVE('',#1544,#1574,#1938,.T.);
#1291=EDGE_CURVE('',#1545,#1573,#1939,.T.);
#1292=EDGE_CURVE('',#1543,#1577,#1940,.T.);
#1293=EDGE_CURVE('',#1547,#1542,#1941,.T.);
#1294=EDGE_CURVE('',#1541,#1549,#1942,.T.);
#1295=EDGE_CURVE('',#1550,#1540,#1943,.T.);
#1296=EDGE_CURVE('',#1539,#1553,#1944,.T.);
#1297=EDGE_CURVE('',#1554,#1538,#1945,.T.);
#1298=EDGE_CURVE('',#1537,#1557,#1946,.T.);
#1299=EDGE_CURVE('',#1558,#1536,#1947,.T.);
#1300=EDGE_CURVE('',#1535,#1561,#1948,.T.);
#1301=EDGE_CURVE('',#1562,#1534,#1949,.T.);
#1302=EDGE_CURVE('',#1533,#1565,#1950,.T.);
#1303=EDGE_CURVE('',#1566,#1532,#1951,.T.);
#1304=EDGE_CURVE('',#1570,#1530,#1952,.T.);
#1305=EDGE_CURVE('',#1531,#1569,#1953,.T.);
#1306=VERTEX_POINT('',#3871);
#1307=VERTEX_POINT('',#3872);
#1308=VERTEX_POINT('',#3874);
#1309=VERTEX_POINT('',#3876);
#1310=VERTEX_POINT('',#3878);
#1311=VERTEX_POINT('',#3880);
#1312=VERTEX_POINT('',#3882);
#1313=VERTEX_POINT('',#3884);
#1314=VERTEX_POINT('',#3888);
#1315=VERTEX_POINT('',#3889);
#1316=VERTEX_POINT('',#3891);
#1317=VERTEX_POINT('',#3893);
#1318=VERTEX_POINT('',#3897);
#1319=VERTEX_POINT('',#3899);
#1320=VERTEX_POINT('',#3903);
#1321=VERTEX_POINT('',#3905);
#1322=VERTEX_POINT('',#3909);
#1323=VERTEX_POINT('',#3910);
#1324=VERTEX_POINT('',#3912);
#1325=VERTEX_POINT('',#3914);
#1326=VERTEX_POINT('',#3918);
#1327=VERTEX_POINT('',#3920);
#1328=VERTEX_POINT('',#3924);
#1329=VERTEX_POINT('',#3926);
#1330=VERTEX_POINT('',#3930);
#1331=VERTEX_POINT('',#3931);
#1332=VERTEX_POINT('',#3933);
#1333=VERTEX_POINT('',#3935);
#1334=VERTEX_POINT('',#3939);
#1335=VERTEX_POINT('',#3941);
#1336=VERTEX_POINT('',#3945);
#1337=VERTEX_POINT('',#3947);
#1338=VERTEX_POINT('',#3951);
#1339=VERTEX_POINT('',#3952);
#1340=VERTEX_POINT('',#3954);
#1341=VERTEX_POINT('',#3956);
#1342=VERTEX_POINT('',#3960);
#1343=VERTEX_POINT('',#3962);
#1344=VERTEX_POINT('',#3966);
#1345=VERTEX_POINT('',#3968);
#1346=VERTEX_POINT('',#3972);
#1347=VERTEX_POINT('',#3973);
#1348=VERTEX_POINT('',#3975);
#1349=VERTEX_POINT('',#3977);
#1350=VERTEX_POINT('',#3981);
#1351=VERTEX_POINT('',#3983);
#1352=VERTEX_POINT('',#3987);
#1353=VERTEX_POINT('',#3989);
#1354=VERTEX_POINT('',#3993);
#1355=VERTEX_POINT('',#3994);
#1356=VERTEX_POINT('',#3996);
#1357=VERTEX_POINT('',#3998);
#1358=VERTEX_POINT('',#4002);
#1359=VERTEX_POINT('',#4004);
#1360=VERTEX_POINT('',#4008);
#1361=VERTEX_POINT('',#4010);
#1362=VERTEX_POINT('',#4014);
#1363=VERTEX_POINT('',#4015);
#1364=VERTEX_POINT('',#4017);
#1365=VERTEX_POINT('',#4019);
#1366=VERTEX_POINT('',#4023);
#1367=VERTEX_POINT('',#4025);
#1368=VERTEX_POINT('',#4029);
#1369=VERTEX_POINT('',#4031);
#1370=VERTEX_POINT('',#4035);
#1371=VERTEX_POINT('',#4036);
#1372=VERTEX_POINT('',#4038);
#1373=VERTEX_POINT('',#4040);
#1374=VERTEX_POINT('',#4044);
#1375=VERTEX_POINT('',#4046);
#1376=VERTEX_POINT('',#4050);
#1377=VERTEX_POINT('',#4052);
#1378=VERTEX_POINT('',#4056);
#1379=VERTEX_POINT('',#4057);
#1380=VERTEX_POINT('',#4059);
#1381=VERTEX_POINT('',#4061);
#1382=VERTEX_POINT('',#4065);
#1383=VERTEX_POINT('',#4067);
#1384=VERTEX_POINT('',#4071);
#1385=VERTEX_POINT('',#4073);
#1386=VERTEX_POINT('',#4077);
#1387=VERTEX_POINT('',#4078);
#1388=VERTEX_POINT('',#4080);
#1389=VERTEX_POINT('',#4082);
#1390=VERTEX_POINT('',#4086);
#1391=VERTEX_POINT('',#4088);
#1392=VERTEX_POINT('',#4092);
#1393=VERTEX_POINT('',#4094);
#1394=VERTEX_POINT('',#4098);
#1395=VERTEX_POINT('',#4099);
#1396=VERTEX_POINT('',#4101);
#1397=VERTEX_POINT('',#4103);
#1398=VERTEX_POINT('',#4107);
#1399=VERTEX_POINT('',#4109);
#1400=VERTEX_POINT('',#4113);
#1401=VERTEX_POINT('',#4115);
#1402=VERTEX_POINT('',#4119);
#1403=VERTEX_POINT('',#4120);
#1404=VERTEX_POINT('',#4122);
#1405=VERTEX_POINT('',#4124);
#1406=VERTEX_POINT('',#4128);
#1407=VERTEX_POINT('',#4130);
#1408=VERTEX_POINT('',#4134);
#1409=VERTEX_POINT('',#4136);
#1410=VERTEX_POINT('',#4140);
#1411=VERTEX_POINT('',#4141);
#1412=VERTEX_POINT('',#4143);
#1413=VERTEX_POINT('',#4145);
#1414=VERTEX_POINT('',#4149);
#1415=VERTEX_POINT('',#4151);
#1416=VERTEX_POINT('',#4155);
#1417=VERTEX_POINT('',#4157);
#1418=VERTEX_POINT('',#4161);
#1419=VERTEX_POINT('',#4162);
#1420=VERTEX_POINT('',#4164);
#1421=VERTEX_POINT('',#4166);
#1422=VERTEX_POINT('',#4170);
#1423=VERTEX_POINT('',#4172);
#1424=VERTEX_POINT('',#4176);
#1425=VERTEX_POINT('',#4178);
#1426=VERTEX_POINT('',#4182);
#1427=VERTEX_POINT('',#4183);
#1428=VERTEX_POINT('',#4185);
#1429=VERTEX_POINT('',#4187);
#1430=VERTEX_POINT('',#4191);
#1431=VERTEX_POINT('',#4193);
#1432=VERTEX_POINT('',#4197);
#1433=VERTEX_POINT('',#4199);
#1434=VERTEX_POINT('',#4203);
#1435=VERTEX_POINT('',#4204);
#1436=VERTEX_POINT('',#4206);
#1437=VERTEX_POINT('',#4208);
#1438=VERTEX_POINT('',#4212);
#1439=VERTEX_POINT('',#4214);
#1440=VERTEX_POINT('',#4218);
#1441=VERTEX_POINT('',#4220);
#1442=VERTEX_POINT('',#4272);
#1443=VERTEX_POINT('',#4273);
#1444=VERTEX_POINT('',#4275);
#1445=VERTEX_POINT('',#4277);
#1446=VERTEX_POINT('',#4279);
#1447=VERTEX_POINT('',#4281);
#1448=VERTEX_POINT('',#4283);
#1449=VERTEX_POINT('',#4285);
#1450=VERTEX_POINT('',#4306);
#1451=VERTEX_POINT('',#4307);
#1452=VERTEX_POINT('',#4309);
#1453=VERTEX_POINT('',#4311);
#1454=VERTEX_POINT('',#4315);
#1455=VERTEX_POINT('',#4316);
#1456=VERTEX_POINT('',#4318);
#1457=VERTEX_POINT('',#4320);
#1458=VERTEX_POINT('',#4324);
#1459=VERTEX_POINT('',#4325);
#1460=VERTEX_POINT('',#4327);
#1461=VERTEX_POINT('',#4329);
#1462=VERTEX_POINT('',#4333);
#1463=VERTEX_POINT('',#4334);
#1464=VERTEX_POINT('',#4336);
#1465=VERTEX_POINT('',#4338);
#1466=VERTEX_POINT('',#4342);
#1467=VERTEX_POINT('',#4343);
#1468=VERTEX_POINT('',#4345);
#1469=VERTEX_POINT('',#4347);
#1470=VERTEX_POINT('',#4351);
#1471=VERTEX_POINT('',#4352);
#1472=VERTEX_POINT('',#4354);
#1473=VERTEX_POINT('',#4356);
#1474=VERTEX_POINT('',#4360);
#1475=VERTEX_POINT('',#4361);
#1476=VERTEX_POINT('',#4363);
#1477=VERTEX_POINT('',#4365);
#1478=VERTEX_POINT('',#4369);
#1479=VERTEX_POINT('',#4370);
#1480=VERTEX_POINT('',#4372);
#1481=VERTEX_POINT('',#4374);
#1482=VERTEX_POINT('',#4378);
#1483=VERTEX_POINT('',#4380);
#1484=VERTEX_POINT('',#4384);
#1485=VERTEX_POINT('',#4386);
#1486=VERTEX_POINT('',#4390);
#1487=VERTEX_POINT('',#4392);
#1488=VERTEX_POINT('',#4396);
#1489=VERTEX_POINT('',#4398);
#1490=VERTEX_POINT('',#4402);
#1491=VERTEX_POINT('',#4404);
#1492=VERTEX_POINT('',#4408);
#1493=VERTEX_POINT('',#4410);
#1494=VERTEX_POINT('',#4414);
#1495=VERTEX_POINT('',#4416);
#1496=VERTEX_POINT('',#4420);
#1497=VERTEX_POINT('',#4422);
#1498=VERTEX_POINT('',#4426);
#1499=VERTEX_POINT('',#4428);
#1500=VERTEX_POINT('',#4432);
#1501=VERTEX_POINT('',#4434);
#1502=VERTEX_POINT('',#4438);
#1503=VERTEX_POINT('',#4440);
#1504=VERTEX_POINT('',#4444);
#1505=VERTEX_POINT('',#4446);
#1506=VERTEX_POINT('',#4450);
#1507=VERTEX_POINT('',#4452);
#1508=VERTEX_POINT('',#4456);
#1509=VERTEX_POINT('',#4458);
#1510=VERTEX_POINT('',#4462);
#1511=VERTEX_POINT('',#4464);
#1512=VERTEX_POINT('',#4468);
#1513=VERTEX_POINT('',#4470);
#1514=VERTEX_POINT('',#4474);
#1515=VERTEX_POINT('',#4476);
#1516=VERTEX_POINT('',#4480);
#1517=VERTEX_POINT('',#4482);
#1518=VERTEX_POINT('',#4486);
#1519=VERTEX_POINT('',#4488);
#1520=VERTEX_POINT('',#4492);
#1521=VERTEX_POINT('',#4494);
#1522=VERTEX_POINT('',#4498);
#1523=VERTEX_POINT('',#4500);
#1524=VERTEX_POINT('',#4504);
#1525=VERTEX_POINT('',#4506);
#1526=VERTEX_POINT('',#4510);
#1527=VERTEX_POINT('',#4512);
#1528=VERTEX_POINT('',#4516);
#1529=VERTEX_POINT('',#4518);
#1530=VERTEX_POINT('',#4522);
#1531=VERTEX_POINT('',#4524);
#1532=VERTEX_POINT('',#4527);
#1533=VERTEX_POINT('',#4529);
#1534=VERTEX_POINT('',#4532);
#1535=VERTEX_POINT('',#4534);
#1536=VERTEX_POINT('',#4537);
#1537=VERTEX_POINT('',#4539);
#1538=VERTEX_POINT('',#4542);
#1539=VERTEX_POINT('',#4544);
#1540=VERTEX_POINT('',#4547);
#1541=VERTEX_POINT('',#4549);
#1542=VERTEX_POINT('',#4552);
#1543=VERTEX_POINT('',#4554);
#1544=VERTEX_POINT('',#4557);
#1545=VERTEX_POINT('',#4559);
#1546=VERTEX_POINT('',#4563);
#1547=VERTEX_POINT('',#4564);
#1548=VERTEX_POINT('',#4566);
#1549=VERTEX_POINT('',#4568);
#1550=VERTEX_POINT('',#4570);
#1551=VERTEX_POINT('',#4572);
#1552=VERTEX_POINT('',#4574);
#1553=VERTEX_POINT('',#4576);
#1554=VERTEX_POINT('',#4578);
#1555=VERTEX_POINT('',#4580);
#1556=VERTEX_POINT('',#4582);
#1557=VERTEX_POINT('',#4584);
#1558=VERTEX_POINT('',#4586);
#1559=VERTEX_POINT('',#4588);
#1560=VERTEX_POINT('',#4590);
#1561=VERTEX_POINT('',#4592);
#1562=VERTEX_POINT('',#4594);
#1563=VERTEX_POINT('',#4596);
#1564=VERTEX_POINT('',#4598);
#1565=VERTEX_POINT('',#4600);
#1566=VERTEX_POINT('',#4602);
#1567=VERTEX_POINT('',#4604);
#1568=VERTEX_POINT('',#4606);
#1569=VERTEX_POINT('',#4608);
#1570=VERTEX_POINT('',#4610);
#1571=VERTEX_POINT('',#4612);
#1572=VERTEX_POINT('',#4614);
#1573=VERTEX_POINT('',#4616);
#1574=VERTEX_POINT('',#4618);
#1575=VERTEX_POINT('',#4620);
#1576=VERTEX_POINT('',#4622);
#1577=VERTEX_POINT('',#4624);
#1578=LINE('',#3870,#1954);
#1579=LINE('',#3873,#1955);
#1580=LINE('',#3875,#1956);
#1581=LINE('',#3877,#1957);
#1582=LINE('',#3879,#1958);
#1583=LINE('',#3881,#1959);
#1584=LINE('',#3883,#1960);
#1585=LINE('',#3885,#1961);
#1586=LINE('',#3887,#1962);
#1587=LINE('',#3890,#1963);
#1588=LINE('',#3892,#1964);
#1589=LINE('',#3894,#1965);
#1590=LINE('',#3896,#1966);
#1591=LINE('',#3898,#1967);
#1592=LINE('',#3900,#1968);
#1593=LINE('',#3902,#1969);
#1594=LINE('',#3904,#1970);
#1595=LINE('',#3906,#1971);
#1596=LINE('',#3908,#1972);
#1597=LINE('',#3911,#1973);
#1598=LINE('',#3913,#1974);
#1599=LINE('',#3915,#1975);
#1600=LINE('',#3917,#1976);
#1601=LINE('',#3919,#1977);
#1602=LINE('',#3921,#1978);
#1603=LINE('',#3923,#1979);
#1604=LINE('',#3925,#1980);
#1605=LINE('',#3927,#1981);
#1606=LINE('',#3929,#1982);
#1607=LINE('',#3932,#1983);
#1608=LINE('',#3934,#1984);
#1609=LINE('',#3936,#1985);
#1610=LINE('',#3938,#1986);
#1611=LINE('',#3940,#1987);
#1612=LINE('',#3942,#1988);
#1613=LINE('',#3944,#1989);
#1614=LINE('',#3946,#1990);
#1615=LINE('',#3948,#1991);
#1616=LINE('',#3950,#1992);
#1617=LINE('',#3953,#1993);
#1618=LINE('',#3955,#1994);
#1619=LINE('',#3957,#1995);
#1620=LINE('',#3959,#1996);
#1621=LINE('',#3961,#1997);
#1622=LINE('',#3963,#1998);
#1623=LINE('',#3965,#1999);
#1624=LINE('',#3967,#2000);
#1625=LINE('',#3969,#2001);
#1626=LINE('',#3971,#2002);
#1627=LINE('',#3974,#2003);
#1628=LINE('',#3976,#2004);
#1629=LINE('',#3978,#2005);
#1630=LINE('',#3980,#2006);
#1631=LINE('',#3982,#2007);
#1632=LINE('',#3984,#2008);
#1633=LINE('',#3986,#2009);
#1634=LINE('',#3988,#2010);
#1635=LINE('',#3990,#2011);
#1636=LINE('',#3992,#2012);
#1637=LINE('',#3995,#2013);
#1638=LINE('',#3997,#2014);
#1639=LINE('',#3999,#2015);
#1640=LINE('',#4001,#2016);
#1641=LINE('',#4003,#2017);
#1642=LINE('',#4005,#2018);
#1643=LINE('',#4007,#2019);
#1644=LINE('',#4009,#2020);
#1645=LINE('',#4011,#2021);
#1646=LINE('',#4013,#2022);
#1647=LINE('',#4016,#2023);
#1648=LINE('',#4018,#2024);
#1649=LINE('',#4020,#2025);
#1650=LINE('',#4022,#2026);
#1651=LINE('',#4024,#2027);
#1652=LINE('',#4026,#2028);
#1653=LINE('',#4028,#2029);
#1654=LINE('',#4030,#2030);
#1655=LINE('',#4032,#2031);
#1656=LINE('',#4034,#2032);
#1657=LINE('',#4037,#2033);
#1658=LINE('',#4039,#2034);
#1659=LINE('',#4041,#2035);
#1660=LINE('',#4043,#2036);
#1661=LINE('',#4045,#2037);
#1662=LINE('',#4047,#2038);
#1663=LINE('',#4049,#2039);
#1664=LINE('',#4051,#2040);
#1665=LINE('',#4053,#2041);
#1666=LINE('',#4055,#2042);
#1667=LINE('',#4058,#2043);
#1668=LINE('',#4060,#2044);
#1669=LINE('',#4062,#2045);
#1670=LINE('',#4064,#2046);
#1671=LINE('',#4066,#2047);
#1672=LINE('',#4068,#2048);
#1673=LINE('',#4070,#2049);
#1674=LINE('',#4072,#2050);
#1675=LINE('',#4074,#2051);
#1676=LINE('',#4076,#2052);
#1677=LINE('',#4079,#2053);
#1678=LINE('',#4081,#2054);
#1679=LINE('',#4083,#2055);
#1680=LINE('',#4085,#2056);
#1681=LINE('',#4087,#2057);
#1682=LINE('',#4089,#2058);
#1683=LINE('',#4091,#2059);
#1684=LINE('',#4093,#2060);
#1685=LINE('',#4095,#2061);
#1686=LINE('',#4097,#2062);
#1687=LINE('',#4100,#2063);
#1688=LINE('',#4102,#2064);
#1689=LINE('',#4104,#2065);
#1690=LINE('',#4106,#2066);
#1691=LINE('',#4108,#2067);
#1692=LINE('',#4110,#2068);
#1693=LINE('',#4112,#2069);
#1694=LINE('',#4114,#2070);
#1695=LINE('',#4116,#2071);
#1696=LINE('',#4118,#2072);
#1697=LINE('',#4121,#2073);
#1698=LINE('',#4123,#2074);
#1699=LINE('',#4125,#2075);
#1700=LINE('',#4127,#2076);
#1701=LINE('',#4129,#2077);
#1702=LINE('',#4131,#2078);
#1703=LINE('',#4133,#2079);
#1704=LINE('',#4135,#2080);
#1705=LINE('',#4137,#2081);
#1706=LINE('',#4139,#2082);
#1707=LINE('',#4142,#2083);
#1708=LINE('',#4144,#2084);
#1709=LINE('',#4146,#2085);
#1710=LINE('',#4148,#2086);
#1711=LINE('',#4150,#2087);
#1712=LINE('',#4152,#2088);
#1713=LINE('',#4154,#2089);
#1714=LINE('',#4156,#2090);
#1715=LINE('',#4158,#2091);
#1716=LINE('',#4160,#2092);
#1717=LINE('',#4163,#2093);
#1718=LINE('',#4165,#2094);
#1719=LINE('',#4167,#2095);
#1720=LINE('',#4169,#2096);
#1721=LINE('',#4171,#2097);
#1722=LINE('',#4173,#2098);
#1723=LINE('',#4175,#2099);
#1724=LINE('',#4177,#2100);
#1725=LINE('',#4179,#2101);
#1726=LINE('',#4181,#2102);
#1727=LINE('',#4184,#2103);
#1728=LINE('',#4186,#2104);
#1729=LINE('',#4188,#2105);
#1730=LINE('',#4190,#2106);
#1731=LINE('',#4192,#2107);
#1732=LINE('',#4194,#2108);
#1733=LINE('',#4196,#2109);
#1734=LINE('',#4198,#2110);
#1735=LINE('',#4200,#2111);
#1736=LINE('',#4202,#2112);
#1737=LINE('',#4205,#2113);
#1738=LINE('',#4207,#2114);
#1739=LINE('',#4209,#2115);
#1740=LINE('',#4211,#2116);
#1741=LINE('',#4213,#2117);
#1742=LINE('',#4215,#2118);
#1743=LINE('',#4217,#2119);
#1744=LINE('',#4219,#2120);
#1745=LINE('',#4221,#2121);
#1746=LINE('',#4223,#2122);
#1747=LINE('',#4224,#2123);
#1748=LINE('',#4226,#2124);
#1749=LINE('',#4227,#2125);
#1750=LINE('',#4229,#2126);
#1751=LINE('',#4230,#2127);
#1752=LINE('',#4232,#2128);
#1753=LINE('',#4233,#2129);
#1754=LINE('',#4235,#2130);
#1755=LINE('',#4236,#2131);
#1756=LINE('',#4238,#2132);
#1757=LINE('',#4239,#2133);
#1758=LINE('',#4241,#2134);
#1759=LINE('',#4242,#2135);
#1760=LINE('',#4244,#2136);
#1761=LINE('',#4245,#2137);
#1762=LINE('',#4247,#2138);
#1763=LINE('',#4248,#2139);
#1764=LINE('',#4250,#2140);
#1765=LINE('',#4251,#2141);
#1766=LINE('',#4253,#2142);
#1767=LINE('',#4254,#2143);
#1768=LINE('',#4256,#2144);
#1769=LINE('',#4257,#2145);
#1770=LINE('',#4259,#2146);
#1771=LINE('',#4260,#2147);
#1772=LINE('',#4262,#2148);
#1773=LINE('',#4263,#2149);
#1774=LINE('',#4265,#2150);
#1775=LINE('',#4266,#2151);
#1776=LINE('',#4268,#2152);
#1777=LINE('',#4269,#2153);
#1778=LINE('',#4271,#2154);
#1779=LINE('',#4274,#2155);
#1780=LINE('',#4276,#2156);
#1781=LINE('',#4278,#2157);
#1782=LINE('',#4280,#2158);
#1783=LINE('',#4282,#2159);
#1784=LINE('',#4284,#2160);
#1785=LINE('',#4286,#2161);
#1786=LINE('',#4288,#2162);
#1787=LINE('',#4289,#2163);
#1788=LINE('',#4291,#2164);
#1789=LINE('',#4292,#2165);
#1790=LINE('',#4294,#2166);
#1791=LINE('',#4296,#2167);
#1792=LINE('',#4299,#2168);
#1793=LINE('',#4300,#2169);
#1794=LINE('',#4305,#2170);
#1795=LINE('',#4308,#2171);
#1796=LINE('',#4310,#2172);
#1797=LINE('',#4312,#2173);
#1798=LINE('',#4314,#2174);
#1799=LINE('',#4317,#2175);
#1800=LINE('',#4319,#2176);
#1801=LINE('',#4321,#2177);
#1802=LINE('',#4323,#2178);
#1803=LINE('',#4326,#2179);
#1804=LINE('',#4328,#2180);
#1805=LINE('',#4330,#2181);
#1806=LINE('',#4332,#2182);
#1807=LINE('',#4335,#2183);
#1808=LINE('',#4337,#2184);
#1809=LINE('',#4339,#2185);
#1810=LINE('',#4341,#2186);
#1811=LINE('',#4344,#2187);
#1812=LINE('',#4346,#2188);
#1813=LINE('',#4348,#2189);
#1814=LINE('',#4350,#2190);
#1815=LINE('',#4353,#2191);
#1816=LINE('',#4355,#2192);
#1817=LINE('',#4357,#2193);
#1818=LINE('',#4359,#2194);
#1819=LINE('',#4362,#2195);
#1820=LINE('',#4364,#2196);
#1821=LINE('',#4366,#2197);
#1822=LINE('',#4368,#2198);
#1823=LINE('',#4371,#2199);
#1824=LINE('',#4373,#2200);
#1825=LINE('',#4375,#2201);
#1826=LINE('',#4377,#2202);
#1827=LINE('',#4379,#2203);
#1828=LINE('',#4381,#2204);
#1829=LINE('',#4383,#2205);
#1830=LINE('',#4385,#2206);
#1831=LINE('',#4387,#2207);
#1832=LINE('',#4389,#2208);
#1833=LINE('',#4391,#2209);
#1834=LINE('',#4393,#2210);
#1835=LINE('',#4395,#2211);
#1836=LINE('',#4397,#2212);
#1837=LINE('',#4399,#2213);
#1838=LINE('',#4401,#2214);
#1839=LINE('',#4403,#2215);
#1840=LINE('',#4405,#2216);
#1841=LINE('',#4407,#2217);
#1842=LINE('',#4409,#2218);
#1843=LINE('',#4411,#2219);
#1844=LINE('',#4413,#2220);
#1845=LINE('',#4415,#2221);
#1846=LINE('',#4417,#2222);
#1847=LINE('',#4419,#2223);
#1848=LINE('',#4421,#2224);
#1849=LINE('',#4423,#2225);
#1850=LINE('',#4425,#2226);
#1851=LINE('',#4427,#2227);
#1852=LINE('',#4429,#2228);
#1853=LINE('',#4431,#2229);
#1854=LINE('',#4433,#2230);
#1855=LINE('',#4435,#2231);
#1856=LINE('',#4437,#2232);
#1857=LINE('',#4439,#2233);
#1858=LINE('',#4441,#2234);
#1859=LINE('',#4443,#2235);
#1860=LINE('',#4445,#2236);
#1861=LINE('',#4447,#2237);
#1862=LINE('',#4449,#2238);
#1863=LINE('',#4451,#2239);
#1864=LINE('',#4453,#2240);
#1865=LINE('',#4455,#2241);
#1866=LINE('',#4457,#2242);
#1867=LINE('',#4459,#2243);
#1868=LINE('',#4461,#2244);
#1869=LINE('',#4463,#2245);
#1870=LINE('',#4465,#2246);
#1871=LINE('',#4467,#2247);
#1872=LINE('',#4469,#2248);
#1873=LINE('',#4471,#2249);
#1874=LINE('',#4475,#2250);
#1875=LINE('',#4483,#2251);
#1876=LINE('',#4489,#2252);
#1877=LINE('',#4495,#2253);
#1878=LINE('',#4501,#2254);
#1879=LINE('',#4507,#2255);
#1880=LINE('',#4513,#2256);
#1881=LINE('',#4519,#2257);
#1882=LINE('',#4521,#2258);
#1883=LINE('',#4523,#2259);
#1884=LINE('',#4525,#2260);
#1885=LINE('',#4526,#2261);
#1886=LINE('',#4528,#2262);
#1887=LINE('',#4530,#2263);
#1888=LINE('',#4531,#2264);
#1889=LINE('',#4533,#2265);
#1890=LINE('',#4535,#2266);
#1891=LINE('',#4536,#2267);
#1892=LINE('',#4538,#2268);
#1893=LINE('',#4540,#2269);
#1894=LINE('',#4541,#2270);
#1895=LINE('',#4543,#2271);
#1896=LINE('',#4545,#2272);
#1897=LINE('',#4546,#2273);
#1898=LINE('',#4548,#2274);
#1899=LINE('',#4550,#2275);
#1900=LINE('',#4551,#2276);
#1901=LINE('',#4553,#2277);
#1902=LINE('',#4555,#2278);
#1903=LINE('',#4556,#2279);
#1904=LINE('',#4558,#2280);
#1905=LINE('',#4560,#2281);
#1906=LINE('',#4562,#2282);
#1907=LINE('',#4565,#2283);
#1908=LINE('',#4567,#2284);
#1909=LINE('',#4569,#2285);
#1910=LINE('',#4571,#2286);
#1911=LINE('',#4573,#2287);
#1912=LINE('',#4575,#2288);
#1913=LINE('',#4577,#2289);
#1914=LINE('',#4579,#2290);
#1915=LINE('',#4581,#2291);
#1916=LINE('',#4583,#2292);
#1917=LINE('',#4585,#2293);
#1918=LINE('',#4587,#2294);
#1919=LINE('',#4589,#2295);
#1920=LINE('',#4591,#2296);
#1921=LINE('',#4593,#2297);
#1922=LINE('',#4595,#2298);
#1923=LINE('',#4597,#2299);
#1924=LINE('',#4599,#2300);
#1925=LINE('',#4601,#2301);
#1926=LINE('',#4603,#2302);
#1927=LINE('',#4605,#2303);
#1928=LINE('',#4607,#2304);
#1929=LINE('',#4609,#2305);
#1930=LINE('',#4611,#2306);
#1931=LINE('',#4613,#2307);
#1932=LINE('',#4615,#2308);
#1933=LINE('',#4617,#2309);
#1934=LINE('',#4619,#2310);
#1935=LINE('',#4621,#2311);
#1936=LINE('',#4623,#2312);
#1937=LINE('',#4625,#2313);
#1938=LINE('',#4651,#2314);
#1939=LINE('',#4652,#2315);
#1940=LINE('',#4656,#2316);
#1941=LINE('',#4658,#2317);
#1942=LINE('',#4661,#2318);
#1943=LINE('',#4663,#2319);
#1944=LINE('',#4666,#2320);
#1945=LINE('',#4668,#2321);
#1946=LINE('',#4671,#2322);
#1947=LINE('',#4673,#2323);
#1948=LINE('',#4676,#2324);
#1949=LINE('',#4678,#2325);
#1950=LINE('',#4681,#2326);
#1951=LINE('',#4683,#2327);
#1952=LINE('',#4686,#2328);
#1953=LINE('',#4688,#2329);
#1954=VECTOR('',#3144,39.3700787401575);
#1955=VECTOR('',#3145,39.3700787401575);
#1956=VECTOR('',#3146,39.3700787401575);
#1957=VECTOR('',#3147,39.3700787401575);
#1958=VECTOR('',#3148,39.3700787401575);
#1959=VECTOR('',#3149,39.3700787401575);
#1960=VECTOR('',#3150,39.3700787401575);
#1961=VECTOR('',#3151,39.3700787401575);
#1962=VECTOR('',#3154,39.3700787401575);
#1963=VECTOR('',#3155,39.3700787401575);
#1964=VECTOR('',#3156,39.3700787401575);
#1965=VECTOR('',#3157,39.3700787401575);
#1966=VECTOR('',#3160,39.3700787401575);
#1967=VECTOR('',#3161,39.3700787401575);
#1968=VECTOR('',#3162,39.3700787401575);
#1969=VECTOR('',#3165,39.3700787401575);
#1970=VECTOR('',#3166,39.3700787401575);
#1971=VECTOR('',#3167,39.3700787401575);
#1972=VECTOR('',#3170,39.3700787401575);
#1973=VECTOR('',#3171,39.3700787401575);
#1974=VECTOR('',#3172,39.3700787401575);
#1975=VECTOR('',#3173,39.3700787401575);
#1976=VECTOR('',#3176,39.3700787401575);
#1977=VECTOR('',#3177,39.3700787401575);
#1978=VECTOR('',#3178,39.3700787401575);
#1979=VECTOR('',#3181,39.3700787401575);
#1980=VECTOR('',#3182,39.3700787401575);
#1981=VECTOR('',#3183,39.3700787401575);
#1982=VECTOR('',#3186,39.3700787401575);
#1983=VECTOR('',#3187,39.3700787401575);
#1984=VECTOR('',#3188,39.3700787401575);
#1985=VECTOR('',#3189,39.3700787401575);
#1986=VECTOR('',#3192,39.3700787401575);
#1987=VECTOR('',#3193,39.3700787401575);
#1988=VECTOR('',#3194,39.3700787401575);
#1989=VECTOR('',#3197,39.3700787401575);
#1990=VECTOR('',#3198,39.3700787401575);
#1991=VECTOR('',#3199,39.3700787401575);
#1992=VECTOR('',#3202,39.3700787401575);
#1993=VECTOR('',#3203,39.3700787401575);
#1994=VECTOR('',#3204,39.3700787401575);
#1995=VECTOR('',#3205,39.3700787401575);
#1996=VECTOR('',#3208,39.3700787401575);
#1997=VECTOR('',#3209,39.3700787401575);
#1998=VECTOR('',#3210,39.3700787401575);
#1999=VECTOR('',#3213,39.3700787401575);
#2000=VECTOR('',#3214,39.3700787401575);
#2001=VECTOR('',#3215,39.3700787401575);
#2002=VECTOR('',#3218,39.3700787401575);
#2003=VECTOR('',#3219,39.3700787401575);
#2004=VECTOR('',#3220,39.3700787401575);
#2005=VECTOR('',#3221,39.3700787401575);
#2006=VECTOR('',#3224,39.3700787401575);
#2007=VECTOR('',#3225,39.3700787401575);
#2008=VECTOR('',#3226,39.3700787401575);
#2009=VECTOR('',#3229,39.3700787401575);
#2010=VECTOR('',#3230,39.3700787401575);
#2011=VECTOR('',#3231,39.3700787401575);
#2012=VECTOR('',#3234,39.3700787401575);
#2013=VECTOR('',#3235,39.3700787401575);
#2014=VECTOR('',#3236,39.3700787401575);
#2015=VECTOR('',#3237,39.3700787401575);
#2016=VECTOR('',#3240,39.3700787401575);
#2017=VECTOR('',#3241,39.3700787401575);
#2018=VECTOR('',#3242,39.3700787401575);
#2019=VECTOR('',#3245,39.3700787401575);
#2020=VECTOR('',#3246,39.3700787401575);
#2021=VECTOR('',#3247,39.3700787401575);
#2022=VECTOR('',#3250,39.3700787401575);
#2023=VECTOR('',#3251,39.3700787401575);
#2024=VECTOR('',#3252,39.3700787401575);
#2025=VECTOR('',#3253,39.3700787401575);
#2026=VECTOR('',#3256,39.3700787401575);
#2027=VECTOR('',#3257,39.3700787401575);
#2028=VECTOR('',#3258,39.3700787401575);
#2029=VECTOR('',#3261,39.3700787401575);
#2030=VECTOR('',#3262,39.3700787401575);
#2031=VECTOR('',#3263,39.3700787401575);
#2032=VECTOR('',#3266,39.3700787401575);
#2033=VECTOR('',#3267,39.3700787401575);
#2034=VECTOR('',#3268,39.3700787401575);
#2035=VECTOR('',#3269,39.3700787401575);
#2036=VECTOR('',#3272,39.3700787401575);
#2037=VECTOR('',#3273,39.3700787401575);
#2038=VECTOR('',#3274,39.3700787401575);
#2039=VECTOR('',#3277,39.3700787401575);
#2040=VECTOR('',#3278,39.3700787401575);
#2041=VECTOR('',#3279,39.3700787401575);
#2042=VECTOR('',#3282,39.3700787401575);
#2043=VECTOR('',#3283,39.3700787401575);
#2044=VECTOR('',#3284,39.3700787401575);
#2045=VECTOR('',#3285,39.3700787401575);
#2046=VECTOR('',#3288,39.3700787401575);
#2047=VECTOR('',#3289,39.3700787401575);
#2048=VECTOR('',#3290,39.3700787401575);
#2049=VECTOR('',#3293,39.3700787401575);
#2050=VECTOR('',#3294,39.3700787401575);
#2051=VECTOR('',#3295,39.3700787401575);
#2052=VECTOR('',#3298,39.3700787401575);
#2053=VECTOR('',#3299,39.3700787401575);
#2054=VECTOR('',#3300,39.3700787401575);
#2055=VECTOR('',#3301,39.3700787401575);
#2056=VECTOR('',#3304,39.3700787401575);
#2057=VECTOR('',#3305,39.3700787401575);
#2058=VECTOR('',#3306,39.3700787401575);
#2059=VECTOR('',#3309,39.3700787401575);
#2060=VECTOR('',#3310,39.3700787401575);
#2061=VECTOR('',#3311,39.3700787401575);
#2062=VECTOR('',#3314,39.3700787401575);
#2063=VECTOR('',#3315,39.3700787401575);
#2064=VECTOR('',#3316,39.3700787401575);
#2065=VECTOR('',#3317,39.3700787401575);
#2066=VECTOR('',#3320,39.3700787401575);
#2067=VECTOR('',#3321,39.3700787401575);
#2068=VECTOR('',#3322,39.3700787401575);
#2069=VECTOR('',#3325,39.3700787401575);
#2070=VECTOR('',#3326,39.3700787401575);
#2071=VECTOR('',#3327,39.3700787401575);
#2072=VECTOR('',#3330,39.3700787401575);
#2073=VECTOR('',#3331,39.3700787401575);
#2074=VECTOR('',#3332,39.3700787401575);
#2075=VECTOR('',#3333,39.3700787401575);
#2076=VECTOR('',#3336,39.3700787401575);
#2077=VECTOR('',#3337,39.3700787401575);
#2078=VECTOR('',#3338,39.3700787401575);
#2079=VECTOR('',#3341,39.3700787401575);
#2080=VECTOR('',#3342,39.3700787401575);
#2081=VECTOR('',#3343,39.3700787401575);
#2082=VECTOR('',#3346,39.3700787401575);
#2083=VECTOR('',#3347,39.3700787401575);
#2084=VECTOR('',#3348,39.3700787401575);
#2085=VECTOR('',#3349,39.3700787401575);
#2086=VECTOR('',#3352,39.3700787401575);
#2087=VECTOR('',#3353,39.3700787401575);
#2088=VECTOR('',#3354,39.3700787401575);
#2089=VECTOR('',#3357,39.3700787401575);
#2090=VECTOR('',#3358,39.3700787401575);
#2091=VECTOR('',#3359,39.3700787401575);
#2092=VECTOR('',#3362,39.3700787401575);
#2093=VECTOR('',#3363,39.3700787401575);
#2094=VECTOR('',#3364,39.3700787401575);
#2095=VECTOR('',#3365,39.3700787401575);
#2096=VECTOR('',#3368,39.3700787401575);
#2097=VECTOR('',#3369,39.3700787401575);
#2098=VECTOR('',#3370,39.3700787401575);
#2099=VECTOR('',#3373,39.3700787401575);
#2100=VECTOR('',#3374,39.3700787401575);
#2101=VECTOR('',#3375,39.3700787401575);
#2102=VECTOR('',#3378,39.3700787401575);
#2103=VECTOR('',#3379,39.3700787401575);
#2104=VECTOR('',#3380,39.3700787401575);
#2105=VECTOR('',#3381,39.3700787401575);
#2106=VECTOR('',#3384,39.3700787401575);
#2107=VECTOR('',#3385,39.3700787401575);
#2108=VECTOR('',#3386,39.3700787401575);
#2109=VECTOR('',#3389,39.3700787401575);
#2110=VECTOR('',#3390,39.3700787401575);
#2111=VECTOR('',#3391,39.3700787401575);
#2112=VECTOR('',#3394,39.3700787401575);
#2113=VECTOR('',#3395,39.3700787401575);
#2114=VECTOR('',#3396,39.3700787401575);
#2115=VECTOR('',#3397,39.3700787401575);
#2116=VECTOR('',#3400,39.3700787401575);
#2117=VECTOR('',#3401,39.3700787401575);
#2118=VECTOR('',#3402,39.3700787401575);
#2119=VECTOR('',#3405,39.3700787401575);
#2120=VECTOR('',#3406,39.3700787401575);
#2121=VECTOR('',#3407,39.3700787401575);
#2122=VECTOR('',#3410,39.3700787401575);
#2123=VECTOR('',#3411,39.3700787401575);
#2124=VECTOR('',#3414,39.3700787401575);
#2125=VECTOR('',#3415,39.3700787401575);
#2126=VECTOR('',#3418,39.3700787401575);
#2127=VECTOR('',#3419,39.3700787401575);
#2128=VECTOR('',#3422,39.3700787401575);
#2129=VECTOR('',#3423,39.3700787401575);
#2130=VECTOR('',#3426,39.3700787401575);
#2131=VECTOR('',#3427,39.3700787401575);
#2132=VECTOR('',#3430,39.3700787401575);
#2133=VECTOR('',#3431,39.3700787401575);
#2134=VECTOR('',#3434,39.3700787401575);
#2135=VECTOR('',#3435,39.3700787401575);
#2136=VECTOR('',#3438,39.3700787401575);
#2137=VECTOR('',#3439,39.3700787401575);
#2138=VECTOR('',#3442,39.3700787401575);
#2139=VECTOR('',#3443,39.3700787401575);
#2140=VECTOR('',#3446,39.3700787401575);
#2141=VECTOR('',#3447,39.3700787401575);
#2142=VECTOR('',#3450,39.3700787401575);
#2143=VECTOR('',#3451,39.3700787401575);
#2144=VECTOR('',#3454,39.3700787401575);
#2145=VECTOR('',#3455,39.3700787401575);
#2146=VECTOR('',#3458,39.3700787401575);
#2147=VECTOR('',#3459,39.3700787401575);
#2148=VECTOR('',#3462,39.3700787401575);
#2149=VECTOR('',#3463,39.3700787401575);
#2150=VECTOR('',#3466,39.3700787401575);
#2151=VECTOR('',#3467,39.3700787401575);
#2152=VECTOR('',#3470,39.3700787401575);
#2153=VECTOR('',#3471,39.3700787401575);
#2154=VECTOR('',#3474,39.3700787401575);
#2155=VECTOR('',#3475,39.3700787401575);
#2156=VECTOR('',#3476,39.3700787401575);
#2157=VECTOR('',#3477,39.3700787401575);
#2158=VECTOR('',#3478,39.3700787401575);
#2159=VECTOR('',#3479,39.3700787401575);
#2160=VECTOR('',#3480,39.3700787401575);
#2161=VECTOR('',#3481,39.3700787401575);
#2162=VECTOR('',#3484,39.3700787401575);
#2163=VECTOR('',#3485,39.3700787401575);
#2164=VECTOR('',#3488,39.3700787401575);
#2165=VECTOR('',#3489,39.3700787401575);
#2166=VECTOR('',#3492,39.3700787401575);
#2167=VECTOR('',#3495,39.3700787401575);
#2168=VECTOR('',#3500,39.3700787401575);
#2169=VECTOR('',#3501,39.3700787401575);
#2170=VECTOR('',#3510,39.3700787401575);
#2171=VECTOR('',#3511,39.3700787401575);
#2172=VECTOR('',#3512,39.3700787401575);
#2173=VECTOR('',#3513,39.3700787401575);
#2174=VECTOR('',#3516,39.3700787401575);
#2175=VECTOR('',#3517,39.3700787401575);
#2176=VECTOR('',#3518,39.3700787401575);
#2177=VECTOR('',#3519,39.3700787401575);
#2178=VECTOR('',#3522,39.3700787401575);
#2179=VECTOR('',#3523,39.3700787401575);
#2180=VECTOR('',#3524,39.3700787401575);
#2181=VECTOR('',#3525,39.3700787401575);
#2182=VECTOR('',#3528,39.3700787401575);
#2183=VECTOR('',#3529,39.3700787401575);
#2184=VECTOR('',#3530,39.3700787401575);
#2185=VECTOR('',#3531,39.3700787401575);
#2186=VECTOR('',#3534,39.3700787401575);
#2187=VECTOR('',#3535,39.3700787401575);
#2188=VECTOR('',#3536,39.3700787401575);
#2189=VECTOR('',#3537,39.3700787401575);
#2190=VECTOR('',#3540,39.3700787401575);
#2191=VECTOR('',#3541,39.3700787401575);
#2192=VECTOR('',#3542,39.3700787401575);
#2193=VECTOR('',#3543,39.3700787401575);
#2194=VECTOR('',#3546,39.3700787401575);
#2195=VECTOR('',#3547,39.3700787401575);
#2196=VECTOR('',#3548,39.3700787401575);
#2197=VECTOR('',#3549,39.3700787401575);
#2198=VECTOR('',#3552,39.3700787401575);
#2199=VECTOR('',#3553,39.3700787401575);
#2200=VECTOR('',#3554,39.3700787401575);
#2201=VECTOR('',#3555,39.3700787401575);
#2202=VECTOR('',#3558,39.3700787401575);
#2203=VECTOR('',#3559,39.3700787401575);
#2204=VECTOR('',#3560,39.3700787401575);
#2205=VECTOR('',#3563,39.3700787401575);
#2206=VECTOR('',#3564,39.3700787401575);
#2207=VECTOR('',#3565,39.3700787401575);
#2208=VECTOR('',#3568,39.3700787401575);
#2209=VECTOR('',#3569,39.3700787401575);
#2210=VECTOR('',#3570,39.3700787401575);
#2211=VECTOR('',#3573,39.3700787401575);
#2212=VECTOR('',#3574,39.3700787401575);
#2213=VECTOR('',#3575,39.3700787401575);
#2214=VECTOR('',#3578,39.3700787401575);
#2215=VECTOR('',#3579,39.3700787401575);
#2216=VECTOR('',#3580,39.3700787401575);
#2217=VECTOR('',#3583,39.3700787401575);
#2218=VECTOR('',#3584,39.3700787401575);
#2219=VECTOR('',#3585,39.3700787401575);
#2220=VECTOR('',#3588,39.3700787401575);
#2221=VECTOR('',#3589,39.3700787401575);
#2222=VECTOR('',#3590,39.3700787401575);
#2223=VECTOR('',#3593,39.3700787401575);
#2224=VECTOR('',#3594,39.3700787401575);
#2225=VECTOR('',#3595,39.3700787401575);
#2226=VECTOR('',#3598,39.3700787401575);
#2227=VECTOR('',#3599,39.3700787401575);
#2228=VECTOR('',#3600,39.3700787401575);
#2229=VECTOR('',#3603,39.3700787401575);
#2230=VECTOR('',#3604,39.3700787401575);
#2231=VECTOR('',#3605,39.3700787401575);
#2232=VECTOR('',#3608,39.3700787401575);
#2233=VECTOR('',#3609,39.3700787401575);
#2234=VECTOR('',#3610,39.3700787401575);
#2235=VECTOR('',#3613,39.3700787401575);
#2236=VECTOR('',#3614,39.3700787401575);
#2237=VECTOR('',#3615,39.3700787401575);
#2238=VECTOR('',#3618,39.3700787401575);
#2239=VECTOR('',#3619,39.3700787401575);
#2240=VECTOR('',#3620,39.3700787401575);
#2241=VECTOR('',#3623,39.3700787401575);
#2242=VECTOR('',#3624,39.3700787401575);
#2243=VECTOR('',#3625,39.3700787401575);
#2244=VECTOR('',#3628,39.3700787401575);
#2245=VECTOR('',#3629,39.3700787401575);
#2246=VECTOR('',#3630,39.3700787401575);
#2247=VECTOR('',#3633,39.3700787401575);
#2248=VECTOR('',#3634,39.3700787401575);
#2249=VECTOR('',#3635,39.3700787401575);
#2250=VECTOR('',#3640,39.3700787401575);
#2251=VECTOR('',#3649,39.3700787401575);
#2252=VECTOR('',#3656,39.3700787401575);
#2253=VECTOR('',#3663,39.3700787401575);
#2254=VECTOR('',#3670,39.3700787401575);
#2255=VECTOR('',#3677,39.3700787401575);
#2256=VECTOR('',#3684,39.3700787401575);
#2257=VECTOR('',#3691,39.3700787401575);
#2258=VECTOR('',#3694,39.3700787401575);
#2259=VECTOR('',#3695,39.3700787401575);
#2260=VECTOR('',#3696,39.3700787401575);
#2261=VECTOR('',#3697,39.3700787401575);
#2262=VECTOR('',#3698,39.3700787401575);
#2263=VECTOR('',#3699,39.3700787401575);
#2264=VECTOR('',#3700,39.3700787401575);
#2265=VECTOR('',#3701,39.3700787401575);
#2266=VECTOR('',#3702,39.3700787401575);
#2267=VECTOR('',#3703,39.3700787401575);
#2268=VECTOR('',#3704,39.3700787401575);
#2269=VECTOR('',#3705,39.3700787401575);
#2270=VECTOR('',#3706,39.3700787401575);
#2271=VECTOR('',#3707,39.3700787401575);
#2272=VECTOR('',#3708,39.3700787401575);
#2273=VECTOR('',#3709,39.3700787401575);
#2274=VECTOR('',#3710,39.3700787401575);
#2275=VECTOR('',#3711,39.3700787401575);
#2276=VECTOR('',#3712,39.3700787401575);
#2277=VECTOR('',#3713,39.3700787401575);
#2278=VECTOR('',#3714,39.3700787401575);
#2279=VECTOR('',#3715,39.3700787401575);
#2280=VECTOR('',#3716,39.3700787401575);
#2281=VECTOR('',#3717,39.3700787401575);
#2282=VECTOR('',#3720,39.3700787401575);
#2283=VECTOR('',#3721,39.3700787401575);
#2284=VECTOR('',#3722,39.3700787401575);
#2285=VECTOR('',#3723,39.3700787401575);
#2286=VECTOR('',#3724,39.3700787401575);
#2287=VECTOR('',#3725,39.3700787401575);
#2288=VECTOR('',#3726,39.3700787401575);
#2289=VECTOR('',#3727,39.3700787401575);
#2290=VECTOR('',#3728,39.3700787401575);
#2291=VECTOR('',#3729,39.3700787401575);
#2292=VECTOR('',#3730,39.3700787401575);
#2293=VECTOR('',#3731,39.3700787401575);
#2294=VECTOR('',#3732,39.3700787401575);
#2295=VECTOR('',#3733,39.3700787401575);
#2296=VECTOR('',#3734,39.3700787401575);
#2297=VECTOR('',#3735,39.3700787401575);
#2298=VECTOR('',#3736,39.3700787401575);
#2299=VECTOR('',#3737,39.3700787401575);
#2300=VECTOR('',#3738,39.3700787401575);
#2301=VECTOR('',#3739,39.3700787401575);
#2302=VECTOR('',#3740,39.3700787401575);
#2303=VECTOR('',#3741,39.3700787401575);
#2304=VECTOR('',#3742,39.3700787401575);
#2305=VECTOR('',#3743,39.3700787401575);
#2306=VECTOR('',#3744,39.3700787401575);
#2307=VECTOR('',#3745,39.3700787401575);
#2308=VECTOR('',#3746,39.3700787401575);
#2309=VECTOR('',#3747,39.3700787401575);
#2310=VECTOR('',#3748,39.3700787401575);
#2311=VECTOR('',#3749,39.3700787401575);
#2312=VECTOR('',#3750,39.3700787401575);
#2313=VECTOR('',#3751,39.3700787401575);
#2314=VECTOR('',#3802,39.3700787401575);
#2315=VECTOR('',#3803,39.3700787401575);
#2316=VECTOR('',#3810,39.3700787401575);
#2317=VECTOR('',#3813,39.3700787401575);
#2318=VECTOR('',#3818,39.3700787401575);
#2319=VECTOR('',#3821,39.3700787401575);
#2320=VECTOR('',#3826,39.3700787401575);
#2321=VECTOR('',#3829,39.3700787401575);
#2322=VECTOR('',#3834,39.3700787401575);
#2323=VECTOR('',#3837,39.3700787401575);
#2324=VECTOR('',#3842,39.3700787401575);
#2325=VECTOR('',#3845,39.3700787401575);
#2326=VECTOR('',#3850,39.3700787401575);
#2327=VECTOR('',#3853,39.3700787401575);
#2328=VECTOR('',#3858,39.3700787401575);
#2329=VECTOR('',#3861,39.3700787401575);
#2330=EDGE_LOOP('',(#82,#83,#84,#85,#86,#87,#88,#89));
#2331=EDGE_LOOP('',(#90,#91,#92,#93));
#2332=EDGE_LOOP('',(#94,#95,#96,#97));
#2333=EDGE_LOOP('',(#98,#99,#100,#101));
#2334=EDGE_LOOP('',(#102,#103,#104,#105));
#2335=EDGE_LOOP('',(#106,#107,#108,#109));
#2336=EDGE_LOOP('',(#110,#111,#112,#113));
#2337=EDGE_LOOP('',(#114,#115,#116,#117));
#2338=EDGE_LOOP('',(#118,#119,#120,#121));
#2339=EDGE_LOOP('',(#122,#123,#124,#125));
#2340=EDGE_LOOP('',(#126,#127,#128,#129));
#2341=EDGE_LOOP('',(#130,#131,#132,#133));
#2342=EDGE_LOOP('',(#134,#135,#136,#137));
#2343=EDGE_LOOP('',(#138,#139,#140,#141));
#2344=EDGE_LOOP('',(#142,#143,#144,#145));
#2345=EDGE_LOOP('',(#146,#147,#148,#149));
#2346=EDGE_LOOP('',(#150,#151,#152,#153));
#2347=EDGE_LOOP('',(#154,#155,#156,#157));
#2348=EDGE_LOOP('',(#158,#159,#160,#161));
#2349=EDGE_LOOP('',(#162,#163,#164,#165));
#2350=EDGE_LOOP('',(#166,#167,#168,#169));
#2351=EDGE_LOOP('',(#170,#171,#172,#173));
#2352=EDGE_LOOP('',(#174,#175,#176,#177));
#2353=EDGE_LOOP('',(#178,#179,#180,#181));
#2354=EDGE_LOOP('',(#182,#183,#184,#185));
#2355=EDGE_LOOP('',(#186,#187,#188,#189));
#2356=EDGE_LOOP('',(#190,#191,#192,#193));
#2357=EDGE_LOOP('',(#194,#195,#196,#197));
#2358=EDGE_LOOP('',(#198,#199,#200,#201));
#2359=EDGE_LOOP('',(#202,#203,#204,#205));
#2360=EDGE_LOOP('',(#206,#207,#208,#209));
#2361=EDGE_LOOP('',(#210,#211,#212,#213));
#2362=EDGE_LOOP('',(#214,#215,#216,#217));
#2363=EDGE_LOOP('',(#218,#219,#220,#221));
#2364=EDGE_LOOP('',(#222,#223,#224,#225));
#2365=EDGE_LOOP('',(#226,#227,#228,#229));
#2366=EDGE_LOOP('',(#230,#231,#232,#233));
#2367=EDGE_LOOP('',(#234,#235,#236,#237));
#2368=EDGE_LOOP('',(#238,#239,#240,#241));
#2369=EDGE_LOOP('',(#242,#243,#244,#245));
#2370=EDGE_LOOP('',(#246,#247,#248,#249));
#2371=EDGE_LOOP('',(#250,#251,#252,#253));
#2372=EDGE_LOOP('',(#254,#255,#256,#257));
#2373=EDGE_LOOP('',(#258,#259,#260,#261));
#2374=EDGE_LOOP('',(#262,#263,#264,#265));
#2375=EDGE_LOOP('',(#266,#267,#268,#269));
#2376=EDGE_LOOP('',(#270,#271,#272,#273));
#2377=EDGE_LOOP('',(#274,#275,#276,#277));
#2378=EDGE_LOOP('',(#278,#279,#280,#281));
#2379=EDGE_LOOP('',(#282,#283,#284,#285));
#2380=EDGE_LOOP('',(#286,#287,#288,#289));
#2381=EDGE_LOOP('',(#290,#291,#292,#293));
#2382=EDGE_LOOP('',(#294,#295,#296,#297));
#2383=EDGE_LOOP('',(#298,#299,#300,#301));
#2384=EDGE_LOOP('',(#302,#303,#304,#305));
#2385=EDGE_LOOP('',(#306,#307,#308,#309));
#2386=EDGE_LOOP('',(#310,#311,#312,#313));
#2387=EDGE_LOOP('',(#314,#315,#316,#317));
#2388=EDGE_LOOP('',(#318,#319,#320,#321));
#2389=EDGE_LOOP('',(#322,#323,#324,#325));
#2390=EDGE_LOOP('',(#326,#327,#328,#329));
#2391=EDGE_LOOP('',(#330,#331,#332,#333));
#2392=EDGE_LOOP('',(#334,#335,#336,#337));
#2393=EDGE_LOOP('',(#338,#339,#340,#341));
#2394=EDGE_LOOP('',(#342,#343,#344,#345));
#2395=EDGE_LOOP('',(#346,#347,#348,#349,#350,#351,#352,#353));
#2396=EDGE_LOOP('',(#354,#355,#356,#357));
#2397=EDGE_LOOP('',(#358,#359,#360,#361));
#2398=EDGE_LOOP('',(#362,#363,#364,#365));
#2399=EDGE_LOOP('',(#366,#367,#368,#369));
#2400=EDGE_LOOP('',(#370,#371,#372,#373));
#2401=EDGE_LOOP('',(#374,#375,#376,#377));
#2402=EDGE_LOOP('',(#378,#379,#380,#381));
#2403=EDGE_LOOP('',(#382,#383,#384,#385));
#2404=EDGE_LOOP('',(#386,#387,#388,#389));
#2405=EDGE_LOOP('',(#390,#391,#392,#393));
#2406=EDGE_LOOP('',(#394,#395,#396,#397));
#2407=EDGE_LOOP('',(#398,#399,#400,#401));
#2408=EDGE_LOOP('',(#402,#403,#404,#405));
#2409=EDGE_LOOP('',(#406,#407,#408,#409));
#2410=EDGE_LOOP('',(#410,#411,#412,#413));
#2411=EDGE_LOOP('',(#414,#415,#416,#417));
#2412=EDGE_LOOP('',(#418,#419,#420,#421));
#2413=EDGE_LOOP('',(#422,#423,#424,#425));
#2414=EDGE_LOOP('',(#426,#427,#428,#429));
#2415=EDGE_LOOP('',(#430,#431,#432,#433));
#2416=EDGE_LOOP('',(#434,#435,#436,#437));
#2417=EDGE_LOOP('',(#438,#439,#440,#441));
#2418=EDGE_LOOP('',(#442,#443,#444,#445));
#2419=EDGE_LOOP('',(#446,#447,#448,#449));
#2420=EDGE_LOOP('',(#450,#451,#452,#453));
#2421=EDGE_LOOP('',(#454,#455,#456,#457));
#2422=EDGE_LOOP('',(#458,#459,#460,#461));
#2423=EDGE_LOOP('',(#462,#463,#464,#465));
#2424=EDGE_LOOP('',(#466,#467,#468,#469));
#2425=EDGE_LOOP('',(#470,#471,#472,#473));
#2426=EDGE_LOOP('',(#474,#475,#476,#477));
#2427=EDGE_LOOP('',(#478,#479,#480,#481));
#2428=EDGE_LOOP('',(#482,#483,#484,#485));
#2429=EDGE_LOOP('',(#486,#487,#488,#489));
#2430=EDGE_LOOP('',(#490,#491,#492,#493));
#2431=EDGE_LOOP('',(#494,#495,#496,#497));
#2432=EDGE_LOOP('',(#498,#499,#500,#501));
#2433=EDGE_LOOP('',(#502,#503,#504,#505));
#2434=EDGE_LOOP('',(#506,#507,#508,#509));
#2435=EDGE_LOOP('',(#510,#511,#512,#513));
#2436=EDGE_LOOP('',(#514,#515,#516,#517));
#2437=EDGE_LOOP('',(#518,#519,#520,#521));
#2438=EDGE_LOOP('',(#522,#523,#524,#525));
#2439=EDGE_LOOP('',(#526,#527,#528,#529));
#2440=EDGE_LOOP('',(#530,#531,#532,#533));
#2441=EDGE_LOOP('',(#534,#535,#536,#537));
#2442=EDGE_LOOP('',(#538,#539,#540,#541));
#2443=EDGE_LOOP('',(#542,#543,#544,#545));
#2444=EDGE_LOOP('',(#546,#547,#548,#549));
#2445=EDGE_LOOP('',(#550,#551,#552,#553));
#2446=EDGE_LOOP('',(#554,#555,#556,#557));
#2447=EDGE_LOOP('',(#558,#559,#560,#561));
#2448=EDGE_LOOP('',(#562,#563,#564,#565));
#2449=EDGE_LOOP('',(#566,#567,#568,#569));
#2450=EDGE_LOOP('',(#570,#571,#572,#573));
#2451=EDGE_LOOP('',(#574,#575,#576,#577));
#2452=EDGE_LOOP('',(#578,#579,#580,#581));
#2453=EDGE_LOOP('',(#582,#583,#584,#585));
#2454=EDGE_LOOP('',(#586,#587,#588,#589));
#2455=EDGE_LOOP('',(#590,#591,#592,#593));
#2456=EDGE_LOOP('',(#594,#595,#596,#597));
#2457=EDGE_LOOP('',(#598,#599,#600,#601));
#2458=EDGE_LOOP('',(#602,#603,#604,#605));
#2459=EDGE_LOOP('',(#606,#607,#608,#609));
#2460=EDGE_LOOP('',(#610,#611,#612,#613));
#2461=EDGE_LOOP('',(#614,#615,#616,#617));
#2462=EDGE_LOOP('',(#618,#619,#620,#621));
#2463=EDGE_LOOP('',(#622,#623,#624,#625));
#2464=EDGE_LOOP('',(#626,#627,#628,#629));
#2465=EDGE_LOOP('',(#630,#631,#632,#633));
#2466=EDGE_LOOP('',(#634,#635,#636,#637));
#2467=EDGE_LOOP('',(#638,#639,#640,#641));
#2468=EDGE_LOOP('',(#642,#643,#644,#645,#646,#647,#648,#649,#650,#651,#652,
#653,#654,#655,#656,#657,#658,#659,#660,#661,#662,#663,#664,#665,#666,#667,
#668,#669,#670,#671,#672,#673));
#2469=EDGE_LOOP('',(#674,#675,#676,#677,#678,#679,#680,#681,#682,#683,#684,
#685,#686,#687,#688,#689,#690,#691,#692,#693,#694,#695,#696,#697,#698,#699,
#700,#701,#702,#703,#704,#705));
#2470=EDGE_LOOP('',(#706,#707,#708,#709));
#2471=EDGE_LOOP('',(#710,#711,#712,#713));
#2472=EDGE_LOOP('',(#714,#715,#716,#717));
#2473=EDGE_LOOP('',(#718,#719,#720,#721));
#2474=EDGE_LOOP('',(#722,#723,#724,#725));
#2475=EDGE_LOOP('',(#726,#727,#728,#729));
#2476=EDGE_LOOP('',(#730,#731,#732,#733));
#2477=EDGE_LOOP('',(#734,#735,#736,#737));
#2478=EDGE_LOOP('',(#738,#739,#740,#741));
#2479=EDGE_LOOP('',(#742,#743,#744,#745,#746,#747,#748,#749));
#2480=EDGE_LOOP('',(#750,#751,#752,#753,#754,#755,#756,#757));
#2481=EDGE_LOOP('',(#758,#759,#760,#761,#762,#763,#764,#765));
#2482=EDGE_LOOP('',(#766,#767,#768,#769,#770,#771,#772,#773));
#2483=EDGE_LOOP('',(#774,#775,#776,#777));
#2484=EDGE_LOOP('',(#778,#779,#780,#781,#782,#783,#784,#785));
#2485=EDGE_LOOP('',(#786,#787,#788,#789,#790,#791,#792,#793));
#2486=EDGE_LOOP('',(#794,#795,#796,#797));
#2487=EDGE_LOOP('',(#798,#799,#800,#801,#802,#803,#804,#805));
#2488=EDGE_LOOP('',(#806,#807,#808,#809,#810,#811,#812,#813));
#2489=EDGE_LOOP('',(#814,#815,#816,#817));
#2490=EDGE_LOOP('',(#818,#819,#820,#821,#822,#823,#824,#825));
#2491=EDGE_LOOP('',(#826,#827,#828,#829,#830,#831,#832,#833));
#2492=EDGE_LOOP('',(#834,#835,#836,#837));
#2493=EDGE_LOOP('',(#838,#839,#840,#841,#842,#843,#844,#845));
#2494=EDGE_LOOP('',(#846,#847,#848,#849,#850,#851,#852,#853));
#2495=EDGE_LOOP('',(#854,#855,#856,#857));
#2496=EDGE_LOOP('',(#858,#859,#860,#861,#862,#863,#864,#865));
#2497=EDGE_LOOP('',(#866,#867,#868,#869,#870,#871,#872,#873));
#2498=EDGE_LOOP('',(#874,#875,#876,#877));
#2499=EDGE_LOOP('',(#878,#879,#880,#881,#882,#883,#884,#885));
#2500=EDGE_LOOP('',(#886,#887,#888,#889,#890,#891,#892,#893));
#2501=EDGE_LOOP('',(#894,#895,#896,#897));
#2502=FACE_BOUND('',#2330,.T.);
#2503=FACE_BOUND('',#2331,.T.);
#2504=FACE_BOUND('',#2332,.T.);
#2505=FACE_BOUND('',#2333,.T.);
#2506=FACE_BOUND('',#2334,.T.);
#2507=FACE_BOUND('',#2335,.T.);
#2508=FACE_BOUND('',#2336,.T.);
#2509=FACE_BOUND('',#2337,.T.);
#2510=FACE_BOUND('',#2338,.T.);
#2511=FACE_BOUND('',#2339,.T.);
#2512=FACE_BOUND('',#2340,.T.);
#2513=FACE_BOUND('',#2341,.T.);
#2514=FACE_BOUND('',#2342,.T.);
#2515=FACE_BOUND('',#2343,.T.);
#2516=FACE_BOUND('',#2344,.T.);
#2517=FACE_BOUND('',#2345,.T.);
#2518=FACE_BOUND('',#2346,.T.);
#2519=FACE_BOUND('',#2347,.T.);
#2520=FACE_BOUND('',#2348,.T.);
#2521=FACE_BOUND('',#2349,.T.);
#2522=FACE_BOUND('',#2350,.T.);
#2523=FACE_BOUND('',#2351,.T.);
#2524=FACE_BOUND('',#2352,.T.);
#2525=FACE_BOUND('',#2353,.T.);
#2526=FACE_BOUND('',#2354,.T.);
#2527=FACE_BOUND('',#2355,.T.);
#2528=FACE_BOUND('',#2356,.T.);
#2529=FACE_BOUND('',#2357,.T.);
#2530=FACE_BOUND('',#2358,.T.);
#2531=FACE_BOUND('',#2359,.T.);
#2532=FACE_BOUND('',#2360,.T.);
#2533=FACE_BOUND('',#2361,.T.);
#2534=FACE_BOUND('',#2362,.T.);
#2535=FACE_BOUND('',#2363,.T.);
#2536=FACE_BOUND('',#2364,.T.);
#2537=FACE_BOUND('',#2365,.T.);
#2538=FACE_BOUND('',#2366,.T.);
#2539=FACE_BOUND('',#2367,.T.);
#2540=FACE_BOUND('',#2368,.T.);
#2541=FACE_BOUND('',#2369,.T.);
#2542=FACE_BOUND('',#2370,.T.);
#2543=FACE_BOUND('',#2371,.T.);
#2544=FACE_BOUND('',#2372,.T.);
#2545=FACE_BOUND('',#2373,.T.);
#2546=FACE_BOUND('',#2374,.T.);
#2547=FACE_BOUND('',#2375,.T.);
#2548=FACE_BOUND('',#2376,.T.);
#2549=FACE_BOUND('',#2377,.T.);
#2550=FACE_BOUND('',#2378,.T.);
#2551=FACE_BOUND('',#2379,.T.);
#2552=FACE_BOUND('',#2380,.T.);
#2553=FACE_BOUND('',#2381,.T.);
#2554=FACE_BOUND('',#2382,.T.);
#2555=FACE_BOUND('',#2383,.T.);
#2556=FACE_BOUND('',#2384,.T.);
#2557=FACE_BOUND('',#2385,.T.);
#2558=FACE_BOUND('',#2386,.T.);
#2559=FACE_BOUND('',#2387,.T.);
#2560=FACE_BOUND('',#2388,.T.);
#2561=FACE_BOUND('',#2389,.T.);
#2562=FACE_BOUND('',#2390,.T.);
#2563=FACE_BOUND('',#2391,.T.);
#2564=FACE_BOUND('',#2392,.T.);
#2565=FACE_BOUND('',#2393,.T.);
#2566=FACE_BOUND('',#2394,.T.);
#2567=FACE_BOUND('',#2395,.T.);
#2568=FACE_BOUND('',#2396,.T.);
#2569=FACE_BOUND('',#2397,.T.);
#2570=FACE_BOUND('',#2398,.T.);
#2571=FACE_BOUND('',#2399,.T.);
#2572=FACE_BOUND('',#2400,.T.);
#2573=FACE_BOUND('',#2401,.T.);
#2574=FACE_BOUND('',#2402,.T.);
#2575=FACE_BOUND('',#2403,.T.);
#2576=FACE_BOUND('',#2404,.T.);
#2577=FACE_BOUND('',#2405,.T.);
#2578=FACE_BOUND('',#2406,.T.);
#2579=FACE_BOUND('',#2407,.T.);
#2580=FACE_BOUND('',#2408,.T.);
#2581=FACE_BOUND('',#2409,.T.);
#2582=FACE_BOUND('',#2410,.T.);
#2583=FACE_BOUND('',#2411,.T.);
#2584=FACE_BOUND('',#2412,.T.);
#2585=FACE_BOUND('',#2413,.T.);
#2586=FACE_BOUND('',#2414,.T.);
#2587=FACE_BOUND('',#2415,.T.);
#2588=FACE_BOUND('',#2416,.T.);
#2589=FACE_BOUND('',#2417,.T.);
#2590=FACE_BOUND('',#2418,.T.);
#2591=FACE_BOUND('',#2419,.T.);
#2592=FACE_BOUND('',#2420,.T.);
#2593=FACE_BOUND('',#2421,.T.);
#2594=FACE_BOUND('',#2422,.T.);
#2595=FACE_BOUND('',#2423,.T.);
#2596=FACE_BOUND('',#2424,.T.);
#2597=FACE_BOUND('',#2425,.T.);
#2598=FACE_BOUND('',#2426,.T.);
#2599=FACE_BOUND('',#2427,.T.);
#2600=FACE_BOUND('',#2428,.T.);
#2601=FACE_BOUND('',#2429,.T.);
#2602=FACE_BOUND('',#2430,.T.);
#2603=FACE_BOUND('',#2431,.T.);
#2604=FACE_BOUND('',#2432,.T.);
#2605=FACE_BOUND('',#2433,.T.);
#2606=FACE_BOUND('',#2434,.T.);
#2607=FACE_BOUND('',#2435,.T.);
#2608=FACE_BOUND('',#2436,.T.);
#2609=FACE_BOUND('',#2437,.T.);
#2610=FACE_BOUND('',#2438,.T.);
#2611=FACE_BOUND('',#2439,.T.);
#2612=FACE_BOUND('',#2440,.T.);
#2613=FACE_BOUND('',#2441,.T.);
#2614=FACE_BOUND('',#2442,.T.);
#2615=FACE_BOUND('',#2443,.T.);
#2616=FACE_BOUND('',#2444,.T.);
#2617=FACE_BOUND('',#2445,.T.);
#2618=FACE_BOUND('',#2446,.T.);
#2619=FACE_BOUND('',#2447,.T.);
#2620=FACE_BOUND('',#2448,.T.);
#2621=FACE_BOUND('',#2449,.T.);
#2622=FACE_BOUND('',#2450,.T.);
#2623=FACE_BOUND('',#2451,.T.);
#2624=FACE_BOUND('',#2452,.T.);
#2625=FACE_BOUND('',#2453,.T.);
#2626=FACE_BOUND('',#2454,.T.);
#2627=FACE_BOUND('',#2455,.T.);
#2628=FACE_BOUND('',#2456,.T.);
#2629=FACE_BOUND('',#2457,.T.);
#2630=FACE_BOUND('',#2458,.T.);
#2631=FACE_BOUND('',#2459,.T.);
#2632=FACE_BOUND('',#2460,.T.);
#2633=FACE_BOUND('',#2461,.T.);
#2634=FACE_BOUND('',#2462,.T.);
#2635=FACE_BOUND('',#2463,.T.);
#2636=FACE_BOUND('',#2464,.T.);
#2637=FACE_BOUND('',#2465,.T.);
#2638=FACE_BOUND('',#2466,.T.);
#2639=FACE_BOUND('',#2467,.T.);
#2640=FACE_BOUND('',#2468,.T.);
#2641=FACE_BOUND('',#2469,.T.);
#2642=FACE_BOUND('',#2470,.T.);
#2643=FACE_BOUND('',#2471,.T.);
#2644=FACE_BOUND('',#2472,.T.);
#2645=FACE_BOUND('',#2473,.T.);
#2646=FACE_BOUND('',#2474,.T.);
#2647=FACE_BOUND('',#2475,.T.);
#2648=FACE_BOUND('',#2476,.T.);
#2649=FACE_BOUND('',#2477,.T.);
#2650=FACE_BOUND('',#2478,.T.);
#2651=FACE_BOUND('',#2479,.T.);
#2652=FACE_BOUND('',#2480,.T.);
#2653=FACE_BOUND('',#2481,.T.);
#2654=FACE_BOUND('',#2482,.T.);
#2655=FACE_BOUND('',#2483,.T.);
#2656=FACE_BOUND('',#2484,.T.);
#2657=FACE_BOUND('',#2485,.T.);
#2658=FACE_BOUND('',#2486,.T.);
#2659=FACE_BOUND('',#2487,.T.);
#2660=FACE_BOUND('',#2488,.T.);
#2661=FACE_BOUND('',#2489,.T.);
#2662=FACE_BOUND('',#2490,.T.);
#2663=FACE_BOUND('',#2491,.T.);
#2664=FACE_BOUND('',#2492,.T.);
#2665=FACE_BOUND('',#2493,.T.);
#2666=FACE_BOUND('',#2494,.T.);
#2667=FACE_BOUND('',#2495,.T.);
#2668=FACE_BOUND('',#2496,.T.);
#2669=FACE_BOUND('',#2497,.T.);
#2670=FACE_BOUND('',#2498,.T.);
#2671=FACE_BOUND('',#2499,.T.);
#2672=FACE_BOUND('',#2500,.T.);
#2673=FACE_BOUND('',#2501,.T.);
#2674=PLANE('',#2965);
#2675=PLANE('',#2966);
#2676=PLANE('',#2967);
#2677=PLANE('',#2968);
#2678=PLANE('',#2969);
#2679=PLANE('',#2970);
#2680=PLANE('',#2971);
#2681=PLANE('',#2972);
#2682=PLANE('',#2973);
#2683=PLANE('',#2974);
#2684=PLANE('',#2975);
#2685=PLANE('',#2976);
#2686=PLANE('',#2977);
#2687=PLANE('',#2978);
#2688=PLANE('',#2979);
#2689=PLANE('',#2980);
#2690=PLANE('',#2981);
#2691=PLANE('',#2982);
#2692=PLANE('',#2983);
#2693=PLANE('',#2984);
#2694=PLANE('',#2985);
#2695=PLANE('',#2986);
#2696=PLANE('',#2987);
#2697=PLANE('',#2988);
#2698=PLANE('',#2989);
#2699=PLANE('',#2990);
#2700=PLANE('',#2991);
#2701=PLANE('',#2992);
#2702=PLANE('',#2993);
#2703=PLANE('',#2994);
#2704=PLANE('',#2995);
#2705=PLANE('',#2996);
#2706=PLANE('',#2997);
#2707=PLANE('',#2998);
#2708=PLANE('',#2999);
#2709=PLANE('',#3000);
#2710=PLANE('',#3001);
#2711=PLANE('',#3002);
#2712=PLANE('',#3003);
#2713=PLANE('',#3004);
#2714=PLANE('',#3005);
#2715=PLANE('',#3006);
#2716=PLANE('',#3007);
#2717=PLANE('',#3008);
#2718=PLANE('',#3009);
#2719=PLANE('',#3010);
#2720=PLANE('',#3011);
#2721=PLANE('',#3012);
#2722=PLANE('',#3013);
#2723=PLANE('',#3014);
#2724=PLANE('',#3015);
#2725=PLANE('',#3016);
#2726=PLANE('',#3017);
#2727=PLANE('',#3018);
#2728=PLANE('',#3019);
#2729=PLANE('',#3020);
#2730=PLANE('',#3021);
#2731=PLANE('',#3022);
#2732=PLANE('',#3023);
#2733=PLANE('',#3024);
#2734=PLANE('',#3025);
#2735=PLANE('',#3026);
#2736=PLANE('',#3027);
#2737=PLANE('',#3028);
#2738=PLANE('',#3029);
#2739=PLANE('',#3030);
#2740=PLANE('',#3031);
#2741=PLANE('',#3032);
#2742=PLANE('',#3033);
#2743=PLANE('',#3034);
#2744=PLANE('',#3035);
#2745=PLANE('',#3036);
#2746=PLANE('',#3037);
#2747=PLANE('',#3038);
#2748=PLANE('',#3040);
#2749=PLANE('',#3041);
#2750=PLANE('',#3042);
#2751=PLANE('',#3043);
#2752=PLANE('',#3044);
#2753=PLANE('',#3045);
#2754=PLANE('',#3046);
#2755=PLANE('',#3047);
#2756=PLANE('',#3048);
#2757=PLANE('',#3049);
#2758=PLANE('',#3050);
#2759=PLANE('',#3051);
#2760=PLANE('',#3052);
#2761=PLANE('',#3053);
#2762=PLANE('',#3054);
#2763=PLANE('',#3055);
#2764=PLANE('',#3056);
#2765=PLANE('',#3057);
#2766=PLANE('',#3058);
#2767=PLANE('',#3059);
#2768=PLANE('',#3060);
#2769=PLANE('',#3061);
#2770=PLANE('',#3062);
#2771=PLANE('',#3063);
#2772=PLANE('',#3088);
#2773=PLANE('',#3089);
#2774=PLANE('',#3114);
#2775=PLANE('',#3115);
#2776=PLANE('',#3116);
#2777=PLANE('',#3117);
#2778=PLANE('',#3118);
#2779=PLANE('',#3119);
#2780=PLANE('',#3120);
#2781=PLANE('',#3121);
#2782=PLANE('',#3122);
#2783=PLANE('',#3123);
#2784=PLANE('',#3124);
#2785=PLANE('',#3125);
#2786=PLANE('',#3126);
#2787=PLANE('',#3127);
#2788=PLANE('',#3128);
#2789=PLANE('',#3129);
#2790=PLANE('',#3130);
#2791=PLANE('',#3131);
#2792=PLANE('',#3132);
#2793=PLANE('',#3133);
#2794=PLANE('',#3134);
#2795=PLANE('',#3135);
#2796=PLANE('',#3136);
#2797=PLANE('',#3137);
#2798=ADVANCED_FACE('',(#2502),#2674,.F.);
#2799=ADVANCED_FACE('',(#2503),#2675,.T.);
#2800=ADVANCED_FACE('',(#2504),#2676,.T.);
#2801=ADVANCED_FACE('',(#2505),#2677,.T.);
#2802=ADVANCED_FACE('',(#2506),#2678,.T.);
#2803=ADVANCED_FACE('',(#2507),#2679,.T.);
#2804=ADVANCED_FACE('',(#2508),#2680,.T.);
#2805=ADVANCED_FACE('',(#2509),#2681,.T.);
#2806=ADVANCED_FACE('',(#2510),#2682,.T.);
#2807=ADVANCED_FACE('',(#2511),#2683,.T.);
#2808=ADVANCED_FACE('',(#2512),#2684,.T.);
#2809=ADVANCED_FACE('',(#2513),#2685,.T.);
#2810=ADVANCED_FACE('',(#2514),#2686,.T.);
#2811=ADVANCED_FACE('',(#2515),#2687,.T.);
#2812=ADVANCED_FACE('',(#2516),#2688,.T.);
#2813=ADVANCED_FACE('',(#2517),#2689,.T.);
#2814=ADVANCED_FACE('',(#2518),#2690,.T.);
#2815=ADVANCED_FACE('',(#2519),#2691,.T.);
#2816=ADVANCED_FACE('',(#2520),#2692,.T.);
#2817=ADVANCED_FACE('',(#2521),#2693,.T.);
#2818=ADVANCED_FACE('',(#2522),#2694,.T.);
#2819=ADVANCED_FACE('',(#2523),#2695,.T.);
#2820=ADVANCED_FACE('',(#2524),#2696,.T.);
#2821=ADVANCED_FACE('',(#2525),#2697,.T.);
#2822=ADVANCED_FACE('',(#2526),#2698,.T.);
#2823=ADVANCED_FACE('',(#2527),#2699,.T.);
#2824=ADVANCED_FACE('',(#2528),#2700,.T.);
#2825=ADVANCED_FACE('',(#2529),#2701,.T.);
#2826=ADVANCED_FACE('',(#2530),#2702,.T.);
#2827=ADVANCED_FACE('',(#2531),#2703,.T.);
#2828=ADVANCED_FACE('',(#2532),#2704,.T.);
#2829=ADVANCED_FACE('',(#2533),#2705,.T.);
#2830=ADVANCED_FACE('',(#2534),#2706,.T.);
#2831=ADVANCED_FACE('',(#2535),#2707,.T.);
#2832=ADVANCED_FACE('',(#2536),#2708,.T.);
#2833=ADVANCED_FACE('',(#2537),#2709,.T.);
#2834=ADVANCED_FACE('',(#2538),#2710,.T.);
#2835=ADVANCED_FACE('',(#2539),#2711,.T.);
#2836=ADVANCED_FACE('',(#2540),#2712,.T.);
#2837=ADVANCED_FACE('',(#2541),#2713,.T.);
#2838=ADVANCED_FACE('',(#2542),#2714,.T.);
#2839=ADVANCED_FACE('',(#2543),#2715,.T.);
#2840=ADVANCED_FACE('',(#2544),#2716,.T.);
#2841=ADVANCED_FACE('',(#2545),#2717,.T.);
#2842=ADVANCED_FACE('',(#2546),#2718,.T.);
#2843=ADVANCED_FACE('',(#2547),#2719,.T.);
#2844=ADVANCED_FACE('',(#2548),#2720,.T.);
#2845=ADVANCED_FACE('',(#2549),#2721,.T.);
#2846=ADVANCED_FACE('',(#2550),#2722,.T.);
#2847=ADVANCED_FACE('',(#2551),#2723,.T.);
#2848=ADVANCED_FACE('',(#2552),#2724,.T.);
#2849=ADVANCED_FACE('',(#2553),#2725,.T.);
#2850=ADVANCED_FACE('',(#2554),#2726,.T.);
#2851=ADVANCED_FACE('',(#2555),#2727,.T.);
#2852=ADVANCED_FACE('',(#2556),#2728,.T.);
#2853=ADVANCED_FACE('',(#2557),#2729,.T.);
#2854=ADVANCED_FACE('',(#2558),#2730,.T.);
#2855=ADVANCED_FACE('',(#2559),#2731,.T.);
#2856=ADVANCED_FACE('',(#2560),#2732,.T.);
#2857=ADVANCED_FACE('',(#2561),#2733,.T.);
#2858=ADVANCED_FACE('',(#2562),#2734,.T.);
#2859=ADVANCED_FACE('',(#2563),#2735,.T.);
#2860=ADVANCED_FACE('',(#2564),#2736,.T.);
#2861=ADVANCED_FACE('',(#2565),#2737,.T.);
#2862=ADVANCED_FACE('',(#2566),#2738,.T.);
#2863=ADVANCED_FACE('',(#2567),#2739,.F.);
#2864=ADVANCED_FACE('',(#2568),#2740,.F.);
#2865=ADVANCED_FACE('',(#2569),#2741,.F.);
#2866=ADVANCED_FACE('',(#2570),#2742,.F.);
#2867=ADVANCED_FACE('',(#2571),#2743,.F.);
#2868=ADVANCED_FACE('',(#2572,#2573,#2574,#2575,#2576,#2577,#2578,#2579,
#2580,#2581,#2582,#2583,#2584,#2585,#2586,#2587,#2588),#2744,.T.);
#2869=ADVANCED_FACE('',(#2589,#2590,#2591,#2592,#2593,#2594,#2595,#2596,
#2597,#2598,#2599,#2600,#2601,#2602,#2603,#2604,#2605),#2745,.T.);
#2870=ADVANCED_FACE('',(#2606),#2746,.T.);
#2871=ADVANCED_FACE('',(#2607),#2747,.T.);
#2872=ADVANCED_FACE('',(#2608),#2748,.F.);
#2873=ADVANCED_FACE('',(#2609),#2749,.F.);
#2874=ADVANCED_FACE('',(#2610),#2750,.F.);
#2875=ADVANCED_FACE('',(#2611),#2751,.F.);
#2876=ADVANCED_FACE('',(#2612),#2752,.F.);
#2877=ADVANCED_FACE('',(#2613),#2753,.F.);
#2878=ADVANCED_FACE('',(#2614),#2754,.F.);
#2879=ADVANCED_FACE('',(#2615),#2755,.F.);
#2880=ADVANCED_FACE('',(#2616),#2756,.F.);
#2881=ADVANCED_FACE('',(#2617),#2757,.F.);
#2882=ADVANCED_FACE('',(#2618),#2758,.F.);
#2883=ADVANCED_FACE('',(#2619),#2759,.F.);
#2884=ADVANCED_FACE('',(#2620),#2760,.F.);
#2885=ADVANCED_FACE('',(#2621),#2761,.F.);
#2886=ADVANCED_FACE('',(#2622),#2762,.F.);
#2887=ADVANCED_FACE('',(#2623),#2763,.F.);
#2888=ADVANCED_FACE('',(#2624),#2764,.F.);
#2889=ADVANCED_FACE('',(#2625),#2765,.F.);
#2890=ADVANCED_FACE('',(#2626),#2766,.F.);
#2891=ADVANCED_FACE('',(#2627),#2767,.F.);
#2892=ADVANCED_FACE('',(#2628),#2768,.F.);
#2893=ADVANCED_FACE('',(#2629),#2769,.F.);
#2894=ADVANCED_FACE('',(#2630),#2770,.F.);
#2895=ADVANCED_FACE('',(#2631),#2771,.F.);
#2896=ADVANCED_FACE('',(#2632),#50,.T.);
#2897=ADVANCED_FACE('',(#2633),#51,.T.);
#2898=ADVANCED_FACE('',(#2634),#52,.T.);
#2899=ADVANCED_FACE('',(#2635),#53,.T.);
#2900=ADVANCED_FACE('',(#2636),#54,.T.);
#2901=ADVANCED_FACE('',(#2637),#55,.T.);
#2902=ADVANCED_FACE('',(#2638),#56,.T.);
#2903=ADVANCED_FACE('',(#2639),#57,.T.);
#2904=ADVANCED_FACE('',(#2640),#2772,.F.);
#2905=ADVANCED_FACE('',(#2641),#2773,.F.);
#2906=ADVANCED_FACE('',(#2642),#58,.F.);
#2907=ADVANCED_FACE('',(#2643),#59,.F.);
#2908=ADVANCED_FACE('',(#2644),#60,.F.);
#2909=ADVANCED_FACE('',(#2645),#61,.F.);
#2910=ADVANCED_FACE('',(#2646),#62,.F.);
#2911=ADVANCED_FACE('',(#2647),#63,.F.);
#2912=ADVANCED_FACE('',(#2648),#64,.F.);
#2913=ADVANCED_FACE('',(#2649),#65,.F.);
#2914=ADVANCED_FACE('',(#2650),#2774,.F.);
#2915=ADVANCED_FACE('',(#2651),#2775,.T.);
#2916=ADVANCED_FACE('',(#2652),#2776,.F.);
#2917=ADVANCED_FACE('',(#2653),#2777,.T.);
#2918=ADVANCED_FACE('',(#2654),#2778,.T.);
#2919=ADVANCED_FACE('',(#2655),#2779,.F.);
#2920=ADVANCED_FACE('',(#2656),#2780,.T.);
#2921=ADVANCED_FACE('',(#2657),#2781,.T.);
#2922=ADVANCED_FACE('',(#2658),#2782,.F.);
#2923=ADVANCED_FACE('',(#2659),#2783,.T.);
#2924=ADVANCED_FACE('',(#2660),#2784,.T.);
#2925=ADVANCED_FACE('',(#2661),#2785,.F.);
#2926=ADVANCED_FACE('',(#2662),#2786,.T.);
#2927=ADVANCED_FACE('',(#2663),#2787,.T.);
#2928=ADVANCED_FACE('',(#2664),#2788,.F.);
#2929=ADVANCED_FACE('',(#2665),#2789,.T.);
#2930=ADVANCED_FACE('',(#2666),#2790,.T.);
#2931=ADVANCED_FACE('',(#2667),#2791,.F.);
#2932=ADVANCED_FACE('',(#2668),#2792,.T.);
#2933=ADVANCED_FACE('',(#2669),#2793,.T.);
#2934=ADVANCED_FACE('',(#2670),#2794,.F.);
#2935=ADVANCED_FACE('',(#2671),#2795,.T.);
#2936=ADVANCED_FACE('',(#2672),#2796,.T.);
#2937=ADVANCED_FACE('',(#2673),#2797,.F.);
#2938=CLOSED_SHELL('',(#2798,#2799,#2800,#2801,#2802,#2803,#2804,#2805,
#2806,#2807,#2808,#2809,#2810,#2811,#2812,#2813,#2814,#2815,#2816,#2817,
#2818,#2819,#2820,#2821,#2822,#2823,#2824,#2825,#2826,#2827,#2828,#2829,
#2830,#2831,#2832,#2833,#2834,#2835,#2836,#2837,#2838,#2839,#2840,#2841,
#2842,#2843,#2844,#2845,#2846,#2847,#2848,#2849,#2850,#2851,#2852,#2853,
#2854,#2855,#2856,#2857,#2858,#2859,#2860,#2861,#2862,#2863,#2864,#2865,
#2866,#2867,#2868,#2869,#2870,#2871));
#2939=CLOSED_SHELL('',(#2872,#2873,#2874,#2875,#2876,#2877,#2878,#2879,
#2880,#2881,#2882,#2883,#2884,#2885,#2886,#2887,#2888,#2889,#2890,#2891,
#2892,#2893,#2894,#2895,#2896,#2897,#2898,#2899,#2900,#2901,#2902,#2903,
#2904,#2905,#2906,#2907,#2908,#2909,#2910,#2911,#2912,#2913,#2914,#2915,
#2916,#2917,#2918,#2919,#2920,#2921,#2922,#2923,#2924,#2925,#2926,#2927,
#2928,#2929,#2930,#2931,#2932,#2933,#2934,#2935,#2936,#2937));
#2940=STYLED_ITEM('',(#2942),#2956);
#2941=STYLED_ITEM('',(#2943),#2957);
#2942=PRESENTATION_STYLE_ASSIGNMENT((#2944));
#2943=PRESENTATION_STYLE_ASSIGNMENT((#2945));
#2944=SURFACE_STYLE_USAGE(.BOTH.,#2946);
#2945=SURFACE_STYLE_USAGE(.BOTH.,#2947);
#2946=SURFACE_SIDE_STYLE('',(#2948));
#2947=SURFACE_SIDE_STYLE('',(#2949));
#2948=SURFACE_STYLE_FILL_AREA(#2950);
#2949=SURFACE_STYLE_FILL_AREA(#2951);
#2950=FILL_AREA_STYLE('',(#2952));
#2951=FILL_AREA_STYLE('',(#2953));
#2952=FILL_AREA_STYLE_COLOUR('',#2954);
#2953=FILL_AREA_STYLE_COLOUR('',#2955);
#2954=COLOUR_RGB('',0.470588237047195,0.470588237047195,0.470588237047195);
#2955=COLOUR_RGB('',0.95686274766922,0.95686274766922,0.95686274766922);
#2956=MANIFOLD_SOLID_BREP('CLP-108-2-F-DTRM',#2938);
#2957=MANIFOLD_SOLID_BREP('C-106-22-1-F-08_Pin',#2939);
#2958=SHAPE_DEFINITION_REPRESENTATION(#4705,#2961);
#2959=SHAPE_DEFINITION_REPRESENTATION(#4706,#2962);
#2960=SHAPE_DEFINITION_REPRESENTATION(#4708,#2963);
#2961=SHAPE_REPRESENTATION('CLP-108-02-F-D',(#2964,#3039,#3138,#3139),#4693);
#2962=SHAPE_REPRESENTATION('CLP-108-2-F-DTRM',(#2964),#4694);
#2963=SHAPE_REPRESENTATION('C-106-22-1-F-08_Pin',(#2964),#4695);
#2964=AXIS2_PLACEMENT_3D('',#3868,#3140,#3141);
#2965=AXIS2_PLACEMENT_3D('',#3869,#3142,#3143);
#2966=AXIS2_PLACEMENT_3D('',#3886,#3152,#3153);
#2967=AXIS2_PLACEMENT_3D('',#3895,#3158,#3159);
#2968=AXIS2_PLACEMENT_3D('',#3901,#3163,#3164);
#2969=AXIS2_PLACEMENT_3D('',#3907,#3168,#3169);
#2970=AXIS2_PLACEMENT_3D('',#3916,#3174,#3175);
#2971=AXIS2_PLACEMENT_3D('',#3922,#3179,#3180);
#2972=AXIS2_PLACEMENT_3D('',#3928,#3184,#3185);
#2973=AXIS2_PLACEMENT_3D('',#3937,#3190,#3191);
#2974=AXIS2_PLACEMENT_3D('',#3943,#3195,#3196);
#2975=AXIS2_PLACEMENT_3D('',#3949,#3200,#3201);
#2976=AXIS2_PLACEMENT_3D('',#3958,#3206,#3207);
#2977=AXIS2_PLACEMENT_3D('',#3964,#3211,#3212);
#2978=AXIS2_PLACEMENT_3D('',#3970,#3216,#3217);
#2979=AXIS2_PLACEMENT_3D('',#3979,#3222,#3223);
#2980=AXIS2_PLACEMENT_3D('',#3985,#3227,#3228);
#2981=AXIS2_PLACEMENT_3D('',#3991,#3232,#3233);
#2982=AXIS2_PLACEMENT_3D('',#4000,#3238,#3239);
#2983=AXIS2_PLACEMENT_3D('',#4006,#3243,#3244);
#2984=AXIS2_PLACEMENT_3D('',#4012,#3248,#3249);
#2985=AXIS2_PLACEMENT_3D('',#4021,#3254,#3255);
#2986=AXIS2_PLACEMENT_3D('',#4027,#3259,#3260);
#2987=AXIS2_PLACEMENT_3D('',#4033,#3264,#3265);
#2988=AXIS2_PLACEMENT_3D('',#4042,#3270,#3271);
#2989=AXIS2_PLACEMENT_3D('',#4048,#3275,#3276);
#2990=AXIS2_PLACEMENT_3D('',#4054,#3280,#3281);
#2991=AXIS2_PLACEMENT_3D('',#4063,#3286,#3287);
#2992=AXIS2_PLACEMENT_3D('',#4069,#3291,#3292);
#2993=AXIS2_PLACEMENT_3D('',#4075,#3296,#3297);
#2994=AXIS2_PLACEMENT_3D('',#4084,#3302,#3303);
#2995=AXIS2_PLACEMENT_3D('',#4090,#3307,#3308);
#2996=AXIS2_PLACEMENT_3D('',#4096,#3312,#3313);
#2997=AXIS2_PLACEMENT_3D('',#4105,#3318,#3319);
#2998=AXIS2_PLACEMENT_3D('',#4111,#3323,#3324);
#2999=AXIS2_PLACEMENT_3D('',#4117,#3328,#3329);
#3000=AXIS2_PLACEMENT_3D('',#4126,#3334,#3335);
#3001=AXIS2_PLACEMENT_3D('',#4132,#3339,#3340);
#3002=AXIS2_PLACEMENT_3D('',#4138,#3344,#3345);
#3003=AXIS2_PLACEMENT_3D('',#4147,#3350,#3351);
#3004=AXIS2_PLACEMENT_3D('',#4153,#3355,#3356);
#3005=AXIS2_PLACEMENT_3D('',#4159,#3360,#3361);
#3006=AXIS2_PLACEMENT_3D('',#4168,#3366,#3367);
#3007=AXIS2_PLACEMENT_3D('',#4174,#3371,#3372);
#3008=AXIS2_PLACEMENT_3D('',#4180,#3376,#3377);
#3009=AXIS2_PLACEMENT_3D('',#4189,#3382,#3383);
#3010=AXIS2_PLACEMENT_3D('',#4195,#3387,#3388);
#3011=AXIS2_PLACEMENT_3D('',#4201,#3392,#3393);
#3012=AXIS2_PLACEMENT_3D('',#4210,#3398,#3399);
#3013=AXIS2_PLACEMENT_3D('',#4216,#3403,#3404);
#3014=AXIS2_PLACEMENT_3D('',#4222,#3408,#3409);
#3015=AXIS2_PLACEMENT_3D('',#4225,#3412,#3413);
#3016=AXIS2_PLACEMENT_3D('',#4228,#3416,#3417);
#3017=AXIS2_PLACEMENT_3D('',#4231,#3420,#3421);
#3018=AXIS2_PLACEMENT_3D('',#4234,#3424,#3425);
#3019=AXIS2_PLACEMENT_3D('',#4237,#3428,#3429);
#3020=AXIS2_PLACEMENT_3D('',#4240,#3432,#3433);
#3021=AXIS2_PLACEMENT_3D('',#4243,#3436,#3437);
#3022=AXIS2_PLACEMENT_3D('',#4246,#3440,#3441);
#3023=AXIS2_PLACEMENT_3D('',#4249,#3444,#3445);
#3024=AXIS2_PLACEMENT_3D('',#4252,#3448,#3449);
#3025=AXIS2_PLACEMENT_3D('',#4255,#3452,#3453);
#3026=AXIS2_PLACEMENT_3D('',#4258,#3456,#3457);
#3027=AXIS2_PLACEMENT_3D('',#4261,#3460,#3461);
#3028=AXIS2_PLACEMENT_3D('',#4264,#3464,#3465);
#3029=AXIS2_PLACEMENT_3D('',#4267,#3468,#3469);
#3030=AXIS2_PLACEMENT_3D('',#4270,#3472,#3473);
#3031=AXIS2_PLACEMENT_3D('',#4287,#3482,#3483);
#3032=AXIS2_PLACEMENT_3D('',#4290,#3486,#3487);
#3033=AXIS2_PLACEMENT_3D('',#4293,#3490,#3491);
#3034=AXIS2_PLACEMENT_3D('',#4295,#3493,#3494);
#3035=AXIS2_PLACEMENT_3D('',#4297,#3496,#3497);
#3036=AXIS2_PLACEMENT_3D('',#4298,#3498,#3499);
#3037=AXIS2_PLACEMENT_3D('',#4301,#3502,#3503);
#3038=AXIS2_PLACEMENT_3D('',#4302,#3504,#3505);
#3039=AXIS2_PLACEMENT_3D('',#4303,#3506,#3507);
#3040=AXIS2_PLACEMENT_3D('',#4304,#3508,#3509);
#3041=AXIS2_PLACEMENT_3D('',#4313,#3514,#3515);
#3042=AXIS2_PLACEMENT_3D('',#4322,#3520,#3521);
#3043=AXIS2_PLACEMENT_3D('',#4331,#3526,#3527);
#3044=AXIS2_PLACEMENT_3D('',#4340,#3532,#3533);
#3045=AXIS2_PLACEMENT_3D('',#4349,#3538,#3539);
#3046=AXIS2_PLACEMENT_3D('',#4358,#3544,#3545);
#3047=AXIS2_PLACEMENT_3D('',#4367,#3550,#3551);
#3048=AXIS2_PLACEMENT_3D('',#4376,#3556,#3557);
#3049=AXIS2_PLACEMENT_3D('',#4382,#3561,#3562);
#3050=AXIS2_PLACEMENT_3D('',#4388,#3566,#3567);
#3051=AXIS2_PLACEMENT_3D('',#4394,#3571,#3572);
#3052=AXIS2_PLACEMENT_3D('',#4400,#3576,#3577);
#3053=AXIS2_PLACEMENT_3D('',#4406,#3581,#3582);
#3054=AXIS2_PLACEMENT_3D('',#4412,#3586,#3587);
#3055=AXIS2_PLACEMENT_3D('',#4418,#3591,#3592);
#3056=AXIS2_PLACEMENT_3D('',#4424,#3596,#3597);
#3057=AXIS2_PLACEMENT_3D('',#4430,#3601,#3602);
#3058=AXIS2_PLACEMENT_3D('',#4436,#3606,#3607);
#3059=AXIS2_PLACEMENT_3D('',#4442,#3611,#3612);
#3060=AXIS2_PLACEMENT_3D('',#4448,#3616,#3617);
#3061=AXIS2_PLACEMENT_3D('',#4454,#3621,#3622);
#3062=AXIS2_PLACEMENT_3D('',#4460,#3626,#3627);
#3063=AXIS2_PLACEMENT_3D('',#4466,#3631,#3632);
#3064=AXIS2_PLACEMENT_3D('',#4472,#3636,#3637);
#3065=AXIS2_PLACEMENT_3D('',#4473,#3638,#3639);
#3066=AXIS2_PLACEMENT_3D('',#4477,#3641,#3642);
#3067=AXIS2_PLACEMENT_3D('',#4478,#3643,#3644);
#3068=AXIS2_PLACEMENT_3D('',#4479,#3645,#3646);
#3069=AXIS2_PLACEMENT_3D('',#4481,#3647,#3648);
#3070=AXIS2_PLACEMENT_3D('',#4484,#3650,#3651);
#3071=AXIS2_PLACEMENT_3D('',#4485,#3652,#3653);
#3072=AXIS2_PLACEMENT_3D('',#4487,#3654,#3655);
#3073=AXIS2_PLACEMENT_3D('',#4490,#3657,#3658);
#3074=AXIS2_PLACEMENT_3D('',#4491,#3659,#3660);
#3075=AXIS2_PLACEMENT_3D('',#4493,#3661,#3662);
#3076=AXIS2_PLACEMENT_3D('',#4496,#3664,#3665);
#3077=AXIS2_PLACEMENT_3D('',#4497,#3666,#3667);
#3078=AXIS2_PLACEMENT_3D('',#4499,#3668,#3669);
#3079=AXIS2_PLACEMENT_3D('',#4502,#3671,#3672);
#3080=AXIS2_PLACEMENT_3D('',#4503,#3673,#3674);
#3081=AXIS2_PLACEMENT_3D('',#4505,#3675,#3676);
#3082=AXIS2_PLACEMENT_3D('',#4508,#3678,#3679);
#3083=AXIS2_PLACEMENT_3D('',#4509,#3680,#3681);
#3084=AXIS2_PLACEMENT_3D('',#4511,#3682,#3683);
#3085=AXIS2_PLACEMENT_3D('',#4514,#3685,#3686);
#3086=AXIS2_PLACEMENT_3D('',#4515,#3687,#3688);
#3087=AXIS2_PLACEMENT_3D('',#4517,#3689,#3690);
#3088=AXIS2_PLACEMENT_3D('',#4520,#3692,#3693);
#3089=AXIS2_PLACEMENT_3D('',#4561,#3718,#3719);
#3090=AXIS2_PLACEMENT_3D('',#4626,#3752,#3753);
#3091=AXIS2_PLACEMENT_3D('',#4627,#3754,#3755);
#3092=AXIS2_PLACEMENT_3D('',#4628,#3756,#3757);
#3093=AXIS2_PLACEMENT_3D('',#4629,#3758,#3759);
#3094=AXIS2_PLACEMENT_3D('',#4630,#3760,#3761);
#3095=AXIS2_PLACEMENT_3D('',#4631,#3762,#3763);
#3096=AXIS2_PLACEMENT_3D('',#4632,#3764,#3765);
#3097=AXIS2_PLACEMENT_3D('',#4633,#3766,#3767);
#3098=AXIS2_PLACEMENT_3D('',#4634,#3768,#3769);
#3099=AXIS2_PLACEMENT_3D('',#4635,#3770,#3771);
#3100=AXIS2_PLACEMENT_3D('',#4636,#3772,#3773);
#3101=AXIS2_PLACEMENT_3D('',#4637,#3774,#3775);
#3102=AXIS2_PLACEMENT_3D('',#4638,#3776,#3777);
#3103=AXIS2_PLACEMENT_3D('',#4639,#3778,#3779);
#3104=AXIS2_PLACEMENT_3D('',#4640,#3780,#3781);
#3105=AXIS2_PLACEMENT_3D('',#4641,#3782,#3783);
#3106=AXIS2_PLACEMENT_3D('',#4642,#3784,#3785);
#3107=AXIS2_PLACEMENT_3D('',#4643,#3786,#3787);
#3108=AXIS2_PLACEMENT_3D('',#4644,#3788,#3789);
#3109=AXIS2_PLACEMENT_3D('',#4645,#3790,#3791);
#3110=AXIS2_PLACEMENT_3D('',#4646,#3792,#3793);
#3111=AXIS2_PLACEMENT_3D('',#4647,#3794,#3795);
#3112=AXIS2_PLACEMENT_3D('',#4648,#3796,#3797);
#3113=AXIS2_PLACEMENT_3D('',#4649,#3798,#3799);
#3114=AXIS2_PLACEMENT_3D('',#4650,#3800,#3801);
#3115=AXIS2_PLACEMENT_3D('',#4653,#3804,#3805);
#3116=AXIS2_PLACEMENT_3D('',#4654,#3806,#3807);
#3117=AXIS2_PLACEMENT_3D('',#4655,#3808,#3809);
#3118=AXIS2_PLACEMENT_3D('',#4657,#3811,#3812);
#3119=AXIS2_PLACEMENT_3D('',#4659,#3814,#3815);
#3120=AXIS2_PLACEMENT_3D('',#4660,#3816,#3817);
#3121=AXIS2_PLACEMENT_3D('',#4662,#3819,#3820);
#3122=AXIS2_PLACEMENT_3D('',#4664,#3822,#3823);
#3123=AXIS2_PLACEMENT_3D('',#4665,#3824,#3825);
#3124=AXIS2_PLACEMENT_3D('',#4667,#3827,#3828);
#3125=AXIS2_PLACEMENT_3D('',#4669,#3830,#3831);
#3126=AXIS2_PLACEMENT_3D('',#4670,#3832,#3833);
#3127=AXIS2_PLACEMENT_3D('',#4672,#3835,#3836);
#3128=AXIS2_PLACEMENT_3D('',#4674,#3838,#3839);
#3129=AXIS2_PLACEMENT_3D('',#4675,#3840,#3841);
#3130=AXIS2_PLACEMENT_3D('',#4677,#3843,#3844);
#3131=AXIS2_PLACEMENT_3D('',#4679,#3846,#3847);
#3132=AXIS2_PLACEMENT_3D('',#4680,#3848,#3849);
#3133=AXIS2_PLACEMENT_3D('',#4682,#3851,#3852);
#3134=AXIS2_PLACEMENT_3D('',#4684,#3854,#3855);
#3135=AXIS2_PLACEMENT_3D('',#4685,#3856,#3857);
#3136=AXIS2_PLACEMENT_3D('',#4687,#3859,#3860);
#3137=AXIS2_PLACEMENT_3D('',#4689,#3862,#3863);
#3138=AXIS2_PLACEMENT_3D('',#4690,#3864,#3865);
#3139=AXIS2_PLACEMENT_3D('',#4691,#3866,#3867);
#3140=DIRECTION('',(0.,0.,1.));
#3141=DIRECTION('',(1.,0.,0.));
#3142=DIRECTION('',(1.,0.,0.));
#3143=DIRECTION('',(0.,0.,-1.));
#3144=DIRECTION('',(0.,-1.,0.));
#3145=DIRECTION('',(0.,0.,1.));
#3146=DIRECTION('',(0.,-1.,0.));
#3147=DIRECTION('',(0.,0.,1.));
#3148=DIRECTION('',(0.,-1.,0.));
#3149=DIRECTION('',(0.,0.,1.));
#3150=DIRECTION('',(0.,1.,0.));
#3151=DIRECTION('',(0.,0.,1.));
#3152=DIRECTION('',(0.,0.,1.));
#3153=DIRECTION('',(1.,0.,0.));
#3154=DIRECTION('',(0.,-1.,0.));
#3155=DIRECTION('',(1.,0.,0.));
#3156=DIRECTION('',(0.,-1.,0.));
#3157=DIRECTION('',(-1.,0.,0.));
#3158=DIRECTION('',(-1.,0.,0.));
#3159=DIRECTION('',(0.,0.,1.));
#3160=DIRECTION('',(0.,0.,1.));
#3161=DIRECTION('',(0.,-1.,0.));
#3162=DIRECTION('',(0.,0.,-1.));
#3163=DIRECTION('',(0.,0.,-1.));
#3164=DIRECTION('',(-1.,0.,0.));
#3165=DIRECTION('',(-1.,0.,0.));
#3166=DIRECTION('',(0.,-1.,0.));
#3167=DIRECTION('',(1.,0.,0.));
#3168=DIRECTION('',(0.,0.,1.));
#3169=DIRECTION('',(1.,0.,0.));
#3170=DIRECTION('',(0.,-1.,0.));
#3171=DIRECTION('',(1.,0.,0.));
#3172=DIRECTION('',(0.,-1.,0.));
#3173=DIRECTION('',(-1.,0.,0.));
#3174=DIRECTION('',(-1.,0.,0.));
#3175=DIRECTION('',(0.,0.,1.));
#3176=DIRECTION('',(0.,0.,1.));
#3177=DIRECTION('',(0.,-1.,0.));
#3178=DIRECTION('',(0.,0.,-1.));
#3179=DIRECTION('',(0.,0.,-1.));
#3180=DIRECTION('',(-1.,0.,0.));
#3181=DIRECTION('',(-1.,0.,0.));
#3182=DIRECTION('',(0.,-1.,0.));
#3183=DIRECTION('',(1.,0.,0.));
#3184=DIRECTION('',(0.,0.,1.));
#3185=DIRECTION('',(1.,0.,0.));
#3186=DIRECTION('',(0.,-1.,0.));
#3187=DIRECTION('',(1.,0.,0.));
#3188=DIRECTION('',(0.,-1.,0.));
#3189=DIRECTION('',(-1.,0.,0.));
#3190=DIRECTION('',(-1.,0.,0.));
#3191=DIRECTION('',(0.,0.,1.));
#3192=DIRECTION('',(0.,0.,1.));
#3193=DIRECTION('',(0.,-1.,0.));
#3194=DIRECTION('',(0.,0.,-1.));
#3195=DIRECTION('',(0.,0.,-1.));
#3196=DIRECTION('',(-1.,0.,0.));
#3197=DIRECTION('',(-1.,0.,0.));
#3198=DIRECTION('',(0.,-1.,0.));
#3199=DIRECTION('',(1.,0.,0.));
#3200=DIRECTION('',(0.,0.,1.));
#3201=DIRECTION('',(1.,0.,0.));
#3202=DIRECTION('',(0.,-1.,0.));
#3203=DIRECTION('',(1.,0.,0.));
#3204=DIRECTION('',(0.,-1.,0.));
#3205=DIRECTION('',(-1.,0.,0.));
#3206=DIRECTION('',(-1.,0.,0.));
#3207=DIRECTION('',(0.,0.,1.));
#3208=DIRECTION('',(0.,0.,1.));
#3209=DIRECTION('',(0.,-1.,0.));
#3210=DIRECTION('',(0.,0.,-1.));
#3211=DIRECTION('',(0.,0.,-1.));
#3212=DIRECTION('',(-1.,0.,0.));
#3213=DIRECTION('',(-1.,0.,0.));
#3214=DIRECTION('',(0.,-1.,0.));
#3215=DIRECTION('',(1.,0.,0.));
#3216=DIRECTION('',(0.,0.,1.));
#3217=DIRECTION('',(1.,0.,0.));
#3218=DIRECTION('',(0.,-1.,0.));
#3219=DIRECTION('',(1.,0.,0.));
#3220=DIRECTION('',(0.,-1.,0.));
#3221=DIRECTION('',(-1.,0.,0.));
#3222=DIRECTION('',(-1.,0.,0.));
#3223=DIRECTION('',(0.,0.,1.));
#3224=DIRECTION('',(0.,0.,1.));
#3225=DIRECTION('',(0.,-1.,0.));
#3226=DIRECTION('',(0.,0.,-1.));
#3227=DIRECTION('',(0.,0.,-1.));
#3228=DIRECTION('',(-1.,0.,0.));
#3229=DIRECTION('',(-1.,0.,0.));
#3230=DIRECTION('',(0.,-1.,0.));
#3231=DIRECTION('',(1.,0.,0.));
#3232=DIRECTION('',(0.,0.,1.));
#3233=DIRECTION('',(1.,0.,0.));
#3234=DIRECTION('',(0.,-1.,0.));
#3235=DIRECTION('',(1.,0.,0.));
#3236=DIRECTION('',(0.,-1.,0.));
#3237=DIRECTION('',(-1.,0.,0.));
#3238=DIRECTION('',(-1.,0.,0.));
#3239=DIRECTION('',(0.,0.,1.));
#3240=DIRECTION('',(0.,0.,1.));
#3241=DIRECTION('',(0.,-1.,0.));
#3242=DIRECTION('',(0.,0.,-1.));
#3243=DIRECTION('',(0.,0.,-1.));
#3244=DIRECTION('',(-1.,0.,0.));
#3245=DIRECTION('',(-1.,0.,0.));
#3246=DIRECTION('',(0.,-1.,0.));
#3247=DIRECTION('',(1.,0.,0.));
#3248=DIRECTION('',(0.,0.,1.));
#3249=DIRECTION('',(1.,0.,0.));
#3250=DIRECTION('',(0.,-1.,0.));
#3251=DIRECTION('',(1.,0.,0.));
#3252=DIRECTION('',(0.,-1.,0.));
#3253=DIRECTION('',(-1.,0.,0.));
#3254=DIRECTION('',(-1.,0.,0.));
#3255=DIRECTION('',(0.,0.,1.));
#3256=DIRECTION('',(0.,0.,1.));
#3257=DIRECTION('',(0.,-1.,0.));
#3258=DIRECTION('',(0.,0.,-1.));
#3259=DIRECTION('',(0.,0.,-1.));
#3260=DIRECTION('',(-1.,0.,0.));
#3261=DIRECTION('',(-1.,0.,0.));
#3262=DIRECTION('',(0.,-1.,0.));
#3263=DIRECTION('',(1.,0.,0.));
#3264=DIRECTION('',(0.,0.,1.));
#3265=DIRECTION('',(1.,0.,0.));
#3266=DIRECTION('',(0.,-1.,0.));
#3267=DIRECTION('',(1.,0.,0.));
#3268=DIRECTION('',(0.,-1.,0.));
#3269=DIRECTION('',(-1.,0.,0.));
#3270=DIRECTION('',(-1.,0.,0.));
#3271=DIRECTION('',(0.,0.,1.));
#3272=DIRECTION('',(0.,0.,1.));
#3273=DIRECTION('',(0.,-1.,0.));
#3274=DIRECTION('',(0.,0.,-1.));
#3275=DIRECTION('',(0.,0.,-1.));
#3276=DIRECTION('',(-1.,0.,0.));
#3277=DIRECTION('',(-1.,0.,0.));
#3278=DIRECTION('',(0.,-1.,0.));
#3279=DIRECTION('',(1.,0.,0.));
#3280=DIRECTION('',(0.,0.,1.));
#3281=DIRECTION('',(1.,0.,0.));
#3282=DIRECTION('',(0.,-1.,0.));
#3283=DIRECTION('',(1.,0.,0.));
#3284=DIRECTION('',(0.,-1.,0.));
#3285=DIRECTION('',(-1.,0.,0.));
#3286=DIRECTION('',(-1.,0.,0.));
#3287=DIRECTION('',(0.,0.,1.));
#3288=DIRECTION('',(0.,0.,1.));
#3289=DIRECTION('',(0.,-1.,0.));
#3290=DIRECTION('',(0.,0.,-1.));
#3291=DIRECTION('',(0.,0.,-1.));
#3292=DIRECTION('',(-1.,0.,0.));
#3293=DIRECTION('',(-1.,0.,0.));
#3294=DIRECTION('',(0.,-1.,0.));
#3295=DIRECTION('',(1.,0.,0.));
#3296=DIRECTION('',(0.,0.,1.));
#3297=DIRECTION('',(1.,0.,0.));
#3298=DIRECTION('',(0.,-1.,0.));
#3299=DIRECTION('',(1.,0.,0.));
#3300=DIRECTION('',(0.,-1.,0.));
#3301=DIRECTION('',(-1.,0.,0.));
#3302=DIRECTION('',(-1.,0.,0.));
#3303=DIRECTION('',(0.,0.,1.));
#3304=DIRECTION('',(0.,0.,1.));
#3305=DIRECTION('',(0.,-1.,0.));
#3306=DIRECTION('',(0.,0.,-1.));
#3307=DIRECTION('',(0.,0.,-1.));
#3308=DIRECTION('',(-1.,0.,0.));
#3309=DIRECTION('',(-1.,0.,0.));
#3310=DIRECTION('',(0.,-1.,0.));
#3311=DIRECTION('',(1.,0.,0.));
#3312=DIRECTION('',(0.,0.,1.));
#3313=DIRECTION('',(1.,0.,0.));
#3314=DIRECTION('',(0.,-1.,0.));
#3315=DIRECTION('',(1.,0.,0.));
#3316=DIRECTION('',(0.,-1.,0.));
#3317=DIRECTION('',(-1.,0.,0.));
#3318=DIRECTION('',(-1.,0.,0.));
#3319=DIRECTION('',(0.,0.,1.));
#3320=DIRECTION('',(0.,0.,1.));
#3321=DIRECTION('',(0.,-1.,0.));
#3322=DIRECTION('',(0.,0.,-1.));
#3323=DIRECTION('',(0.,0.,-1.));
#3324=DIRECTION('',(-1.,0.,0.));
#3325=DIRECTION('',(-1.,0.,0.));
#3326=DIRECTION('',(0.,-1.,0.));
#3327=DIRECTION('',(1.,0.,0.));
#3328=DIRECTION('',(0.,0.,1.));
#3329=DIRECTION('',(1.,0.,0.));
#3330=DIRECTION('',(0.,-1.,0.));
#3331=DIRECTION('',(1.,0.,0.));
#3332=DIRECTION('',(0.,-1.,0.));
#3333=DIRECTION('',(-1.,0.,0.));
#3334=DIRECTION('',(-1.,0.,0.));
#3335=DIRECTION('',(0.,0.,1.));
#3336=DIRECTION('',(0.,0.,1.));
#3337=DIRECTION('',(0.,-1.,0.));
#3338=DIRECTION('',(0.,0.,-1.));
#3339=DIRECTION('',(0.,0.,-1.));
#3340=DIRECTION('',(-1.,0.,0.));
#3341=DIRECTION('',(-1.,0.,0.));
#3342=DIRECTION('',(0.,-1.,0.));
#3343=DIRECTION('',(1.,0.,0.));
#3344=DIRECTION('',(0.,0.,1.));
#3345=DIRECTION('',(1.,0.,0.));
#3346=DIRECTION('',(0.,-1.,0.));
#3347=DIRECTION('',(1.,0.,0.));
#3348=DIRECTION('',(0.,-1.,0.));
#3349=DIRECTION('',(-1.,0.,0.));
#3350=DIRECTION('',(-1.,0.,0.));
#3351=DIRECTION('',(0.,0.,1.));
#3352=DIRECTION('',(0.,0.,1.));
#3353=DIRECTION('',(0.,-1.,0.));
#3354=DIRECTION('',(0.,0.,-1.));
#3355=DIRECTION('',(0.,0.,-1.));
#3356=DIRECTION('',(-1.,0.,0.));
#3357=DIRECTION('',(-1.,0.,0.));
#3358=DIRECTION('',(0.,-1.,0.));
#3359=DIRECTION('',(1.,0.,0.));
#3360=DIRECTION('',(0.,0.,1.));
#3361=DIRECTION('',(1.,0.,0.));
#3362=DIRECTION('',(0.,-1.,0.));
#3363=DIRECTION('',(1.,0.,0.));
#3364=DIRECTION('',(0.,-1.,0.));
#3365=DIRECTION('',(-1.,0.,0.));
#3366=DIRECTION('',(-1.,0.,0.));
#3367=DIRECTION('',(0.,0.,1.));
#3368=DIRECTION('',(0.,0.,1.));
#3369=DIRECTION('',(0.,-1.,0.));
#3370=DIRECTION('',(0.,0.,-1.));
#3371=DIRECTION('',(0.,0.,-1.));
#3372=DIRECTION('',(-1.,0.,0.));
#3373=DIRECTION('',(-1.,0.,0.));
#3374=DIRECTION('',(0.,-1.,0.));
#3375=DIRECTION('',(1.,0.,0.));
#3376=DIRECTION('',(0.,0.,1.));
#3377=DIRECTION('',(1.,0.,0.));
#3378=DIRECTION('',(0.,-1.,0.));
#3379=DIRECTION('',(1.,0.,0.));
#3380=DIRECTION('',(0.,-1.,0.));
#3381=DIRECTION('',(-1.,0.,0.));
#3382=DIRECTION('',(-1.,0.,0.));
#3383=DIRECTION('',(0.,0.,1.));
#3384=DIRECTION('',(0.,0.,1.));
#3385=DIRECTION('',(0.,-1.,0.));
#3386=DIRECTION('',(0.,0.,-1.));
#3387=DIRECTION('',(0.,0.,-1.));
#3388=DIRECTION('',(-1.,0.,0.));
#3389=DIRECTION('',(-1.,0.,0.));
#3390=DIRECTION('',(0.,-1.,0.));
#3391=DIRECTION('',(1.,0.,0.));
#3392=DIRECTION('',(0.,0.,1.));
#3393=DIRECTION('',(1.,0.,0.));
#3394=DIRECTION('',(0.,-1.,0.));
#3395=DIRECTION('',(1.,0.,0.));
#3396=DIRECTION('',(0.,-1.,0.));
#3397=DIRECTION('',(-1.,0.,0.));
#3398=DIRECTION('',(-1.,0.,0.));
#3399=DIRECTION('',(0.,0.,1.));
#3400=DIRECTION('',(0.,0.,1.));
#3401=DIRECTION('',(0.,-1.,0.));
#3402=DIRECTION('',(0.,0.,-1.));
#3403=DIRECTION('',(0.,0.,-1.));
#3404=DIRECTION('',(-1.,0.,0.));
#3405=DIRECTION('',(-1.,0.,0.));
#3406=DIRECTION('',(0.,-1.,0.));
#3407=DIRECTION('',(1.,0.,0.));
#3408=DIRECTION('',(1.,0.,0.));
#3409=DIRECTION('',(0.,0.,-1.));
#3410=DIRECTION('',(0.,0.,-1.));
#3411=DIRECTION('',(0.,0.,1.));
#3412=DIRECTION('',(1.,0.,0.));
#3413=DIRECTION('',(0.,0.,-1.));
#3414=DIRECTION('',(0.,0.,-1.));
#3415=DIRECTION('',(0.,0.,1.));
#3416=DIRECTION('',(1.,0.,0.));
#3417=DIRECTION('',(0.,0.,-1.));
#3418=DIRECTION('',(0.,0.,-1.));
#3419=DIRECTION('',(0.,0.,1.));
#3420=DIRECTION('',(1.,0.,0.));
#3421=DIRECTION('',(0.,0.,-1.));
#3422=DIRECTION('',(0.,0.,-1.));
#3423=DIRECTION('',(0.,0.,1.));
#3424=DIRECTION('',(1.,0.,0.));
#3425=DIRECTION('',(0.,0.,-1.));
#3426=DIRECTION('',(0.,0.,-1.));
#3427=DIRECTION('',(0.,0.,1.));
#3428=DIRECTION('',(1.,0.,0.));
#3429=DIRECTION('',(0.,0.,-1.));
#3430=DIRECTION('',(0.,0.,-1.));
#3431=DIRECTION('',(0.,0.,1.));
#3432=DIRECTION('',(1.,0.,0.));
#3433=DIRECTION('',(0.,0.,-1.));
#3434=DIRECTION('',(0.,0.,-1.));
#3435=DIRECTION('',(0.,0.,1.));
#3436=DIRECTION('',(1.,0.,0.));
#3437=DIRECTION('',(0.,0.,-1.));
#3438=DIRECTION('',(0.,0.,-1.));
#3439=DIRECTION('',(0.,0.,1.));
#3440=DIRECTION('',(1.,0.,0.));
#3441=DIRECTION('',(0.,0.,-1.));
#3442=DIRECTION('',(0.,0.,-1.));
#3443=DIRECTION('',(0.,0.,1.));
#3444=DIRECTION('',(1.,0.,0.));
#3445=DIRECTION('',(0.,0.,-1.));
#3446=DIRECTION('',(0.,0.,-1.));
#3447=DIRECTION('',(0.,0.,1.));
#3448=DIRECTION('',(1.,0.,0.));
#3449=DIRECTION('',(0.,0.,-1.));
#3450=DIRECTION('',(0.,0.,-1.));
#3451=DIRECTION('',(0.,0.,1.));
#3452=DIRECTION('',(1.,0.,0.));
#3453=DIRECTION('',(0.,0.,-1.));
#3454=DIRECTION('',(0.,0.,-1.));
#3455=DIRECTION('',(0.,0.,1.));
#3456=DIRECTION('',(1.,0.,0.));
#3457=DIRECTION('',(0.,0.,-1.));
#3458=DIRECTION('',(0.,0.,-1.));
#3459=DIRECTION('',(0.,0.,1.));
#3460=DIRECTION('',(1.,0.,0.));
#3461=DIRECTION('',(0.,0.,-1.));
#3462=DIRECTION('',(0.,0.,-1.));
#3463=DIRECTION('',(0.,0.,1.));
#3464=DIRECTION('',(1.,0.,0.));
#3465=DIRECTION('',(0.,0.,-1.));
#3466=DIRECTION('',(0.,0.,-1.));
#3467=DIRECTION('',(0.,0.,1.));
#3468=DIRECTION('',(1.,0.,0.));
#3469=DIRECTION('',(0.,0.,-1.));
#3470=DIRECTION('',(0.,0.,-1.));
#3471=DIRECTION('',(0.,0.,1.));
#3472=DIRECTION('',(-1.,0.,0.));
#3473=DIRECTION('',(0.,0.,1.));
#3474=DIRECTION('',(0.,-1.,0.));
#3475=DIRECTION('',(0.,0.,1.));
#3476=DIRECTION('',(0.,1.,0.));
#3477=DIRECTION('',(0.,0.,-1.));
#3478=DIRECTION('',(0.,-1.,0.));
#3479=DIRECTION('',(0.,0.,-1.));
#3480=DIRECTION('',(0.,-1.,0.));
#3481=DIRECTION('',(0.,0.,-1.));
#3482=DIRECTION('',(0.,1.,0.));
#3483=DIRECTION('',(0.,0.,1.));
#3484=DIRECTION('',(-1.,0.,0.));
#3485=DIRECTION('',(1.,0.,0.));
#3486=DIRECTION('',(0.,1.,0.));
#3487=DIRECTION('',(0.,0.,1.));
#3488=DIRECTION('',(1.,0.,0.));
#3489=DIRECTION('',(-1.,0.,0.));
#3490=DIRECTION('',(0.,0.,1.));
#3491=DIRECTION('',(1.,0.,0.));
#3492=DIRECTION('',(-1.,0.,0.));
#3493=DIRECTION('',(0.,0.,-1.));
#3494=DIRECTION('',(-1.,0.,0.));
#3495=DIRECTION('',(1.,0.,0.));
#3496=DIRECTION('',(0.,1.,0.));
#3497=DIRECTION('',(0.,0.,1.));
#3498=DIRECTION('',(0.,-1.,0.));
#3499=DIRECTION('',(0.,0.,-1.));
#3500=DIRECTION('',(-1.,0.,0.));
#3501=DIRECTION('',(-1.,0.,0.));
#3502=DIRECTION('',(0.,0.,-1.));
#3503=DIRECTION('',(-1.,0.,0.));
#3504=DIRECTION('',(0.,0.,1.));
#3505=DIRECTION('',(1.,0.,0.));
#3506=DIRECTION('',(0.,0.,1.));
#3507=DIRECTION('',(1.,0.,0.));
#3508=DIRECTION('',(0.,-1.,0.));
#3509=DIRECTION('',(0.,0.,-1.));
#3510=DIRECTION('',(8.53702498020083E-16,0.,-1.));
#3511=DIRECTION('',(-1.,0.,0.));
#3512=DIRECTION('',(0.,0.,1.));
#3513=DIRECTION('',(-1.,0.,0.));
#3514=DIRECTION('',(0.,-1.,0.));
#3515=DIRECTION('',(0.,0.,-1.));
#3516=DIRECTION('',(0.,0.,1.));
#3517=DIRECTION('',(-1.,0.,0.));
#3518=DIRECTION('',(0.,0.,-1.));
#3519=DIRECTION('',(-1.,0.,0.));
#3520=DIRECTION('',(0.,-1.,0.));
#3521=DIRECTION('',(0.,0.,-1.));
#3522=DIRECTION('',(0.,0.,1.));
#3523=DIRECTION('',(-1.,0.,0.));
#3524=DIRECTION('',(0.,0.,-1.));
#3525=DIRECTION('',(-1.,0.,0.));
#3526=DIRECTION('',(0.,-1.,0.));
#3527=DIRECTION('',(0.,0.,-1.));
#3528=DIRECTION('',(0.,0.,1.));
#3529=DIRECTION('',(-1.,0.,0.));
#3530=DIRECTION('',(0.,0.,-1.));
#3531=DIRECTION('',(-1.,0.,0.));
#3532=DIRECTION('',(0.,-1.,0.));
#3533=DIRECTION('',(0.,0.,-1.));
#3534=DIRECTION('',(0.,0.,1.));
#3535=DIRECTION('',(-1.,0.,0.));
#3536=DIRECTION('',(0.,0.,-1.));
#3537=DIRECTION('',(-1.,0.,0.));
#3538=DIRECTION('',(0.,-1.,0.));
#3539=DIRECTION('',(0.,0.,-1.));
#3540=DIRECTION('',(0.,0.,1.));
#3541=DIRECTION('',(-1.,0.,0.));
#3542=DIRECTION('',(0.,0.,-1.));
#3543=DIRECTION('',(-1.,0.,0.));
#3544=DIRECTION('',(0.,-1.,0.));
#3545=DIRECTION('',(0.,0.,-1.));
#3546=DIRECTION('',(0.,0.,1.));
#3547=DIRECTION('',(-1.,0.,0.));
#3548=DIRECTION('',(0.,0.,-1.));
#3549=DIRECTION('',(-1.,0.,0.));
#3550=DIRECTION('',(0.,-1.,0.));
#3551=DIRECTION('',(0.,0.,-1.));
#3552=DIRECTION('',(0.,0.,1.));
#3553=DIRECTION('',(-1.,0.,0.));
#3554=DIRECTION('',(0.,0.,1.));
#3555=DIRECTION('',(-1.,0.,0.));
#3556=DIRECTION('',(0.,0.,-1.));
#3557=DIRECTION('',(-1.,0.,0.));
#3558=DIRECTION('',(0.,1.,0.));
#3559=DIRECTION('',(-1.,0.,0.));
#3560=DIRECTION('',(0.,-1.,0.));
#3561=DIRECTION('',(0.,0.,-1.));
#3562=DIRECTION('',(-1.,0.,0.));
#3563=DIRECTION('',(0.,-1.,0.));
#3564=DIRECTION('',(0.,-1.,0.));
#3565=DIRECTION('',(-1.,0.,0.));
#3566=DIRECTION('',(0.,0.,-1.));
#3567=DIRECTION('',(-1.,0.,0.));
#3568=DIRECTION('',(0.,-1.,0.));
#3569=DIRECTION('',(0.,-1.,0.));
#3570=DIRECTION('',(-1.,0.,0.));
#3571=DIRECTION('',(0.,0.,-1.));
#3572=DIRECTION('',(-1.,0.,0.));
#3573=DIRECTION('',(0.,-1.,0.));
#3574=DIRECTION('',(0.,-1.,0.));
#3575=DIRECTION('',(-1.,0.,0.));
#3576=DIRECTION('',(0.,0.,-1.));
#3577=DIRECTION('',(-1.,0.,0.));
#3578=DIRECTION('',(0.,-1.,0.));
#3579=DIRECTION('',(0.,-1.,0.));
#3580=DIRECTION('',(-1.,0.,0.));
#3581=DIRECTION('',(0.,0.,-1.));
#3582=DIRECTION('',(-1.,0.,0.));
#3583=DIRECTION('',(0.,-1.,0.));
#3584=DIRECTION('',(0.,-1.,0.));
#3585=DIRECTION('',(-1.,0.,0.));
#3586=DIRECTION('',(0.,0.,-1.));
#3587=DIRECTION('',(-1.,0.,0.));
#3588=DIRECTION('',(0.,-1.,0.));
#3589=DIRECTION('',(0.,-1.,0.));
#3590=DIRECTION('',(-1.,0.,0.));
#3591=DIRECTION('',(0.,0.,-1.));
#3592=DIRECTION('',(-1.,0.,0.));
#3593=DIRECTION('',(0.,-1.,0.));
#3594=DIRECTION('',(0.,-1.,0.));
#3595=DIRECTION('',(-1.,0.,0.));
#3596=DIRECTION('',(0.,1.,0.));
#3597=DIRECTION('',(0.,0.,1.));
#3598=DIRECTION('',(-8.53702498020083E-16,0.,1.));
#3599=DIRECTION('',(-1.,0.,0.));
#3600=DIRECTION('',(0.,0.,-1.));
#3601=DIRECTION('',(0.,1.,0.));
#3602=DIRECTION('',(0.,0.,1.));
#3603=DIRECTION('',(0.,0.,-1.));
#3604=DIRECTION('',(0.,0.,1.));
#3605=DIRECTION('',(-1.,0.,0.));
#3606=DIRECTION('',(0.,1.,0.));
#3607=DIRECTION('',(0.,0.,1.));
#3608=DIRECTION('',(0.,0.,-1.));
#3609=DIRECTION('',(0.,0.,1.));
#3610=DIRECTION('',(-1.,0.,0.));
#3611=DIRECTION('',(0.,1.,0.));
#3612=DIRECTION('',(0.,0.,1.));
#3613=DIRECTION('',(0.,0.,-1.));
#3614=DIRECTION('',(0.,0.,1.));
#3615=DIRECTION('',(-1.,0.,0.));
#3616=DIRECTION('',(0.,1.,0.));
#3617=DIRECTION('',(0.,0.,1.));
#3618=DIRECTION('',(0.,0.,-1.));
#3619=DIRECTION('',(0.,0.,1.));
#3620=DIRECTION('',(-1.,0.,0.));
#3621=DIRECTION('',(0.,1.,0.));
#3622=DIRECTION('',(0.,0.,1.));
#3623=DIRECTION('',(0.,0.,-1.));
#3624=DIRECTION('',(0.,0.,1.));
#3625=DIRECTION('',(-1.,0.,0.));
#3626=DIRECTION('',(0.,1.,0.));
#3627=DIRECTION('',(0.,0.,1.));
#3628=DIRECTION('',(0.,0.,-1.));
#3629=DIRECTION('',(0.,0.,1.));
#3630=DIRECTION('',(-1.,0.,0.));
#3631=DIRECTION('',(0.,1.,0.));
#3632=DIRECTION('',(0.,0.,1.));
#3633=DIRECTION('',(0.,0.,-1.));
#3634=DIRECTION('',(0.,0.,-1.));
#3635=DIRECTION('',(-1.,0.,0.));
#3636=DIRECTION('',(-1.,0.,0.));
#3637=DIRECTION('',(0.,0.,1.));
#3638=DIRECTION('',(-1.,0.,-8.53702498020083E-16));
#3639=DIRECTION('',(-8.53702498020083E-16,0.,1.));
#3640=DIRECTION('',(-1.,0.,0.));
#3641=DIRECTION('',(1.,0.,0.));
#3642=DIRECTION('',(0.,0.,-1.));
#3643=DIRECTION('',(-1.,0.,0.));
#3644=DIRECTION('',(0.,0.,1.));
#3645=DIRECTION('',(1.,0.,0.));
#3646=DIRECTION('',(0.,0.,-1.));
#3647=DIRECTION('',(-1.,0.,0.));
#3648=DIRECTION('',(0.,0.,1.));
#3649=DIRECTION('',(-1.,0.,0.));
#3650=DIRECTION('',(-1.,0.,0.));
#3651=DIRECTION('',(0.,0.,1.));
#3652=DIRECTION('',(1.,0.,0.));
#3653=DIRECTION('',(0.,0.,-1.));
#3654=DIRECTION('',(-1.,0.,0.));
#3655=DIRECTION('',(0.,0.,1.));
#3656=DIRECTION('',(-1.,0.,0.));
#3657=DIRECTION('',(-1.,0.,0.));
#3658=DIRECTION('',(0.,0.,1.));
#3659=DIRECTION('',(1.,0.,0.));
#3660=DIRECTION('',(0.,0.,-1.));
#3661=DIRECTION('',(-1.,0.,0.));
#3662=DIRECTION('',(0.,0.,1.));
#3663=DIRECTION('',(-1.,0.,0.));
#3664=DIRECTION('',(-1.,0.,0.));
#3665=DIRECTION('',(0.,0.,1.));
#3666=DIRECTION('',(1.,0.,0.));
#3667=DIRECTION('',(0.,0.,-1.));
#3668=DIRECTION('',(-1.,0.,0.));
#3669=DIRECTION('',(0.,0.,1.));
#3670=DIRECTION('',(-1.,0.,0.));
#3671=DIRECTION('',(-1.,0.,0.));
#3672=DIRECTION('',(0.,0.,1.));
#3673=DIRECTION('',(1.,0.,0.));
#3674=DIRECTION('',(0.,0.,-1.));
#3675=DIRECTION('',(-1.,0.,0.));
#3676=DIRECTION('',(0.,0.,1.));
#3677=DIRECTION('',(-1.,0.,0.));
#3678=DIRECTION('',(-1.,0.,0.));
#3679=DIRECTION('',(0.,0.,1.));
#3680=DIRECTION('',(1.,0.,0.));
#3681=DIRECTION('',(0.,0.,-1.));
#3682=DIRECTION('',(-1.,0.,0.));
#3683=DIRECTION('',(0.,0.,1.));
#3684=DIRECTION('',(-1.,0.,0.));
#3685=DIRECTION('',(-1.,0.,0.));
#3686=DIRECTION('',(0.,0.,1.));
#3687=DIRECTION('',(1.,0.,0.));
#3688=DIRECTION('',(0.,0.,-1.));
#3689=DIRECTION('',(1.,0.,0.));
#3690=DIRECTION('',(0.,0.,-1.));
#3691=DIRECTION('',(-1.,0.,0.));
#3692=DIRECTION('',(0.,0.,1.));
#3693=DIRECTION('',(1.,0.,0.));
#3694=DIRECTION('',(0.,-1.,0.));
#3695=DIRECTION('',(-1.,0.,0.));
#3696=DIRECTION('',(0.,1.,0.));
#3697=DIRECTION('',(0.,-1.,0.));
#3698=DIRECTION('',(-1.,0.,0.));
#3699=DIRECTION('',(0.,1.,0.));
#3700=DIRECTION('',(0.,-1.,0.));
#3701=DIRECTION('',(-1.,0.,0.));
#3702=DIRECTION('',(0.,1.,0.));
#3703=DIRECTION('',(0.,-1.,0.));
#3704=DIRECTION('',(-1.,0.,0.));
#3705=DIRECTION('',(0.,1.,0.));
#3706=DIRECTION('',(0.,-1.,0.));
#3707=DIRECTION('',(-1.,0.,0.));
#3708=DIRECTION('',(0.,1.,0.));
#3709=DIRECTION('',(0.,-1.,0.));
#3710=DIRECTION('',(-1.,0.,0.));
#3711=DIRECTION('',(0.,1.,0.));
#3712=DIRECTION('',(0.,-1.,0.));
#3713=DIRECTION('',(-1.,0.,0.));
#3714=DIRECTION('',(0.,1.,0.));
#3715=DIRECTION('',(0.,1.,0.));
#3716=DIRECTION('',(-1.,0.,0.));
#3717=DIRECTION('',(0.,1.,0.));
#3718=DIRECTION('',(0.,0.,-1.));
#3719=DIRECTION('',(-1.,0.,0.));
#3720=DIRECTION('',(0.,1.,0.));
#3721=DIRECTION('',(-1.,0.,0.));
#3722=DIRECTION('',(0.,-1.,0.));
#3723=DIRECTION('',(1.,0.,0.));
#3724=DIRECTION('',(0.,1.,0.));
#3725=DIRECTION('',(-1.,0.,0.));
#3726=DIRECTION('',(0.,-1.,0.));
#3727=DIRECTION('',(1.,0.,0.));
#3728=DIRECTION('',(0.,1.,0.));
#3729=DIRECTION('',(-1.,0.,0.));
#3730=DIRECTION('',(0.,-1.,0.));
#3731=DIRECTION('',(1.,0.,0.));
#3732=DIRECTION('',(0.,1.,0.));
#3733=DIRECTION('',(-1.,0.,0.));
#3734=DIRECTION('',(0.,-1.,0.));
#3735=DIRECTION('',(1.,0.,0.));
#3736=DIRECTION('',(0.,1.,0.));
#3737=DIRECTION('',(-1.,0.,0.));
#3738=DIRECTION('',(0.,-1.,0.));
#3739=DIRECTION('',(1.,0.,0.));
#3740=DIRECTION('',(0.,1.,0.));
#3741=DIRECTION('',(-1.,0.,0.));
#3742=DIRECTION('',(0.,-1.,0.));
#3743=DIRECTION('',(1.,0.,0.));
#3744=DIRECTION('',(0.,1.,0.));
#3745=DIRECTION('',(-1.,0.,0.));
#3746=DIRECTION('',(0.,-1.,0.));
#3747=DIRECTION('',(-1.,0.,0.));
#3748=DIRECTION('',(0.,-1.,0.));
#3749=DIRECTION('',(-1.,0.,0.));
#3750=DIRECTION('',(0.,-1.,0.));
#3751=DIRECTION('',(1.,0.,0.));
#3752=DIRECTION('',(-1.,0.,0.));
#3753=DIRECTION('',(0.,0.,1.));
#3754=DIRECTION('',(-1.,0.,-8.53702498020083E-16));
#3755=DIRECTION('',(-8.53702498020083E-16,0.,1.));
#3756=DIRECTION('',(1.,0.,0.));
#3757=DIRECTION('',(0.,0.,-1.));
#3758=DIRECTION('',(-1.,0.,0.));
#3759=DIRECTION('',(0.,0.,1.));
#3760=DIRECTION('',(1.,0.,0.));
#3761=DIRECTION('',(0.,0.,-1.));
#3762=DIRECTION('',(-1.,0.,0.));
#3763=DIRECTION('',(0.,0.,1.));
#3764=DIRECTION('',(-1.,0.,0.));
#3765=DIRECTION('',(0.,0.,1.));
#3766=DIRECTION('',(1.,0.,0.));
#3767=DIRECTION('',(0.,0.,-1.));
#3768=DIRECTION('',(-1.,0.,0.));
#3769=DIRECTION('',(0.,0.,1.));
#3770=DIRECTION('',(-1.,0.,0.));
#3771=DIRECTION('',(0.,0.,1.));
#3772=DIRECTION('',(1.,0.,0.));
#3773=DIRECTION('',(0.,0.,-1.));
#3774=DIRECTION('',(-1.,0.,0.));
#3775=DIRECTION('',(0.,0.,1.));
#3776=DIRECTION('',(-1.,0.,0.));
#3777=DIRECTION('',(0.,0.,1.));
#3778=DIRECTION('',(1.,0.,0.));
#3779=DIRECTION('',(0.,0.,-1.));
#3780=DIRECTION('',(-1.,0.,0.));
#3781=DIRECTION('',(0.,0.,1.));
#3782=DIRECTION('',(-1.,0.,0.));
#3783=DIRECTION('',(0.,0.,1.));
#3784=DIRECTION('',(1.,0.,0.));
#3785=DIRECTION('',(0.,0.,-1.));
#3786=DIRECTION('',(-1.,0.,0.));
#3787=DIRECTION('',(0.,0.,1.));
#3788=DIRECTION('',(-1.,0.,0.));
#3789=DIRECTION('',(0.,0.,1.));
#3790=DIRECTION('',(1.,0.,0.));
#3791=DIRECTION('',(0.,0.,-1.));
#3792=DIRECTION('',(-1.,0.,0.));
#3793=DIRECTION('',(0.,0.,1.));
#3794=DIRECTION('',(-1.,0.,0.));
#3795=DIRECTION('',(0.,0.,1.));
#3796=DIRECTION('',(1.,0.,0.));
#3797=DIRECTION('',(0.,0.,-1.));
#3798=DIRECTION('',(1.,0.,0.));
#3799=DIRECTION('',(0.,0.,-1.));
#3800=DIRECTION('',(0.,-1.,0.));
#3801=DIRECTION('',(0.,0.,-1.));
#3802=DIRECTION('',(0.,0.,1.));
#3803=DIRECTION('',(0.,0.,1.));
#3804=DIRECTION('',(1.,0.,0.));
#3805=DIRECTION('',(0.,0.,-1.));
#3806=DIRECTION('',(1.,0.,0.));
#3807=DIRECTION('',(0.,0.,-1.));
#3808=DIRECTION('',(1.,0.,0.));
#3809=DIRECTION('',(0.,0.,-1.));
#3810=DIRECTION('',(0.,0.,1.));
#3811=DIRECTION('',(-1.,0.,0.));
#3812=DIRECTION('',(0.,0.,1.));
#3813=DIRECTION('',(0.,0.,-1.));
#3814=DIRECTION('',(0.,1.,0.));
#3815=DIRECTION('',(0.,0.,1.));
#3816=DIRECTION('',(1.,0.,0.));
#3817=DIRECTION('',(0.,0.,-1.));
#3818=DIRECTION('',(0.,0.,1.));
#3819=DIRECTION('',(-1.,0.,0.));
#3820=DIRECTION('',(0.,0.,1.));
#3821=DIRECTION('',(0.,0.,-1.));
#3822=DIRECTION('',(0.,1.,0.));
#3823=DIRECTION('',(0.,0.,1.));
#3824=DIRECTION('',(1.,0.,0.));
#3825=DIRECTION('',(0.,0.,-1.));
#3826=DIRECTION('',(0.,0.,1.));
#3827=DIRECTION('',(-1.,0.,0.));
#3828=DIRECTION('',(0.,0.,1.));
#3829=DIRECTION('',(0.,0.,-1.));
#3830=DIRECTION('',(0.,1.,0.));
#3831=DIRECTION('',(0.,0.,1.));
#3832=DIRECTION('',(1.,0.,0.));
#3833=DIRECTION('',(0.,0.,-1.));
#3834=DIRECTION('',(0.,0.,1.));
#3835=DIRECTION('',(-1.,0.,0.));
#3836=DIRECTION('',(0.,0.,1.));
#3837=DIRECTION('',(0.,0.,-1.));
#3838=DIRECTION('',(0.,1.,0.));
#3839=DIRECTION('',(0.,0.,1.));
#3840=DIRECTION('',(1.,0.,0.));
#3841=DIRECTION('',(0.,0.,-1.));
#3842=DIRECTION('',(0.,0.,1.));
#3843=DIRECTION('',(-1.,0.,0.));
#3844=DIRECTION('',(0.,0.,1.));
#3845=DIRECTION('',(0.,0.,-1.));
#3846=DIRECTION('',(0.,1.,0.));
#3847=DIRECTION('',(0.,0.,1.));
#3848=DIRECTION('',(1.,0.,0.));
#3849=DIRECTION('',(0.,0.,-1.));
#3850=DIRECTION('',(0.,0.,1.));
#3851=DIRECTION('',(-1.,0.,0.));
#3852=DIRECTION('',(0.,0.,1.));
#3853=DIRECTION('',(0.,0.,-1.));
#3854=DIRECTION('',(0.,1.,0.));
#3855=DIRECTION('',(0.,0.,1.));
#3856=DIRECTION('',(-1.,0.,-8.53702498020083E-16));
#3857=DIRECTION('',(-8.53702498020083E-16,0.,1.));
#3858=DIRECTION('',(8.53702498020083E-16,0.,-1.));
#3859=DIRECTION('',(1.,0.,0.));
#3860=DIRECTION('',(0.,0.,-1.));
#3861=DIRECTION('',(0.,0.,1.));
#3862=DIRECTION('',(0.,1.,0.));
#3863=DIRECTION('',(0.,0.,1.));
#3864=DIRECTION('',(0.,0.,1.));
#3865=DIRECTION('',(1.,0.,0.));
#3866=DIRECTION('',(0.,0.,-1.));
#3867=DIRECTION('',(-1.,0.,0.));
#3868=CARTESIAN_POINT('',(0.,0.,0.));
#3869=CARTESIAN_POINT('',(0.,0.085,-0.06));
#3870=CARTESIAN_POINT('',(0.,0.005,0.048));
#3871=CARTESIAN_POINT('',(0.,0.005,0.048));
#3872=CARTESIAN_POINT('',(0.,0.,0.048));
#3873=CARTESIAN_POINT('',(0.,0.,-0.06));
#3874=CARTESIAN_POINT('',(0.,0.,0.06));
#3875=CARTESIAN_POINT('',(0.,0.085,0.06));
#3876=CARTESIAN_POINT('',(0.,0.085,0.06));
#3877=CARTESIAN_POINT('',(0.,0.085,-0.06));
#3878=CARTESIAN_POINT('',(0.,0.085,-0.06));
#3879=CARTESIAN_POINT('',(0.,0.085,-0.06));
#3880=CARTESIAN_POINT('',(0.,0.,-0.06));
#3881=CARTESIAN_POINT('',(0.,0.,-0.06));
#3882=CARTESIAN_POINT('',(0.,0.,-0.048));
#3883=CARTESIAN_POINT('',(0.,-0.005,-0.048));
#3884=CARTESIAN_POINT('',(0.,0.005,-0.048));
#3885=CARTESIAN_POINT('',(0.,0.005,-0.048));
#3886=CARTESIAN_POINT('',(0.3935,0.085,-0.035));
#3887=CARTESIAN_POINT('',(0.3735,0.085,-0.035));
#3888=CARTESIAN_POINT('',(0.3735,0.085,-0.035));
#3889=CARTESIAN_POINT('',(0.3735,0.005,-0.035));
#3890=CARTESIAN_POINT('',(0.3935,0.005,-0.035));
#3891=CARTESIAN_POINT('',(0.3935,0.005,-0.035));
#3892=CARTESIAN_POINT('',(0.3935,0.085,-0.035));
#3893=CARTESIAN_POINT('',(0.3935,0.085,-0.035));
#3894=CARTESIAN_POINT('',(0.3935,0.085,-0.035));
#3895=CARTESIAN_POINT('',(0.3935,0.085,-0.015));
#3896=CARTESIAN_POINT('',(0.3935,0.005,-0.015));
#3897=CARTESIAN_POINT('',(0.3935,0.005,-0.015));
#3898=CARTESIAN_POINT('',(0.3935,0.085,-0.015));
#3899=CARTESIAN_POINT('',(0.3935,0.085,-0.015));
#3900=CARTESIAN_POINT('',(0.3935,0.085,-0.015));
#3901=CARTESIAN_POINT('',(0.3735,0.085,-0.015));
#3902=CARTESIAN_POINT('',(0.3735,0.005,-0.015));
#3903=CARTESIAN_POINT('',(0.3735,0.005,-0.015));
#3904=CARTESIAN_POINT('',(0.3735,0.085,-0.015));
#3905=CARTESIAN_POINT('',(0.3735,0.085,-0.015));
#3906=CARTESIAN_POINT('',(0.3735,0.085,-0.015));
#3907=CARTESIAN_POINT('',(0.3935,0.085,0.015));
#3908=CARTESIAN_POINT('',(0.3735,0.085,0.015));
#3909=CARTESIAN_POINT('',(0.3735,0.085,0.015));
#3910=CARTESIAN_POINT('',(0.3735,0.005,0.015));
#3911=CARTESIAN_POINT('',(0.3935,0.005,0.015));
#3912=CARTESIAN_POINT('',(0.3935,0.005,0.015));
#3913=CARTESIAN_POINT('',(0.3935,0.085,0.015));
#3914=CARTESIAN_POINT('',(0.3935,0.085,0.015));
#3915=CARTESIAN_POINT('',(0.3935,0.085,0.015));
#3916=CARTESIAN_POINT('',(0.3935,0.085,0.035));
#3917=CARTESIAN_POINT('',(0.3935,0.005,0.035));
#3918=CARTESIAN_POINT('',(0.3935,0.005,0.035));
#3919=CARTESIAN_POINT('',(0.3935,0.085,0.035));
#3920=CARTESIAN_POINT('',(0.3935,0.085,0.035));
#3921=CARTESIAN_POINT('',(0.3935,0.085,0.035));
#3922=CARTESIAN_POINT('',(0.3735,0.085,0.035));
#3923=CARTESIAN_POINT('',(0.3735,0.005,0.035));
#3924=CARTESIAN_POINT('',(0.3735,0.005,0.035));
#3925=CARTESIAN_POINT('',(0.3735,0.085,0.035));
#3926=CARTESIAN_POINT('',(0.3735,0.085,0.035));
#3927=CARTESIAN_POINT('',(0.3735,0.085,0.035));
#3928=CARTESIAN_POINT('',(0.3435,0.085,-0.035));
#3929=CARTESIAN_POINT('',(0.3235,0.085,-0.035));
#3930=CARTESIAN_POINT('',(0.3235,0.085,-0.035));
#3931=CARTESIAN_POINT('',(0.3235,0.005,-0.035));
#3932=CARTESIAN_POINT('',(0.3435,0.005,-0.035));
#3933=CARTESIAN_POINT('',(0.3435,0.005,-0.035));
#3934=CARTESIAN_POINT('',(0.3435,0.085,-0.035));
#3935=CARTESIAN_POINT('',(0.3435,0.085,-0.035));
#3936=CARTESIAN_POINT('',(0.3435,0.085,-0.035));
#3937=CARTESIAN_POINT('',(0.3435,0.085,-0.015));
#3938=CARTESIAN_POINT('',(0.3435,0.005,-0.015));
#3939=CARTESIAN_POINT('',(0.3435,0.005,-0.015));
#3940=CARTESIAN_POINT('',(0.3435,0.085,-0.015));
#3941=CARTESIAN_POINT('',(0.3435,0.085,-0.015));
#3942=CARTESIAN_POINT('',(0.3435,0.085,-0.015));
#3943=CARTESIAN_POINT('',(0.3235,0.085,-0.015));
#3944=CARTESIAN_POINT('',(0.3235,0.005,-0.015));
#3945=CARTESIAN_POINT('',(0.3235,0.005,-0.015));
#3946=CARTESIAN_POINT('',(0.3235,0.085,-0.015));
#3947=CARTESIAN_POINT('',(0.3235,0.085,-0.015));
#3948=CARTESIAN_POINT('',(0.3235,0.085,-0.015));
#3949=CARTESIAN_POINT('',(0.3435,0.085,0.015));
#3950=CARTESIAN_POINT('',(0.3235,0.085,0.015));
#3951=CARTESIAN_POINT('',(0.3235,0.085,0.015));
#3952=CARTESIAN_POINT('',(0.3235,0.005,0.015));
#3953=CARTESIAN_POINT('',(0.3435,0.005,0.015));
#3954=CARTESIAN_POINT('',(0.3435,0.005,0.015));
#3955=CARTESIAN_POINT('',(0.3435,0.085,0.015));
#3956=CARTESIAN_POINT('',(0.3435,0.085,0.015));
#3957=CARTESIAN_POINT('',(0.3435,0.085,0.015));
#3958=CARTESIAN_POINT('',(0.3435,0.085,0.035));
#3959=CARTESIAN_POINT('',(0.3435,0.005,0.035));
#3960=CARTESIAN_POINT('',(0.3435,0.005,0.035));
#3961=CARTESIAN_POINT('',(0.3435,0.085,0.035));
#3962=CARTESIAN_POINT('',(0.3435,0.085,0.035));
#3963=CARTESIAN_POINT('',(0.3435,0.085,0.035));
#3964=CARTESIAN_POINT('',(0.3235,0.085,0.035));
#3965=CARTESIAN_POINT('',(0.3235,0.005,0.035));
#3966=CARTESIAN_POINT('',(0.3235,0.005,0.035));
#3967=CARTESIAN_POINT('',(0.3235,0.085,0.035));
#3968=CARTESIAN_POINT('',(0.3235,0.085,0.035));
#3969=CARTESIAN_POINT('',(0.3235,0.085,0.035));
#3970=CARTESIAN_POINT('',(0.2935,0.085,-0.035));
#3971=CARTESIAN_POINT('',(0.2735,0.085,-0.035));
#3972=CARTESIAN_POINT('',(0.2735,0.085,-0.035));
#3973=CARTESIAN_POINT('',(0.2735,0.005,-0.035));
#3974=CARTESIAN_POINT('',(0.2935,0.005,-0.035));
#3975=CARTESIAN_POINT('',(0.2935,0.005,-0.035));
#3976=CARTESIAN_POINT('',(0.2935,0.085,-0.035));
#3977=CARTESIAN_POINT('',(0.2935,0.085,-0.035));
#3978=CARTESIAN_POINT('',(0.2935,0.085,-0.035));
#3979=CARTESIAN_POINT('',(0.2935,0.085,-0.015));
#3980=CARTESIAN_POINT('',(0.2935,0.005,-0.015));
#3981=CARTESIAN_POINT('',(0.2935,0.005,-0.015));
#3982=CARTESIAN_POINT('',(0.2935,0.085,-0.015));
#3983=CARTESIAN_POINT('',(0.2935,0.085,-0.015));
#3984=CARTESIAN_POINT('',(0.2935,0.085,-0.015));
#3985=CARTESIAN_POINT('',(0.2735,0.085,-0.015));
#3986=CARTESIAN_POINT('',(0.2735,0.005,-0.015));
#3987=CARTESIAN_POINT('',(0.2735,0.005,-0.015));
#3988=CARTESIAN_POINT('',(0.2735,0.085,-0.015));
#3989=CARTESIAN_POINT('',(0.2735,0.085,-0.015));
#3990=CARTESIAN_POINT('',(0.2735,0.085,-0.015));
#3991=CARTESIAN_POINT('',(0.2935,0.085,0.015));
#3992=CARTESIAN_POINT('',(0.2735,0.085,0.015));
#3993=CARTESIAN_POINT('',(0.2735,0.085,0.015));
#3994=CARTESIAN_POINT('',(0.2735,0.005,0.015));
#3995=CARTESIAN_POINT('',(0.2935,0.005,0.015));
#3996=CARTESIAN_POINT('',(0.2935,0.005,0.015));
#3997=CARTESIAN_POINT('',(0.2935,0.085,0.015));
#3998=CARTESIAN_POINT('',(0.2935,0.085,0.015));
#3999=CARTESIAN_POINT('',(0.2935,0.085,0.015));
#4000=CARTESIAN_POINT('',(0.2935,0.085,0.035));
#4001=CARTESIAN_POINT('',(0.2935,0.005,0.035));
#4002=CARTESIAN_POINT('',(0.2935,0.005,0.035));
#4003=CARTESIAN_POINT('',(0.2935,0.085,0.035));
#4004=CARTESIAN_POINT('',(0.2935,0.085,0.035));
#4005=CARTESIAN_POINT('',(0.2935,0.085,0.035));
#4006=CARTESIAN_POINT('',(0.2735,0.085,0.035));
#4007=CARTESIAN_POINT('',(0.2735,0.005,0.035));
#4008=CARTESIAN_POINT('',(0.2735,0.005,0.035));
#4009=CARTESIAN_POINT('',(0.2735,0.085,0.035));
#4010=CARTESIAN_POINT('',(0.2735,0.085,0.035));
#4011=CARTESIAN_POINT('',(0.2735,0.085,0.035));
#4012=CARTESIAN_POINT('',(0.2435,0.085,-0.035));
#4013=CARTESIAN_POINT('',(0.2235,0.085,-0.035));
#4014=CARTESIAN_POINT('',(0.2235,0.085,-0.035));
#4015=CARTESIAN_POINT('',(0.2235,0.005,-0.035));
#4016=CARTESIAN_POINT('',(0.2435,0.005,-0.035));
#4017=CARTESIAN_POINT('',(0.2435,0.005,-0.035));
#4018=CARTESIAN_POINT('',(0.2435,0.085,-0.035));
#4019=CARTESIAN_POINT('',(0.2435,0.085,-0.035));
#4020=CARTESIAN_POINT('',(0.2435,0.085,-0.035));
#4021=CARTESIAN_POINT('',(0.2435,0.085,-0.015));
#4022=CARTESIAN_POINT('',(0.2435,0.005,-0.015));
#4023=CARTESIAN_POINT('',(0.2435,0.005,-0.015));
#4024=CARTESIAN_POINT('',(0.2435,0.085,-0.015));
#4025=CARTESIAN_POINT('',(0.2435,0.085,-0.015));
#4026=CARTESIAN_POINT('',(0.2435,0.085,-0.015));
#4027=CARTESIAN_POINT('',(0.2235,0.085,-0.015));
#4028=CARTESIAN_POINT('',(0.2235,0.005,-0.015));
#4029=CARTESIAN_POINT('',(0.2235,0.005,-0.015));
#4030=CARTESIAN_POINT('',(0.2235,0.085,-0.015));
#4031=CARTESIAN_POINT('',(0.2235,0.085,-0.015));
#4032=CARTESIAN_POINT('',(0.2235,0.085,-0.015));
#4033=CARTESIAN_POINT('',(0.2435,0.085,0.015));
#4034=CARTESIAN_POINT('',(0.2235,0.085,0.015));
#4035=CARTESIAN_POINT('',(0.2235,0.085,0.015));
#4036=CARTESIAN_POINT('',(0.2235,0.005,0.015));
#4037=CARTESIAN_POINT('',(0.2435,0.005,0.015));
#4038=CARTESIAN_POINT('',(0.2435,0.005,0.015));
#4039=CARTESIAN_POINT('',(0.2435,0.085,0.015));
#4040=CARTESIAN_POINT('',(0.2435,0.085,0.015));
#4041=CARTESIAN_POINT('',(0.2435,0.085,0.015));
#4042=CARTESIAN_POINT('',(0.2435,0.085,0.035));
#4043=CARTESIAN_POINT('',(0.2435,0.005,0.035));
#4044=CARTESIAN_POINT('',(0.2435,0.005,0.035));
#4045=CARTESIAN_POINT('',(0.2435,0.085,0.035));
#4046=CARTESIAN_POINT('',(0.2435,0.085,0.035));
#4047=CARTESIAN_POINT('',(0.2435,0.085,0.035));
#4048=CARTESIAN_POINT('',(0.2235,0.085,0.035));
#4049=CARTESIAN_POINT('',(0.2235,0.005,0.035));
#4050=CARTESIAN_POINT('',(0.2235,0.005,0.035));
#4051=CARTESIAN_POINT('',(0.2235,0.085,0.035));
#4052=CARTESIAN_POINT('',(0.2235,0.085,0.035));
#4053=CARTESIAN_POINT('',(0.2235,0.085,0.035));
#4054=CARTESIAN_POINT('',(0.1935,0.085,-0.035));
#4055=CARTESIAN_POINT('',(0.1735,0.085,-0.035));
#4056=CARTESIAN_POINT('',(0.1735,0.085,-0.035));
#4057=CARTESIAN_POINT('',(0.1735,0.005,-0.035));
#4058=CARTESIAN_POINT('',(0.1935,0.005,-0.035));
#4059=CARTESIAN_POINT('',(0.1935,0.005,-0.035));
#4060=CARTESIAN_POINT('',(0.1935,0.085,-0.035));
#4061=CARTESIAN_POINT('',(0.1935,0.085,-0.035));
#4062=CARTESIAN_POINT('',(0.1935,0.085,-0.035));
#4063=CARTESIAN_POINT('',(0.1935,0.085,-0.015));
#4064=CARTESIAN_POINT('',(0.1935,0.005,-0.015));
#4065=CARTESIAN_POINT('',(0.1935,0.005,-0.015));
#4066=CARTESIAN_POINT('',(0.1935,0.085,-0.015));
#4067=CARTESIAN_POINT('',(0.1935,0.085,-0.015));
#4068=CARTESIAN_POINT('',(0.1935,0.085,-0.015));
#4069=CARTESIAN_POINT('',(0.1735,0.085,-0.015));
#4070=CARTESIAN_POINT('',(0.1735,0.005,-0.015));
#4071=CARTESIAN_POINT('',(0.1735,0.005,-0.015));
#4072=CARTESIAN_POINT('',(0.1735,0.085,-0.015));
#4073=CARTESIAN_POINT('',(0.1735,0.085,-0.015));
#4074=CARTESIAN_POINT('',(0.1735,0.085,-0.015));
#4075=CARTESIAN_POINT('',(0.1935,0.085,0.015));
#4076=CARTESIAN_POINT('',(0.1735,0.085,0.015));
#4077=CARTESIAN_POINT('',(0.1735,0.085,0.015));
#4078=CARTESIAN_POINT('',(0.1735,0.005,0.015));
#4079=CARTESIAN_POINT('',(0.1935,0.005,0.015));
#4080=CARTESIAN_POINT('',(0.1935,0.005,0.015));
#4081=CARTESIAN_POINT('',(0.1935,0.085,0.015));
#4082=CARTESIAN_POINT('',(0.1935,0.085,0.015));
#4083=CARTESIAN_POINT('',(0.1935,0.085,0.015));
#4084=CARTESIAN_POINT('',(0.1935,0.085,0.035));
#4085=CARTESIAN_POINT('',(0.1935,0.005,0.035));
#4086=CARTESIAN_POINT('',(0.1935,0.005,0.035));
#4087=CARTESIAN_POINT('',(0.1935,0.085,0.035));
#4088=CARTESIAN_POINT('',(0.1935,0.085,0.035));
#4089=CARTESIAN_POINT('',(0.1935,0.085,0.035));
#4090=CARTESIAN_POINT('',(0.1735,0.085,0.035));
#4091=CARTESIAN_POINT('',(0.1735,0.005,0.035));
#4092=CARTESIAN_POINT('',(0.1735,0.005,0.035));
#4093=CARTESIAN_POINT('',(0.1735,0.085,0.035));
#4094=CARTESIAN_POINT('',(0.1735,0.085,0.035));
#4095=CARTESIAN_POINT('',(0.1735,0.085,0.035));
#4096=CARTESIAN_POINT('',(0.1435,0.085,-0.035));
#4097=CARTESIAN_POINT('',(0.1235,0.085,-0.035));
#4098=CARTESIAN_POINT('',(0.1235,0.085,-0.035));
#4099=CARTESIAN_POINT('',(0.1235,0.005,-0.035));
#4100=CARTESIAN_POINT('',(0.1435,0.005,-0.035));
#4101=CARTESIAN_POINT('',(0.1435,0.005,-0.035));
#4102=CARTESIAN_POINT('',(0.1435,0.085,-0.035));
#4103=CARTESIAN_POINT('',(0.1435,0.085,-0.035));
#4104=CARTESIAN_POINT('',(0.1435,0.085,-0.035));
#4105=CARTESIAN_POINT('',(0.1435,0.085,-0.015));
#4106=CARTESIAN_POINT('',(0.1435,0.005,-0.015));
#4107=CARTESIAN_POINT('',(0.1435,0.005,-0.015));
#4108=CARTESIAN_POINT('',(0.1435,0.085,-0.015));
#4109=CARTESIAN_POINT('',(0.1435,0.085,-0.015));
#4110=CARTESIAN_POINT('',(0.1435,0.085,-0.015));
#4111=CARTESIAN_POINT('',(0.1235,0.085,-0.015));
#4112=CARTESIAN_POINT('',(0.1235,0.005,-0.015));
#4113=CARTESIAN_POINT('',(0.1235,0.005,-0.015));
#4114=CARTESIAN_POINT('',(0.1235,0.085,-0.015));
#4115=CARTESIAN_POINT('',(0.1235,0.085,-0.015));
#4116=CARTESIAN_POINT('',(0.1235,0.085,-0.015));
#4117=CARTESIAN_POINT('',(0.1435,0.085,0.015));
#4118=CARTESIAN_POINT('',(0.1235,0.085,0.015));
#4119=CARTESIAN_POINT('',(0.1235,0.085,0.015));
#4120=CARTESIAN_POINT('',(0.1235,0.005,0.015));
#4121=CARTESIAN_POINT('',(0.1435,0.005,0.015));
#4122=CARTESIAN_POINT('',(0.1435,0.005,0.015));
#4123=CARTESIAN_POINT('',(0.1435,0.085,0.015));
#4124=CARTESIAN_POINT('',(0.1435,0.085,0.015));
#4125=CARTESIAN_POINT('',(0.1435,0.085,0.015));
#4126=CARTESIAN_POINT('',(0.1435,0.085,0.035));
#4127=CARTESIAN_POINT('',(0.1435,0.005,0.035));
#4128=CARTESIAN_POINT('',(0.1435,0.005,0.035));
#4129=CARTESIAN_POINT('',(0.1435,0.085,0.035));
#4130=CARTESIAN_POINT('',(0.1435,0.085,0.035));
#4131=CARTESIAN_POINT('',(0.1435,0.085,0.035));
#4132=CARTESIAN_POINT('',(0.1235,0.085,0.035));
#4133=CARTESIAN_POINT('',(0.1235,0.005,0.035));
#4134=CARTESIAN_POINT('',(0.1235,0.005,0.035));
#4135=CARTESIAN_POINT('',(0.1235,0.085,0.035));
#4136=CARTESIAN_POINT('',(0.1235,0.085,0.035));
#4137=CARTESIAN_POINT('',(0.1235,0.085,0.035));
#4138=CARTESIAN_POINT('',(0.0935,0.085,-0.035));
#4139=CARTESIAN_POINT('',(0.0735,0.085,-0.035));
#4140=CARTESIAN_POINT('',(0.0735,0.085,-0.035));
#4141=CARTESIAN_POINT('',(0.0735,0.005,-0.035));
#4142=CARTESIAN_POINT('',(0.0935,0.005,-0.035));
#4143=CARTESIAN_POINT('',(0.0935,0.005,-0.035));
#4144=CARTESIAN_POINT('',(0.0935,0.085,-0.035));
#4145=CARTESIAN_POINT('',(0.0935,0.085,-0.035));
#4146=CARTESIAN_POINT('',(0.0935,0.085,-0.035));
#4147=CARTESIAN_POINT('',(0.0935,0.085,-0.015));
#4148=CARTESIAN_POINT('',(0.0935,0.005,-0.015));
#4149=CARTESIAN_POINT('',(0.0935,0.005,-0.015));
#4150=CARTESIAN_POINT('',(0.0935,0.085,-0.015));
#4151=CARTESIAN_POINT('',(0.0935,0.085,-0.015));
#4152=CARTESIAN_POINT('',(0.0935,0.085,-0.015));
#4153=CARTESIAN_POINT('',(0.0735,0.085,-0.015));
#4154=CARTESIAN_POINT('',(0.0735,0.005,-0.015));
#4155=CARTESIAN_POINT('',(0.0735,0.005,-0.015));
#4156=CARTESIAN_POINT('',(0.0735,0.085,-0.015));
#4157=CARTESIAN_POINT('',(0.0735,0.085,-0.015));
#4158=CARTESIAN_POINT('',(0.0735,0.085,-0.015));
#4159=CARTESIAN_POINT('',(0.0935,0.085,0.015));
#4160=CARTESIAN_POINT('',(0.0735,0.085,0.015));
#4161=CARTESIAN_POINT('',(0.0735,0.085,0.015));
#4162=CARTESIAN_POINT('',(0.0735,0.005,0.015));
#4163=CARTESIAN_POINT('',(0.0935,0.005,0.015));
#4164=CARTESIAN_POINT('',(0.0935,0.005,0.015));
#4165=CARTESIAN_POINT('',(0.0935,0.085,0.015));
#4166=CARTESIAN_POINT('',(0.0935,0.085,0.015));
#4167=CARTESIAN_POINT('',(0.0935,0.085,0.015));
#4168=CARTESIAN_POINT('',(0.0935,0.085,0.035));
#4169=CARTESIAN_POINT('',(0.0935,0.005,0.035));
#4170=CARTESIAN_POINT('',(0.0935,0.005,0.035));
#4171=CARTESIAN_POINT('',(0.0935,0.085,0.035));
#4172=CARTESIAN_POINT('',(0.0935,0.085,0.035));
#4173=CARTESIAN_POINT('',(0.0935,0.085,0.035));
#4174=CARTESIAN_POINT('',(0.0735,0.085,0.035));
#4175=CARTESIAN_POINT('',(0.0735,0.005,0.035));
#4176=CARTESIAN_POINT('',(0.0735,0.005,0.035));
#4177=CARTESIAN_POINT('',(0.0735,0.085,0.035));
#4178=CARTESIAN_POINT('',(0.0735,0.085,0.035));
#4179=CARTESIAN_POINT('',(0.0735,0.085,0.035));
#4180=CARTESIAN_POINT('',(0.0435,0.085,-0.035));
#4181=CARTESIAN_POINT('',(0.0235,0.085,-0.035));
#4182=CARTESIAN_POINT('',(0.0235,0.085,-0.035));
#4183=CARTESIAN_POINT('',(0.0235,0.005,-0.035));
#4184=CARTESIAN_POINT('',(0.0435,0.005,-0.035));
#4185=CARTESIAN_POINT('',(0.0435,0.005,-0.035));
#4186=CARTESIAN_POINT('',(0.0435,0.085,-0.035));
#4187=CARTESIAN_POINT('',(0.0435,0.085,-0.035));
#4188=CARTESIAN_POINT('',(0.0435,0.085,-0.035));
#4189=CARTESIAN_POINT('',(0.0435,0.085,-0.015));
#4190=CARTESIAN_POINT('',(0.0435,0.005,-0.015));
#4191=CARTESIAN_POINT('',(0.0435,0.005,-0.015));
#4192=CARTESIAN_POINT('',(0.0435,0.085,-0.015));
#4193=CARTESIAN_POINT('',(0.0435,0.085,-0.015));
#4194=CARTESIAN_POINT('',(0.0435,0.085,-0.015));
#4195=CARTESIAN_POINT('',(0.0235,0.085,-0.015));
#4196=CARTESIAN_POINT('',(0.0235,0.005,-0.015));
#4197=CARTESIAN_POINT('',(0.0235,0.005,-0.015));
#4198=CARTESIAN_POINT('',(0.0235,0.085,-0.015));
#4199=CARTESIAN_POINT('',(0.0235,0.085,-0.015));
#4200=CARTESIAN_POINT('',(0.0235,0.085,-0.015));
#4201=CARTESIAN_POINT('',(0.0435,0.085,0.015));
#4202=CARTESIAN_POINT('',(0.0235,0.085,0.015));
#4203=CARTESIAN_POINT('',(0.0235,0.085,0.015));
#4204=CARTESIAN_POINT('',(0.0235,0.005,0.015));
#4205=CARTESIAN_POINT('',(0.0435,0.005,0.015));
#4206=CARTESIAN_POINT('',(0.0435,0.005,0.015));
#4207=CARTESIAN_POINT('',(0.0435,0.085,0.015));
#4208=CARTESIAN_POINT('',(0.0435,0.085,0.015));
#4209=CARTESIAN_POINT('',(0.0435,0.085,0.015));
#4210=CARTESIAN_POINT('',(0.0435,0.085,0.035));
#4211=CARTESIAN_POINT('',(0.0435,0.005,0.035));
#4212=CARTESIAN_POINT('',(0.0435,0.005,0.035));
#4213=CARTESIAN_POINT('',(0.0435,0.085,0.035));
#4214=CARTESIAN_POINT('',(0.0435,0.085,0.035));
#4215=CARTESIAN_POINT('',(0.0435,0.085,0.035));
#4216=CARTESIAN_POINT('',(0.0235,0.085,0.035));
#4217=CARTESIAN_POINT('',(0.0235,0.005,0.035));
#4218=CARTESIAN_POINT('',(0.0235,0.005,0.035));
#4219=CARTESIAN_POINT('',(0.0235,0.085,0.035));
#4220=CARTESIAN_POINT('',(0.0235,0.085,0.035));
#4221=CARTESIAN_POINT('',(0.0235,0.085,0.035));
#4222=CARTESIAN_POINT('',(0.3735,0.085,-0.035));
#4223=CARTESIAN_POINT('',(0.3735,0.005,-0.035));
#4224=CARTESIAN_POINT('',(0.3735,0.085,-0.035));
#4225=CARTESIAN_POINT('',(0.3735,0.085,0.015));
#4226=CARTESIAN_POINT('',(0.3735,0.005,0.015));
#4227=CARTESIAN_POINT('',(0.3735,0.085,0.015));
#4228=CARTESIAN_POINT('',(0.3235,0.085,-0.035));
#4229=CARTESIAN_POINT('',(0.3235,0.005,-0.035));
#4230=CARTESIAN_POINT('',(0.3235,0.085,-0.035));
#4231=CARTESIAN_POINT('',(0.3235,0.085,0.015));
#4232=CARTESIAN_POINT('',(0.3235,0.005,0.015));
#4233=CARTESIAN_POINT('',(0.3235,0.085,0.015));
#4234=CARTESIAN_POINT('',(0.2735,0.085,-0.035));
#4235=CARTESIAN_POINT('',(0.2735,0.005,-0.035));
#4236=CARTESIAN_POINT('',(0.2735,0.085,-0.035));
#4237=CARTESIAN_POINT('',(0.2735,0.085,0.015));
#4238=CARTESIAN_POINT('',(0.2735,0.005,0.015));
#4239=CARTESIAN_POINT('',(0.2735,0.085,0.015));
#4240=CARTESIAN_POINT('',(0.2235,0.085,-0.035));
#4241=CARTESIAN_POINT('',(0.2235,0.005,-0.035));
#4242=CARTESIAN_POINT('',(0.2235,0.085,-0.035));
#4243=CARTESIAN_POINT('',(0.2235,0.085,0.015));
#4244=CARTESIAN_POINT('',(0.2235,0.005,0.015));
#4245=CARTESIAN_POINT('',(0.2235,0.085,0.015));
#4246=CARTESIAN_POINT('',(0.1735,0.085,-0.035));
#4247=CARTESIAN_POINT('',(0.1735,0.005,-0.035));
#4248=CARTESIAN_POINT('',(0.1735,0.085,-0.035));
#4249=CARTESIAN_POINT('',(0.1735,0.085,0.015));
#4250=CARTESIAN_POINT('',(0.1735,0.005,0.015));
#4251=CARTESIAN_POINT('',(0.1735,0.085,0.015));
#4252=CARTESIAN_POINT('',(0.1235,0.085,-0.035));
#4253=CARTESIAN_POINT('',(0.1235,0.005,-0.035));
#4254=CARTESIAN_POINT('',(0.1235,0.085,-0.035));
#4255=CARTESIAN_POINT('',(0.1235,0.085,0.015));
#4256=CARTESIAN_POINT('',(0.1235,0.005,0.015));
#4257=CARTESIAN_POINT('',(0.1235,0.085,0.015));
#4258=CARTESIAN_POINT('',(0.0735,0.085,-0.035));
#4259=CARTESIAN_POINT('',(0.0735,0.005,-0.035));
#4260=CARTESIAN_POINT('',(0.0735,0.085,-0.035));
#4261=CARTESIAN_POINT('',(0.0735,0.085,0.015));
#4262=CARTESIAN_POINT('',(0.0735,0.005,0.015));
#4263=CARTESIAN_POINT('',(0.0735,0.085,0.015));
#4264=CARTESIAN_POINT('',(0.0235,0.085,-0.035));
#4265=CARTESIAN_POINT('',(0.0235,0.005,-0.035));
#4266=CARTESIAN_POINT('',(0.0235,0.085,-0.035));
#4267=CARTESIAN_POINT('',(0.0235,0.085,0.015));
#4268=CARTESIAN_POINT('',(0.0235,0.005,0.015));
#4269=CARTESIAN_POINT('',(0.0235,0.085,0.015));
#4270=CARTESIAN_POINT('',(0.417,0.085,0.06));
#4271=CARTESIAN_POINT('',(0.417,0.085,0.048));
#4272=CARTESIAN_POINT('',(0.417,0.005,0.048));
#4273=CARTESIAN_POINT('',(0.417,0.,0.048));
#4274=CARTESIAN_POINT('',(0.417,0.005,0.06));
#4275=CARTESIAN_POINT('',(0.417,0.005,-0.048));
#4276=CARTESIAN_POINT('',(0.417,0.085,-0.048));
#4277=CARTESIAN_POINT('',(0.417,0.,-0.048));
#4278=CARTESIAN_POINT('',(0.417,0.,0.06));
#4279=CARTESIAN_POINT('',(0.417,0.,-0.06));
#4280=CARTESIAN_POINT('',(0.417,0.085,-0.06));
#4281=CARTESIAN_POINT('',(0.417,0.085,-0.06));
#4282=CARTESIAN_POINT('',(0.417,0.085,0.06));
#4283=CARTESIAN_POINT('',(0.417,0.085,0.06));
#4284=CARTESIAN_POINT('',(0.417,0.085,0.06));
#4285=CARTESIAN_POINT('',(0.417,0.,0.06));
#4286=CARTESIAN_POINT('',(0.417,0.,0.06));
#4287=CARTESIAN_POINT('',(0.,0.,0.));
#4288=CARTESIAN_POINT('',(0.,0.,0.048));
#4289=CARTESIAN_POINT('',(0.,0.,0.06));
#4290=CARTESIAN_POINT('',(0.,0.,0.));
#4291=CARTESIAN_POINT('',(0.,0.,-0.048));
#4292=CARTESIAN_POINT('',(0.417,0.,-0.06));
#4293=CARTESIAN_POINT('',(0.417,0.085,-0.06));
#4294=CARTESIAN_POINT('',(0.417,0.085,-0.06));
#4295=CARTESIAN_POINT('',(0.,0.085,0.06));
#4296=CARTESIAN_POINT('',(0.,0.085,0.06));
#4297=CARTESIAN_POINT('',(0.,0.085,0.));
#4298=CARTESIAN_POINT('',(0.467,0.005,-0.048));
#4299=CARTESIAN_POINT('',(0.467,0.005,0.048));
#4300=CARTESIAN_POINT('',(0.467,0.005,-0.048));
#4301=CARTESIAN_POINT('',(0.467,0.005,0.048));
#4302=CARTESIAN_POINT('',(0.467,-0.005,-0.048));
#4303=CARTESIAN_POINT('',(-0.2085,0.,0.));
#4304=CARTESIAN_POINT('',(0.366,0.,0.045));
#4305=CARTESIAN_POINT('',(0.35,0.,0.045));
#4306=CARTESIAN_POINT('',(0.35,0.,0.085));
#4307=CARTESIAN_POINT('',(0.35,3.20138436757531E-18,0.045));
#4308=CARTESIAN_POINT('',(0.366,0.,0.085));
#4309=CARTESIAN_POINT('',(0.366,0.,0.085));
#4310=CARTESIAN_POINT('',(0.366,0.,0.045));
#4311=CARTESIAN_POINT('',(0.366,3.20138436757531E-18,0.045));
#4312=CARTESIAN_POINT('',(0.366,3.20138436757531E-18,0.045));
#4313=CARTESIAN_POINT('',(0.366,0.,0.045));
#4314=CARTESIAN_POINT('',(0.316,0.,0.045));
#4315=CARTESIAN_POINT('',(0.316,3.20138436757531E-18,0.045));
#4316=CARTESIAN_POINT('',(0.316,0.,0.0849999999999999));
#4317=CARTESIAN_POINT('',(0.366,3.20138436757531E-18,0.045));
#4318=CARTESIAN_POINT('',(0.3,3.20138436757531E-18,0.045));
#4319=CARTESIAN_POINT('',(0.3,0.,0.045));
#4320=CARTESIAN_POINT('',(0.3,0.,0.0849999999999999));
#4321=CARTESIAN_POINT('',(0.366,0.,0.085));
#4322=CARTESIAN_POINT('',(0.366,0.,0.045));
#4323=CARTESIAN_POINT('',(0.266,0.,0.045));
#4324=CARTESIAN_POINT('',(0.266,3.20138436757531E-18,0.045));
#4325=CARTESIAN_POINT('',(0.266,0.,0.085));
#4326=CARTESIAN_POINT('',(0.366,3.20138436757531E-18,0.045));
#4327=CARTESIAN_POINT('',(0.25,3.20138436757531E-18,0.045));
#4328=CARTESIAN_POINT('',(0.25,0.,0.045));
#4329=CARTESIAN_POINT('',(0.25,0.,0.085));
#4330=CARTESIAN_POINT('',(0.366,0.,0.085));
#4331=CARTESIAN_POINT('',(0.366,0.,0.045));
#4332=CARTESIAN_POINT('',(0.216,0.,0.045));
#4333=CARTESIAN_POINT('',(0.216,3.20138436757531E-18,0.045));
#4334=CARTESIAN_POINT('',(0.216,0.,0.085));
#4335=CARTESIAN_POINT('',(0.366,3.20138436757531E-18,0.045));
#4336=CARTESIAN_POINT('',(0.2,3.20138436757531E-18,0.045));
#4337=CARTESIAN_POINT('',(0.2,0.,0.045));
#4338=CARTESIAN_POINT('',(0.2,0.,0.085));
#4339=CARTESIAN_POINT('',(0.366,0.,0.085));
#4340=CARTESIAN_POINT('',(0.366,0.,0.045));
#4341=CARTESIAN_POINT('',(0.166,0.,0.045));
#4342=CARTESIAN_POINT('',(0.166,3.20138436757531E-18,0.045));
#4343=CARTESIAN_POINT('',(0.166,0.,0.085));
#4344=CARTESIAN_POINT('',(0.366,3.20138436757531E-18,0.045));
#4345=CARTESIAN_POINT('',(0.15,3.20138436757531E-18,0.045));
#4346=CARTESIAN_POINT('',(0.15,0.,0.045));
#4347=CARTESIAN_POINT('',(0.15,0.,0.085));
#4348=CARTESIAN_POINT('',(0.366,0.,0.085));
#4349=CARTESIAN_POINT('',(0.366,0.,0.045));
#4350=CARTESIAN_POINT('',(0.116,0.,0.045));
#4351=CARTESIAN_POINT('',(0.116,3.20138436757531E-18,0.045));
#4352=CARTESIAN_POINT('',(0.116,0.,0.085));
#4353=CARTESIAN_POINT('',(0.366,3.20138436757531E-18,0.045));
#4354=CARTESIAN_POINT('',(0.1,3.20138436757531E-18,0.045));
#4355=CARTESIAN_POINT('',(0.1,0.,0.045));
#4356=CARTESIAN_POINT('',(0.1,0.,0.085));
#4357=CARTESIAN_POINT('',(0.366,0.,0.085));
#4358=CARTESIAN_POINT('',(0.366,0.,0.045));
#4359=CARTESIAN_POINT('',(0.066,0.,0.045));
#4360=CARTESIAN_POINT('',(0.066,3.20138436757531E-18,0.045));
#4361=CARTESIAN_POINT('',(0.066,0.,0.085));
#4362=CARTESIAN_POINT('',(0.366,3.20138436757531E-18,0.045));
#4363=CARTESIAN_POINT('',(0.05,3.20138436757531E-18,0.045));
#4364=CARTESIAN_POINT('',(0.05,0.,0.045));
#4365=CARTESIAN_POINT('',(0.05,0.,0.085));
#4366=CARTESIAN_POINT('',(0.366,0.,0.085));
#4367=CARTESIAN_POINT('',(0.366,0.,0.045));
#4368=CARTESIAN_POINT('',(0.016,0.,0.045));
#4369=CARTESIAN_POINT('',(0.016,3.20138436757531E-18,0.045));
#4370=CARTESIAN_POINT('',(0.016,0.,0.085));
#4371=CARTESIAN_POINT('',(0.366,3.20138436757531E-18,0.045));
#4372=CARTESIAN_POINT('',(0.,3.20138436757531E-18,0.045));
#4373=CARTESIAN_POINT('',(0.,0.,0.045));
#4374=CARTESIAN_POINT('',(0.,0.,0.085));
#4375=CARTESIAN_POINT('',(0.366,0.,0.085));
#4376=CARTESIAN_POINT('',(0.366,0.,0.085));
#4377=CARTESIAN_POINT('',(0.35,0.,0.085));
#4378=CARTESIAN_POINT('',(0.35,-0.005,0.085));
#4379=CARTESIAN_POINT('',(0.366,-0.005,0.085));
#4380=CARTESIAN_POINT('',(0.366,-0.005,0.085));
#4381=CARTESIAN_POINT('',(0.366,0.,0.085));
#4382=CARTESIAN_POINT('',(0.366,0.,0.085));
#4383=CARTESIAN_POINT('',(0.316,0.006,0.0849999999999999));
#4384=CARTESIAN_POINT('',(0.316,-0.005,0.0849999999999999));
#4385=CARTESIAN_POINT('',(0.3,0.006,0.0849999999999999));
#4386=CARTESIAN_POINT('',(0.3,-0.005,0.0849999999999999));
#4387=CARTESIAN_POINT('',(0.366,-0.005,0.085));
#4388=CARTESIAN_POINT('',(0.366,0.,0.085));
#4389=CARTESIAN_POINT('',(0.266,0.006,0.085));
#4390=CARTESIAN_POINT('',(0.266,-0.005,0.085));
#4391=CARTESIAN_POINT('',(0.25,0.006,0.085));
#4392=CARTESIAN_POINT('',(0.25,-0.005,0.085));
#4393=CARTESIAN_POINT('',(0.366,-0.005,0.085));
#4394=CARTESIAN_POINT('',(0.366,0.,0.085));
#4395=CARTESIAN_POINT('',(0.216,0.006,0.085));
#4396=CARTESIAN_POINT('',(0.216,-0.005,0.085));
#4397=CARTESIAN_POINT('',(0.2,0.006,0.085));
#4398=CARTESIAN_POINT('',(0.2,-0.005,0.085));
#4399=CARTESIAN_POINT('',(0.366,-0.005,0.085));
#4400=CARTESIAN_POINT('',(0.366,0.,0.085));
#4401=CARTESIAN_POINT('',(0.166,0.006,0.085));
#4402=CARTESIAN_POINT('',(0.166,-0.005,0.085));
#4403=CARTESIAN_POINT('',(0.15,0.006,0.085));
#4404=CARTESIAN_POINT('',(0.15,-0.005,0.085));
#4405=CARTESIAN_POINT('',(0.366,-0.005,0.085));
#4406=CARTESIAN_POINT('',(0.366,0.,0.085));
#4407=CARTESIAN_POINT('',(0.116,0.006,0.085));
#4408=CARTESIAN_POINT('',(0.116,-0.005,0.085));
#4409=CARTESIAN_POINT('',(0.1,0.006,0.085));
#4410=CARTESIAN_POINT('',(0.1,-0.005,0.085));
#4411=CARTESIAN_POINT('',(0.366,-0.005,0.085));
#4412=CARTESIAN_POINT('',(0.366,0.,0.085));
#4413=CARTESIAN_POINT('',(0.066,0.006,0.085));
#4414=CARTESIAN_POINT('',(0.066,-0.005,0.085));
#4415=CARTESIAN_POINT('',(0.05,0.006,0.085));
#4416=CARTESIAN_POINT('',(0.05,-0.005,0.085));
#4417=CARTESIAN_POINT('',(0.366,-0.005,0.085));
#4418=CARTESIAN_POINT('',(0.366,0.,0.085));
#4419=CARTESIAN_POINT('',(0.016,0.006,0.085));
#4420=CARTESIAN_POINT('',(0.016,-0.005,0.085));
#4421=CARTESIAN_POINT('',(0.,0.,0.085));
#4422=CARTESIAN_POINT('',(0.,-0.005,0.085));
#4423=CARTESIAN_POINT('',(0.366,-0.005,0.085));
#4424=CARTESIAN_POINT('',(0.366,-0.005,0.085));
#4425=CARTESIAN_POINT('',(0.35,-0.005,0.085));
#4426=CARTESIAN_POINT('',(0.35,-0.005,0.045));
#4427=CARTESIAN_POINT('',(0.366,-0.005,0.045));
#4428=CARTESIAN_POINT('',(0.366,-0.005,0.045));
#4429=CARTESIAN_POINT('',(0.366,-0.005,0.085));
#4430=CARTESIAN_POINT('',(0.366,-0.005,0.085));
#4431=CARTESIAN_POINT('',(0.316,-0.005,0.085));
#4432=CARTESIAN_POINT('',(0.316,-0.005,0.045));
#4433=CARTESIAN_POINT('',(0.3,-0.005,0.085));
#4434=CARTESIAN_POINT('',(0.3,-0.005,0.045));
#4435=CARTESIAN_POINT('',(0.366,-0.005,0.045));
#4436=CARTESIAN_POINT('',(0.366,-0.005,0.085));
#4437=CARTESIAN_POINT('',(0.266,-0.005,0.085));
#4438=CARTESIAN_POINT('',(0.266,-0.005,0.045));
#4439=CARTESIAN_POINT('',(0.25,-0.005,0.085));
#4440=CARTESIAN_POINT('',(0.25,-0.005,0.045));
#4441=CARTESIAN_POINT('',(0.366,-0.005,0.045));
#4442=CARTESIAN_POINT('',(0.366,-0.005,0.085));
#4443=CARTESIAN_POINT('',(0.216,-0.005,0.085));
#4444=CARTESIAN_POINT('',(0.216,-0.005,0.045));
#4445=CARTESIAN_POINT('',(0.2,-0.005,0.085));
#4446=CARTESIAN_POINT('',(0.2,-0.005,0.045));
#4447=CARTESIAN_POINT('',(0.366,-0.005,0.045));
#4448=CARTESIAN_POINT('',(0.366,-0.005,0.085));
#4449=CARTESIAN_POINT('',(0.166,-0.005,0.085));
#4450=CARTESIAN_POINT('',(0.166,-0.005,0.045));
#4451=CARTESIAN_POINT('',(0.15,-0.005,0.085));
#4452=CARTESIAN_POINT('',(0.15,-0.005,0.045));
#4453=CARTESIAN_POINT('',(0.366,-0.005,0.045));
#4454=CARTESIAN_POINT('',(0.366,-0.005,0.085));
#4455=CARTESIAN_POINT('',(0.116,-0.005,0.085));
#4456=CARTESIAN_POINT('',(0.116,-0.005,0.045));
#4457=CARTESIAN_POINT('',(0.1,-0.005,0.085));
#4458=CARTESIAN_POINT('',(0.1,-0.005,0.045));
#4459=CARTESIAN_POINT('',(0.366,-0.005,0.045));
#4460=CARTESIAN_POINT('',(0.366,-0.005,0.085));
#4461=CARTESIAN_POINT('',(0.066,-0.005,0.085));
#4462=CARTESIAN_POINT('',(0.066,-0.005,0.045));
#4463=CARTESIAN_POINT('',(0.05,-0.005,0.085));
#4464=CARTESIAN_POINT('',(0.05,-0.005,0.045));
#4465=CARTESIAN_POINT('',(0.366,-0.005,0.045));
#4466=CARTESIAN_POINT('',(0.366,-0.005,0.085));
#4467=CARTESIAN_POINT('',(0.016,-0.005,0.085));
#4468=CARTESIAN_POINT('',(0.016,-0.005,0.045));
#4469=CARTESIAN_POINT('',(0.,-0.005,0.085));
#4470=CARTESIAN_POINT('',(0.,-0.005,0.045));
#4471=CARTESIAN_POINT('',(0.366,-0.005,0.045));
#4472=CARTESIAN_POINT('',(0.366,0.005,0.045));
#4473=CARTESIAN_POINT('',(0.35,0.005,0.045));
#4474=CARTESIAN_POINT('',(0.35,0.005,0.035));
#4475=CARTESIAN_POINT('',(0.366,0.005,0.035));
#4476=CARTESIAN_POINT('',(0.366,0.005,0.035));
#4477=CARTESIAN_POINT('',(0.366,0.005,0.045));
#4478=CARTESIAN_POINT('',(0.366,0.005,0.045));
#4479=CARTESIAN_POINT('',(0.316,0.005,0.045));
#4480=CARTESIAN_POINT('',(0.316,0.005,0.035));
#4481=CARTESIAN_POINT('',(0.3,0.005,0.045));
#4482=CARTESIAN_POINT('',(0.3,0.005,0.035));
#4483=CARTESIAN_POINT('',(0.366,0.005,0.035));
#4484=CARTESIAN_POINT('',(0.366,0.005,0.045));
#4485=CARTESIAN_POINT('',(0.266,0.005,0.045));
#4486=CARTESIAN_POINT('',(0.266,0.005,0.035));
#4487=CARTESIAN_POINT('',(0.25,0.005,0.045));
#4488=CARTESIAN_POINT('',(0.25,0.005,0.035));
#4489=CARTESIAN_POINT('',(0.366,0.005,0.035));
#4490=CARTESIAN_POINT('',(0.366,0.005,0.045));
#4491=CARTESIAN_POINT('',(0.216,0.005,0.045));
#4492=CARTESIAN_POINT('',(0.216,0.005,0.035));
#4493=CARTESIAN_POINT('',(0.2,0.005,0.045));
#4494=CARTESIAN_POINT('',(0.2,0.005,0.035));
#4495=CARTESIAN_POINT('',(0.366,0.005,0.035));
#4496=CARTESIAN_POINT('',(0.366,0.005,0.045));
#4497=CARTESIAN_POINT('',(0.166,0.005,0.045));
#4498=CARTESIAN_POINT('',(0.166,0.005,0.035));
#4499=CARTESIAN_POINT('',(0.15,0.005,0.045));
#4500=CARTESIAN_POINT('',(0.15,0.005,0.035));
#4501=CARTESIAN_POINT('',(0.366,0.005,0.035));
#4502=CARTESIAN_POINT('',(0.366,0.005,0.045));
#4503=CARTESIAN_POINT('',(0.116,0.005,0.045));
#4504=CARTESIAN_POINT('',(0.116,0.005,0.035));
#4505=CARTESIAN_POINT('',(0.1,0.005,0.045));
#4506=CARTESIAN_POINT('',(0.1,0.005,0.035));
#4507=CARTESIAN_POINT('',(0.366,0.005,0.035));
#4508=CARTESIAN_POINT('',(0.366,0.005,0.045));
#4509=CARTESIAN_POINT('',(0.066,0.005,0.045));
#4510=CARTESIAN_POINT('',(0.066,0.005,0.035));
#4511=CARTESIAN_POINT('',(0.05,0.005,0.045));
#4512=CARTESIAN_POINT('',(0.05,0.005,0.035));
#4513=CARTESIAN_POINT('',(0.366,0.005,0.035));
#4514=CARTESIAN_POINT('',(0.366,0.005,0.045));
#4515=CARTESIAN_POINT('',(0.016,0.005,0.045));
#4516=CARTESIAN_POINT('',(0.016,0.005,0.035));
#4517=CARTESIAN_POINT('',(0.,0.005,0.045));
#4518=CARTESIAN_POINT('',(0.,0.005,0.035));
#4519=CARTESIAN_POINT('',(0.366,0.005,0.035));
#4520=CARTESIAN_POINT('',(0.366,0.005,0.035));
#4521=CARTESIAN_POINT('',(0.35,0.005,0.035));
#4522=CARTESIAN_POINT('',(0.35,0.006,0.035));
#4523=CARTESIAN_POINT('',(0.366,0.006,0.035));
#4524=CARTESIAN_POINT('',(0.316,0.006,0.035));
#4525=CARTESIAN_POINT('',(0.316,0.005,0.035));
#4526=CARTESIAN_POINT('',(0.3,0.005,0.035));
#4527=CARTESIAN_POINT('',(0.3,0.006,0.035));
#4528=CARTESIAN_POINT('',(0.366,0.006,0.035));
#4529=CARTESIAN_POINT('',(0.266,0.006,0.035));
#4530=CARTESIAN_POINT('',(0.266,0.005,0.035));
#4531=CARTESIAN_POINT('',(0.25,0.005,0.035));
#4532=CARTESIAN_POINT('',(0.25,0.006,0.035));
#4533=CARTESIAN_POINT('',(0.366,0.006,0.035));
#4534=CARTESIAN_POINT('',(0.216,0.006,0.035));
#4535=CARTESIAN_POINT('',(0.216,0.005,0.035));
#4536=CARTESIAN_POINT('',(0.2,0.005,0.035));
#4537=CARTESIAN_POINT('',(0.2,0.006,0.035));
#4538=CARTESIAN_POINT('',(0.366,0.006,0.035));
#4539=CARTESIAN_POINT('',(0.166,0.006,0.035));
#4540=CARTESIAN_POINT('',(0.166,0.005,0.035));
#4541=CARTESIAN_POINT('',(0.15,0.005,0.035));
#4542=CARTESIAN_POINT('',(0.15,0.006,0.035));
#4543=CARTESIAN_POINT('',(0.366,0.006,0.035));
#4544=CARTESIAN_POINT('',(0.116,0.006,0.035));
#4545=CARTESIAN_POINT('',(0.116,0.005,0.035));
#4546=CARTESIAN_POINT('',(0.1,0.005,0.035));
#4547=CARTESIAN_POINT('',(0.1,0.006,0.035));
#4548=CARTESIAN_POINT('',(0.366,0.006,0.035));
#4549=CARTESIAN_POINT('',(0.066,0.006,0.035));
#4550=CARTESIAN_POINT('',(0.066,0.005,0.035));
#4551=CARTESIAN_POINT('',(0.05,0.005,0.035));
#4552=CARTESIAN_POINT('',(0.05,0.006,0.035));
#4553=CARTESIAN_POINT('',(0.366,0.006,0.035));
#4554=CARTESIAN_POINT('',(0.016,0.006,0.035));
#4555=CARTESIAN_POINT('',(0.016,0.005,0.035));
#4556=CARTESIAN_POINT('',(0.,0.005,0.035));
#4557=CARTESIAN_POINT('',(0.,0.015,0.035));
#4558=CARTESIAN_POINT('',(0.366,0.015,0.035));
#4559=CARTESIAN_POINT('',(0.366,0.015,0.035));
#4560=CARTESIAN_POINT('',(0.366,0.005,0.035));
#4561=CARTESIAN_POINT('',(0.366,0.015,0.04));
#4562=CARTESIAN_POINT('',(0.05,0.015,0.04));
#4563=CARTESIAN_POINT('',(0.05,0.005,0.04));
#4564=CARTESIAN_POINT('',(0.05,0.006,0.04));
#4565=CARTESIAN_POINT('',(0.366,0.005,0.04));
#4566=CARTESIAN_POINT('',(0.066,0.005,0.04));
#4567=CARTESIAN_POINT('',(0.066,0.015,0.04));
#4568=CARTESIAN_POINT('',(0.066,0.006,0.04));
#4569=CARTESIAN_POINT('',(0.366,0.006,0.04));
#4570=CARTESIAN_POINT('',(0.1,0.006,0.04));
#4571=CARTESIAN_POINT('',(0.1,0.015,0.04));
#4572=CARTESIAN_POINT('',(0.1,0.005,0.04));
#4573=CARTESIAN_POINT('',(0.366,0.005,0.04));
#4574=CARTESIAN_POINT('',(0.116,0.005,0.04));
#4575=CARTESIAN_POINT('',(0.116,0.015,0.04));
#4576=CARTESIAN_POINT('',(0.116,0.006,0.04));
#4577=CARTESIAN_POINT('',(0.366,0.006,0.04));
#4578=CARTESIAN_POINT('',(0.15,0.006,0.04));
#4579=CARTESIAN_POINT('',(0.15,0.015,0.04));
#4580=CARTESIAN_POINT('',(0.15,0.005,0.04));
#4581=CARTESIAN_POINT('',(0.366,0.005,0.04));
#4582=CARTESIAN_POINT('',(0.166,0.005,0.04));
#4583=CARTESIAN_POINT('',(0.166,0.015,0.04));
#4584=CARTESIAN_POINT('',(0.166,0.006,0.04));
#4585=CARTESIAN_POINT('',(0.366,0.006,0.04));
#4586=CARTESIAN_POINT('',(0.2,0.006,0.04));
#4587=CARTESIAN_POINT('',(0.2,0.015,0.04));
#4588=CARTESIAN_POINT('',(0.2,0.005,0.04));
#4589=CARTESIAN_POINT('',(0.366,0.005,0.04));
#4590=CARTESIAN_POINT('',(0.216,0.005,0.04));
#4591=CARTESIAN_POINT('',(0.216,0.015,0.04));
#4592=CARTESIAN_POINT('',(0.216,0.006,0.04));
#4593=CARTESIAN_POINT('',(0.366,0.006,0.04));
#4594=CARTESIAN_POINT('',(0.25,0.006,0.04));
#4595=CARTESIAN_POINT('',(0.25,0.015,0.04));
#4596=CARTESIAN_POINT('',(0.25,0.005,0.04));
#4597=CARTESIAN_POINT('',(0.366,0.005,0.04));
#4598=CARTESIAN_POINT('',(0.266,0.005,0.04));
#4599=CARTESIAN_POINT('',(0.266,0.015,0.04));
#4600=CARTESIAN_POINT('',(0.266,0.006,0.04));
#4601=CARTESIAN_POINT('',(0.366,0.006,0.04));
#4602=CARTESIAN_POINT('',(0.3,0.006,0.04));
#4603=CARTESIAN_POINT('',(0.3,0.015,0.04));
#4604=CARTESIAN_POINT('',(0.3,0.005,0.04));
#4605=CARTESIAN_POINT('',(0.366,0.005,0.04));
#4606=CARTESIAN_POINT('',(0.316,0.005,0.04));
#4607=CARTESIAN_POINT('',(0.316,0.015,0.04));
#4608=CARTESIAN_POINT('',(0.316,0.006,0.04));
#4609=CARTESIAN_POINT('',(0.366,0.006,0.04));
#4610=CARTESIAN_POINT('',(0.35,0.006,0.04));
#4611=CARTESIAN_POINT('',(0.35,0.015,0.04));
#4612=CARTESIAN_POINT('',(0.35,0.005,0.04));
#4613=CARTESIAN_POINT('',(0.366,0.005,0.04));
#4614=CARTESIAN_POINT('',(0.366,0.005,0.04));
#4615=CARTESIAN_POINT('',(0.366,0.015,0.04));
#4616=CARTESIAN_POINT('',(0.366,0.015,0.04));
#4617=CARTESIAN_POINT('',(0.366,0.015,0.04));
#4618=CARTESIAN_POINT('',(0.,0.015,0.04));
#4619=CARTESIAN_POINT('',(0.,0.015,0.04));
#4620=CARTESIAN_POINT('',(0.,0.005,0.04));
#4621=CARTESIAN_POINT('',(0.366,0.005,0.04));
#4622=CARTESIAN_POINT('',(0.016,0.005,0.04));
#4623=CARTESIAN_POINT('',(0.016,0.015,0.04));
#4624=CARTESIAN_POINT('',(0.016,0.006,0.04));
#4625=CARTESIAN_POINT('',(0.366,0.006,0.04));
#4626=CARTESIAN_POINT('',(0.366,0.005,0.045));
#4627=CARTESIAN_POINT('',(0.35,0.005,0.045));
#4628=CARTESIAN_POINT('',(0.366,0.005,0.045));
#4629=CARTESIAN_POINT('',(0.366,0.005,0.045));
#4630=CARTESIAN_POINT('',(0.316,0.005,0.045));
#4631=CARTESIAN_POINT('',(0.3,0.005,0.045));
#4632=CARTESIAN_POINT('',(0.366,0.005,0.045));
#4633=CARTESIAN_POINT('',(0.266,0.005,0.045));
#4634=CARTESIAN_POINT('',(0.25,0.005,0.045));
#4635=CARTESIAN_POINT('',(0.366,0.005,0.045));
#4636=CARTESIAN_POINT('',(0.216,0.005,0.045));
#4637=CARTESIAN_POINT('',(0.2,0.005,0.045));
#4638=CARTESIAN_POINT('',(0.366,0.005,0.045));
#4639=CARTESIAN_POINT('',(0.166,0.005,0.045));
#4640=CARTESIAN_POINT('',(0.15,0.005,0.045));
#4641=CARTESIAN_POINT('',(0.366,0.005,0.045));
#4642=CARTESIAN_POINT('',(0.116,0.005,0.045));
#4643=CARTESIAN_POINT('',(0.1,0.005,0.045));
#4644=CARTESIAN_POINT('',(0.366,0.005,0.045));
#4645=CARTESIAN_POINT('',(0.066,0.005,0.045));
#4646=CARTESIAN_POINT('',(0.05,0.005,0.045));
#4647=CARTESIAN_POINT('',(0.366,0.005,0.045));
#4648=CARTESIAN_POINT('',(0.016,0.005,0.045));
#4649=CARTESIAN_POINT('',(0.,0.005,0.045));
#4650=CARTESIAN_POINT('',(0.366,0.015,0.035));
#4651=CARTESIAN_POINT('',(0.,0.015,0.035));
#4652=CARTESIAN_POINT('',(0.366,0.015,0.035));
#4653=CARTESIAN_POINT('',(0.366,0.005,0.045));
#4654=CARTESIAN_POINT('',(0.,0.005,0.045));
#4655=CARTESIAN_POINT('',(0.016,0.006,0.015));
#4656=CARTESIAN_POINT('',(0.016,0.006,0.015));
#4657=CARTESIAN_POINT('',(0.05,0.006,0.085));
#4658=CARTESIAN_POINT('',(0.05,0.006,0.085));
#4659=CARTESIAN_POINT('',(0.,0.006,0.));
#4660=CARTESIAN_POINT('',(0.066,0.006,0.015));
#4661=CARTESIAN_POINT('',(0.066,0.006,0.015));
#4662=CARTESIAN_POINT('',(0.1,0.006,0.085));
#4663=CARTESIAN_POINT('',(0.1,0.006,0.085));
#4664=CARTESIAN_POINT('',(0.,0.006,0.));
#4665=CARTESIAN_POINT('',(0.116,0.006,0.015));
#4666=CARTESIAN_POINT('',(0.116,0.006,0.015));
#4667=CARTESIAN_POINT('',(0.15,0.006,0.085));
#4668=CARTESIAN_POINT('',(0.15,0.006,0.085));
#4669=CARTESIAN_POINT('',(0.,0.006,0.));
#4670=CARTESIAN_POINT('',(0.166,0.006,0.015));
#4671=CARTESIAN_POINT('',(0.166,0.006,0.015));
#4672=CARTESIAN_POINT('',(0.2,0.006,0.085));
#4673=CARTESIAN_POINT('',(0.2,0.006,0.085));
#4674=CARTESIAN_POINT('',(0.,0.006,0.));
#4675=CARTESIAN_POINT('',(0.216,0.006,0.015));
#4676=CARTESIAN_POINT('',(0.216,0.006,0.015));
#4677=CARTESIAN_POINT('',(0.25,0.006,0.085));
#4678=CARTESIAN_POINT('',(0.25,0.006,0.085));
#4679=CARTESIAN_POINT('',(0.,0.006,0.));
#4680=CARTESIAN_POINT('',(0.266,0.006,0.015));
#4681=CARTESIAN_POINT('',(0.266,0.006,0.015));
#4682=CARTESIAN_POINT('',(0.3,0.006,0.0849999999999999));
#4683=CARTESIAN_POINT('',(0.3,0.006,0.0849999999999999));
#4684=CARTESIAN_POINT('',(0.,0.006,0.));
#4685=CARTESIAN_POINT('',(0.35,0.006,0.095));
#4686=CARTESIAN_POINT('',(0.35,0.006,0.095));
#4687=CARTESIAN_POINT('',(0.316,0.006,0.015));
#4688=CARTESIAN_POINT('',(0.316,0.006,0.015));
#4689=CARTESIAN_POINT('',(0.,0.006,0.));
#4690=CARTESIAN_POINT('',(-0.183,0.,0.));
#4691=CARTESIAN_POINT('',(0.183,0.,2.24110364243966E-17));
#4692=MECHANICAL_DESIGN_GEOMETRIC_PRESENTATION_REPRESENTATION('',(#2940,
#2941),#4693);
#4693=(
GEOMETRIC_REPRESENTATION_CONTEXT(3)
GLOBAL_UNCERTAINTY_ASSIGNED_CONTEXT((#4696))
GLOBAL_UNIT_ASSIGNED_CONTEXT((#4701,#4700,#4699))
REPRESENTATION_CONTEXT('CLP-108-02-F-D','TOP_LEVEL_ASSEMBLY_PART')
);
#4694=(
GEOMETRIC_REPRESENTATION_CONTEXT(3)
GLOBAL_UNCERTAINTY_ASSIGNED_CONTEXT((#4697))
GLOBAL_UNIT_ASSIGNED_CONTEXT((#4701,#4700,#4699))
REPRESENTATION_CONTEXT('CLP-108-2-F-DTRM','COMPONENT_PART')
);
#4695=(
GEOMETRIC_REPRESENTATION_CONTEXT(3)
GLOBAL_UNCERTAINTY_ASSIGNED_CONTEXT((#4698))
GLOBAL_UNIT_ASSIGNED_CONTEXT((#4701,#4700,#4699))
REPRESENTATION_CONTEXT('C-106-22-1-F-08_Pin','COMPONENT_PART')
);
#4696=UNCERTAINTY_MEASURE_WITH_UNIT(LENGTH_MEASURE(3.93700787401575E-7),
#4701,'DISTANCE_ACCURACY_VALUE','Maximum Tolerance applied to model');
#4697=UNCERTAINTY_MEASURE_WITH_UNIT(LENGTH_MEASURE(3.93700787401575E-7),
#4701,'DISTANCE_ACCURACY_VALUE','Maximum Tolerance applied to model');
#4698=UNCERTAINTY_MEASURE_WITH_UNIT(LENGTH_MEASURE(3.93700787401575E-7),
#4701,'DISTANCE_ACCURACY_VALUE','Maximum Tolerance applied to model');
#4699=(
NAMED_UNIT(*)
SI_UNIT($,.STERADIAN.)
SOLID_ANGLE_UNIT()
);
#4700=(
NAMED_UNIT(*)
PLANE_ANGLE_UNIT()
SI_UNIT($,.RADIAN.)
);
#4701=(
CONVERSION_BASED_UNIT('INCH',#4703)
LENGTH_UNIT()
NAMED_UNIT(#4702)
);
#4702=DIMENSIONAL_EXPONENTS(1.,0.,0.,0.,0.,0.,0.);
#4703=LENGTH_MEASURE_WITH_UNIT(LENGTH_MEASURE(25.4),#4704);
#4704=(
LENGTH_UNIT()
NAMED_UNIT(*)
SI_UNIT(.MILLI.,.METRE.)
);
#4705=PRODUCT_DEFINITION_SHAPE('','',#4711);
#4706=PRODUCT_DEFINITION_SHAPE('','',#4712);
#4707=PRODUCT_DEFINITION_SHAPE(' ','NAUO PRDDFN',#69);
#4708=PRODUCT_DEFINITION_SHAPE('','',#4713);
#4709=PRODUCT_DEFINITION_SHAPE(' ','NAUO PRDDFN',#70);
#4710=PRODUCT_DEFINITION_SHAPE(' ','NAUO PRDDFN',#71);
#4711=PRODUCT_DEFINITION('','',#4717,#4714);
#4712=PRODUCT_DEFINITION('','',#4718,#4715);
#4713=PRODUCT_DEFINITION('','',#4719,#4716);
#4714=PRODUCT_DEFINITION_CONTEXT('',#4733,'design');
#4715=PRODUCT_DEFINITION_CONTEXT('',#4733,'design');
#4716=PRODUCT_DEFINITION_CONTEXT('',#4733,'design');
#4717=PRODUCT_DEFINITION_FORMATION_WITH_SPECIFIED_SOURCE('','',#4723,
 .NOT_KNOWN.);
#4718=PRODUCT_DEFINITION_FORMATION_WITH_SPECIFIED_SOURCE('','',#4724,
 .NOT_KNOWN.);
#4719=PRODUCT_DEFINITION_FORMATION_WITH_SPECIFIED_SOURCE('','',#4725,
 .NOT_KNOWN.);
#4720=PRODUCT_RELATED_PRODUCT_CATEGORY('','',(#4723));
#4721=PRODUCT_RELATED_PRODUCT_CATEGORY('','',(#4724));
#4722=PRODUCT_RELATED_PRODUCT_CATEGORY('','',(#4725));
#4723=PRODUCT('CLP-108-02-F-D','CLP-108-02-F-D','CLP-108-02-F-D',(#4729));
#4724=PRODUCT('CLP-108-2-F-DTRM','CLP-108-2-F-DTRM','CLP-108-2-F-DTRM',
(#4730));
#4725=PRODUCT('C-106-22-1-F-08_Pin','C-106-22-1-F-08_Pin',
'C-106-22-1-F-08_Pin',(#4731));
#4726=PRODUCT_CATEGORY('','');
#4727=PRODUCT_CATEGORY('','');
#4728=PRODUCT_CATEGORY('','');
#4729=PRODUCT_CONTEXT('',#4733,'mechanical');
#4730=PRODUCT_CONTEXT('',#4733,'mechanical');
#4731=PRODUCT_CONTEXT('',#4733,'mechanical');
#4732=APPLICATION_PROTOCOL_DEFINITION('international standard',
'automotive_design',2010,#4733);
#4733=APPLICATION_CONTEXT(
'core data for automotive mechanical design processes');
ENDSEC;
END-ISO-10303-21;
